ID de Producto,color_num,talla_num,semana_ano,es_campana,ventas_semana_pasada,cantidad_vendida
1,0,0,1,1,0.0,10
1,0,0,2,0,10.0,14
1,0,0,3,0,14.0,12
1,0,0,4,0,12.0,19
1,0,0,5,0,19.0,12
1,0,0,6,1,12.0,13
1,0,0,7,1,13.0,9
1,0,0,8,1,9.0,15
1,0,0,9,1,15.0,22
1,0,0,10,1,22.0,101
1,0,0,11,1,101.0,235
1,0,0,12,1,235.0,241
1,0,0,13,1,241.0,149
1,0,0,14,0,149.0,15
1,0,0,15,0,15.0,12
1,0,0,16,0,12.0,16
1,0,0,17,0,16.0,6
1,0,0,18,0,6.0,8
1,0,0,19,0,8.0,20
1,0,0,20,0,20.0,14
1,0,0,21,0,14.0,10
1,0,0,22,0,10.0,14
1,0,0,23,0,14.0,11
1,0,0,24,0,11.0,17
1,0,0,25,0,17.0,10
1,0,0,26,0,10.0,19
1,0,0,27,0,19.0,13
1,0,0,28,0,13.0,7
1,0,0,29,0,7.0,7
1,0,0,30,1,7.0,3
1,0,0,31,1,3.0,8
1,0,0,32,0,8.0,5
1,0,0,33,0,5.0,8
1,0,0,34,0,8.0,15
1,0,0,35,0,15.0,16
1,0,0,36,0,16.0,12
1,0,0,37,0,12.0,4
1,0,0,38,0,4.0,11
1,0,0,39,0,11.0,11
1,0,0,40,0,11.0,15
1,0,0,41,0,15.0,15
1,0,0,42,0,15.0,19
1,0,0,43,0,19.0,13
1,0,0,44,0,13.0,13
1,0,0,45,0,13.0,11
1,0,0,46,0,11.0,13
1,0,0,47,0,13.0,13
1,0,0,48,0,13.0,7
1,0,0,49,0,7.0,12
1,0,0,50,1,12.0,17
1,0,0,51,1,17.0,7
1,0,0,52,1,7.0,3
1,0,0,1,1,3.0,18
1,0,0,2,0,18.0,4
1,0,0,3,0,4.0,5
1,0,0,4,0,5.0,13
1,0,0,5,0,13.0,11
1,0,0,6,1,11.0,16
1,0,0,7,1,16.0,2
1,0,0,8,0,2.0,3
1,0,0,9,1,3.0,27
1,0,0,10,1,27.0,138
1,0,0,11,1,138.0,20
1,0,0,12,1,20.0,94
1,0,0,13,1,94.0,92
1,0,0,14,0,92.0,14
1,0,0,15,0,14.0,9
1,0,0,16,0,9.0,13
1,0,0,17,0,13.0,10
1,0,0,18,0,10.0,21
1,0,0,19,0,21.0,12
1,0,0,20,0,12.0,4
1,0,0,21,0,4.0,12
1,0,0,22,0,12.0,8
1,0,0,23,0,8.0,12
1,0,0,24,0,12.0,12
1,0,0,25,0,12.0,10
1,0,0,26,0,10.0,14
1,0,0,27,0,14.0,6
1,0,0,28,0,6.0,11
1,0,0,29,0,11.0,8
1,0,0,30,1,8.0,4
1,0,0,31,1,4.0,5
1,0,0,32,0,5.0,8
1,0,0,33,0,8.0,10
1,0,0,34,0,10.0,19
1,0,0,35,0,19.0,13
1,0,0,36,0,13.0,13
1,0,0,37,0,13.0,9
1,0,0,38,0,9.0,16
1,0,0,39,0,16.0,9
1,0,0,40,0,9.0,6
1,0,0,41,0,6.0,9
1,0,0,42,0,9.0,6
1,0,0,43,0,6.0,25
1,0,0,44,0,25.0,25
1,0,0,45,0,25.0,3
1,0,0,46,0,3.0,10
1,0,0,47,0,10.0,9
1,0,0,48,0,9.0,6
1,0,0,49,0,6.0,13
1,0,0,50,0,13.0,1
1,0,0,51,1,1.0,8
1,0,0,52,1,8.0,6
1,0,0,1,1,6.0,7
1,0,0,2,0,7.0,8
1,0,0,3,0,8.0,3
1,0,0,4,0,3.0,11
1,0,0,5,0,11.0,8
1,0,0,6,0,8.0,8
1,0,0,7,1,8.0,18
1,0,0,8,1,18.0,10
1,0,0,9,0,10.0,14
1,0,0,10,1,14.0,136
1,0,0,11,1,136.0,132
1,0,0,12,1,132.0,125
1,0,0,13,1,125.0,112
1,0,0,14,0,112.0,14
1,0,0,15,0,14.0,8
1,0,0,16,0,8.0,13
1,0,0,17,0,13.0,20
1,0,0,18,0,20.0,20
1,0,0,19,0,20.0,9
1,0,0,20,0,9.0,11
1,0,0,21,0,11.0,12
1,0,0,22,0,12.0,5
1,0,0,23,0,5.0,11
1,0,0,24,0,11.0,5
1,0,0,25,0,5.0,9
1,0,0,26,0,9.0,9
1,0,0,27,0,9.0,13
1,0,0,28,0,13.0,9
1,0,0,29,0,9.0,7
1,0,0,30,1,7.0,6
1,0,0,31,1,6.0,18
1,0,0,32,0,18.0,14
1,0,0,33,0,14.0,12
1,0,0,34,0,12.0,16
1,0,0,35,0,16.0,3
1,0,0,36,0,3.0,16
1,0,0,37,0,16.0,12
1,0,0,38,0,12.0,8
1,0,0,39,0,8.0,11
1,0,0,40,0,11.0,11
1,0,0,41,0,11.0,9
1,0,0,42,0,9.0,10
1,0,0,43,0,10.0,8
1,0,0,44,0,8.0,18
1,0,0,45,0,18.0,4
1,0,0,46,0,4.0,15
1,0,0,47,0,15.0,11
1,0,0,48,0,11.0,10
1,0,0,49,0,10.0,9
1,0,0,50,0,9.0,12
1,0,0,51,1,12.0,9
1,0,0,52,1,9.0,6
1,0,0,53,1,6.0,20
1,0,0,1,1,20.0,9
1,0,0,2,0,9.0,5
1,0,0,3,0,5.0,8
1,0,0,4,0,8.0,15
1,0,0,5,0,15.0,14
1,0,0,6,1,14.0,15
1,0,0,7,1,15.0,22
1,0,0,8,0,22.0,6
1,0,0,9,1,6.0,163
1,0,0,10,1,163.0,41
1,0,0,11,1,41.0,74
1,0,0,12,1,74.0,207
1,0,0,13,0,207.0,5
1,0,0,14,0,5.0,10
1,0,0,15,0,10.0,15
1,0,0,16,0,15.0,25
1,0,0,17,0,25.0,9
1,0,0,18,0,9.0,8
1,0,0,19,0,8.0,10
1,0,0,20,0,10.0,8
1,0,0,21,0,8.0,5
1,0,0,22,0,5.0,10
1,0,0,23,0,10.0,26
1,0,0,24,0,26.0,10
1,0,0,25,0,10.0,14
1,0,0,26,0,14.0,4
1,0,0,27,0,4.0,6
1,0,0,28,0,6.0,16
1,0,0,29,1,16.0,10
1,0,0,30,1,10.0,9
1,0,0,31,0,9.0,16
1,0,0,32,0,16.0,13
1,0,0,33,0,13.0,6
1,0,0,34,0,6.0,8
1,0,0,35,0,8.0,18
1,0,0,36,0,18.0,16
1,0,0,37,0,16.0,12
1,0,0,38,0,12.0,17
1,0,0,39,0,17.0,3
1,0,0,40,0,3.0,13
1,0,0,41,0,13.0,12
1,0,0,42,0,12.0,9
1,0,0,43,0,9.0,25
1,0,0,44,0,25.0,7
1,0,0,45,0,7.0,22
1,0,0,46,0,22.0,16
1,0,0,47,0,16.0,19
1,0,0,48,0,19.0,14
1,0,0,49,0,14.0,8
1,0,0,50,1,8.0,10
1,0,0,51,1,10.0,17
1,0,0,52,1,17.0,10
1,0,0,1,1,10.0,10
1,0,0,2,0,10.0,9
1,0,0,3,0,9.0,10
1,0,0,4,0,10.0,13
1,0,0,5,0,13.0,24
1,0,0,6,1,24.0,7
1,0,0,7,1,7.0,5
1,0,0,8,0,5.0,15
1,0,0,9,1,15.0,27
1,0,0,10,1,27.0,69
1,0,0,11,1,69.0,108
1,0,0,12,1,108.0,191
1,0,0,13,1,191.0,26
1,0,0,14,0,26.0,6
1,0,0,15,0,6.0,14
1,0,0,16,0,14.0,7
1,0,0,17,0,7.0,14
1,0,0,18,0,14.0,15
1,0,0,19,0,15.0,9
1,0,0,20,0,9.0,7
1,0,0,21,0,7.0,14
1,0,0,22,0,14.0,21
1,0,0,23,0,21.0,16
1,0,0,24,0,16.0,15
1,0,0,25,0,15.0,6
1,0,0,26,0,6.0,15
1,0,0,27,0,15.0,9
1,0,0,28,0,9.0,8
1,0,0,29,1,8.0,13
1,0,0,30,1,13.0,9
1,0,0,31,0,9.0,16
1,0,0,32,0,16.0,18
1,0,0,33,0,18.0,12
1,0,0,34,0,12.0,14
1,0,0,35,0,14.0,13
1,0,0,37,0,13.0,17
1,0,0,38,0,17.0,13
1,0,0,39,0,13.0,13
1,0,0,40,0,13.0,10
1,0,0,41,0,10.0,9
1,0,0,42,0,9.0,11
1,0,0,43,0,11.0,8
1,0,0,44,0,8.0,3
1,0,0,45,0,3.0,8
1,0,0,46,0,8.0,10
1,0,0,47,0,10.0,11
1,0,0,48,0,11.0,13
1,0,0,49,0,13.0,5
1,0,0,50,1,5.0,12
1,0,0,51,1,12.0,18
1,0,0,52,1,18.0,13
1,0,0,1,0,13.0,4
1,0,0,2,0,4.0,7
1,0,0,3,0,7.0,15
1,0,0,4,0,15.0,12
1,0,0,5,0,12.0,13
1,0,0,6,1,13.0,5
1,0,0,7,1,5.0,14
1,0,0,8,1,14.0,14
1,0,0,9,1,14.0,141
1,0,0,10,1,141.0,137
1,0,0,11,1,137.0,169
1,0,0,12,1,169.0,180
1,0,0,13,1,180.0,171
1,0,0,14,0,171.0,10
1,0,0,15,0,10.0,6
1,0,0,16,0,6.0,8
1,0,0,17,0,8.0,11
1,0,0,18,0,11.0,10
1,0,0,19,0,10.0,7
1,0,0,20,0,7.0,6
1,0,0,21,0,6.0,5
1,0,0,22,0,5.0,12
1,0,0,23,0,12.0,12
1,0,0,24,0,12.0,6
1,0,0,25,0,6.0,6
1,0,0,26,0,6.0,10
1,0,0,27,0,10.0,12
1,0,0,28,0,12.0,12
1,0,0,29,1,12.0,14
1,0,0,30,1,14.0,17
1,0,0,31,0,17.0,14
1,0,0,32,0,14.0,13
1,0,0,33,0,13.0,12
1,0,0,34,0,12.0,9
1,0,0,35,0,9.0,8
1,0,0,36,0,8.0,17
1,0,0,37,0,17.0,5
1,0,0,38,0,5.0,5
1,0,0,39,0,5.0,18
1,0,0,40,0,18.0,4
1,0,0,41,0,4.0,4
1,0,0,42,0,4.0,3
1,0,0,43,0,3.0,11
1,0,0,44,0,11.0,15
1,0,0,45,0,15.0,20
1,0,0,46,0,20.0,8
1,0,0,47,0,8.0,13
1,0,0,48,0,13.0,4
1,0,0,49,0,4.0,11
1,0,0,50,0,11.0,6
1,0,0,51,1,6.0,16
1,0,0,52,1,16.0,11
1,0,0,1,1,11.0,12
1,0,0,2,0,12.0,9
1,0,0,3,0,9.0,9
1,0,0,4,0,9.0,12
1,0,0,5,0,12.0,7
1,0,0,6,0,7.0,2
1,0,0,7,1,2.0,2
1,0,0,8,1,2.0,7
1,0,0,9,1,7.0,54
1,0,0,10,1,54.0,95
1,0,0,11,1,95.0,98
1,0,0,12,1,98.0,148
1,0,0,13,1,148.0,164
1,0,0,14,0,164.0,8
1,0,0,15,0,8.0,20
1,0,0,16,0,20.0,7
1,0,0,17,0,7.0,14
1,0,0,18,0,14.0,4
1,0,0,19,0,4.0,9
1,0,0,20,0,9.0,22
1,0,0,21,0,22.0,17
1,0,0,22,0,17.0,12
1,0,0,23,0,12.0,5
1,0,0,24,0,5.0,7
1,0,0,25,0,7.0,9
1,0,0,26,0,9.0,17
1,0,0,27,0,17.0,9
1,0,0,28,0,9.0,11
1,0,0,29,0,11.0,9
1,0,0,30,1,9.0,9
1,0,0,31,1,9.0,3
1,0,0,32,0,3.0,11
1,0,0,33,0,11.0,6
1,0,0,34,0,6.0,16
1,0,0,35,0,16.0,14
1,0,0,36,0,14.0,15
1,0,0,37,0,15.0,8
1,0,0,38,0,8.0,4
1,0,0,39,0,4.0,15
1,0,0,40,0,15.0,8
1,0,0,41,0,8.0,11
1,0,0,42,0,11.0,16
1,0,0,43,0,16.0,11
1,0,0,44,0,11.0,11
1,0,0,45,0,11.0,5
1,0,0,46,0,5.0,25
1,0,0,47,0,25.0,11
1,0,0,48,0,11.0,6
1,0,0,49,0,6.0,7
1,0,0,50,0,7.0,10
1,0,0,51,1,10.0,4
1,0,0,52,1,4.0,12
1,0,0,1,1,12.0,8
1,0,0,2,0,8.0,13
1,0,0,3,0,13.0,3
1,0,0,4,0,3.0,27
1,0,0,5,0,27.0,15
1,0,0,6,0,15.0,15
1,0,0,7,1,15.0,16
1,0,0,8,1,16.0,8
1,0,0,9,1,8.0,63
1,0,0,10,1,63.0,211
1,0,0,11,1,211.0,117
1,0,0,12,1,117.0,156
1,0,0,13,1,156.0,225
1,0,0,14,1,225.0,28
1,0,0,15,0,28.0,15
1,0,0,16,0,15.0,8
1,0,0,17,0,8.0,13
1,0,0,18,0,13.0,8
1,0,0,19,0,8.0,4
1,0,0,20,0,4.0,15
1,0,0,21,0,15.0,19
1,0,0,22,0,19.0,14
1,0,0,23,0,14.0,7
1,0,0,24,0,7.0,8
1,0,0,25,0,8.0,5
1,0,0,26,0,5.0,12
1,0,0,27,0,12.0,15
1,0,0,28,0,15.0,12
1,0,0,29,0,12.0,8
1,0,0,30,1,8.0,4
1,0,0,31,1,4.0,10
1,0,0,32,0,10.0,14
1,0,0,33,0,14.0,16
1,0,0,34,0,16.0,6
1,0,0,35,0,6.0,16
1,0,0,36,0,16.0,15
1,0,0,37,0,15.0,20
1,0,0,38,0,20.0,12
1,0,0,39,0,12.0,17
1,0,0,40,0,17.0,9
1,0,0,41,0,9.0,12
1,0,0,42,0,12.0,6
1,0,0,43,0,6.0,6
1,0,0,44,0,6.0,6
1,0,0,45,0,6.0,8
1,0,0,46,0,8.0,11
1,0,0,47,0,11.0,8
1,0,0,48,0,8.0,19
1,0,0,49,0,19.0,12
1,0,0,50,0,12.0,9
1,0,0,51,1,9.0,17
1,0,0,52,1,17.0,6
1,0,1,1,1,0.0,13
1,0,1,2,0,13.0,16
1,0,1,3,0,16.0,8
1,0,1,4,0,8.0,7
1,0,1,5,0,7.0,10
1,0,1,6,1,10.0,11
1,0,1,7,1,11.0,10
1,0,1,8,0,10.0,6
1,0,1,9,1,6.0,125
1,0,1,10,1,125.0,120
1,0,1,11,1,120.0,241
1,0,1,12,1,241.0,184
1,0,1,13,1,184.0,80
1,0,1,14,0,80.0,15
1,0,1,15,0,15.0,16
1,0,1,16,0,16.0,18
1,0,1,17,0,18.0,17
1,0,1,18,0,17.0,2
1,0,1,19,0,2.0,13
1,0,1,20,0,13.0,9
1,0,1,21,0,9.0,22
1,0,1,22,0,22.0,2
1,0,1,23,0,2.0,4
1,0,1,24,0,4.0,14
1,0,1,25,0,14.0,17
1,0,1,26,0,17.0,12
1,0,1,27,0,12.0,15
1,0,1,28,0,15.0,20
1,0,1,29,0,20.0,16
1,0,1,30,1,16.0,18
1,0,1,31,1,18.0,8
1,0,1,32,0,8.0,22
1,0,1,33,0,22.0,7
1,0,1,34,0,7.0,13
1,0,1,35,0,13.0,9
1,0,1,36,0,9.0,7
1,0,1,37,0,7.0,15
1,0,1,38,0,15.0,3
1,0,1,39,0,3.0,6
1,0,1,40,0,6.0,23
1,0,1,41,0,23.0,6
1,0,1,42,0,6.0,11
1,0,1,43,0,11.0,9
1,0,1,44,0,9.0,9
1,0,1,45,0,9.0,3
1,0,1,46,0,3.0,21
1,0,1,47,0,21.0,7
1,0,1,48,0,7.0,9
1,0,1,49,0,9.0,3
1,0,1,50,0,3.0,7
1,0,1,51,1,7.0,14
1,0,1,52,1,14.0,4
1,0,1,1,1,4.0,19
1,0,1,2,0,19.0,5
1,0,1,3,0,5.0,7
1,0,1,4,0,7.0,9
1,0,1,5,0,9.0,11
1,0,1,6,1,11.0,9
1,0,1,7,1,9.0,6
1,0,1,8,1,6.0,12
1,0,1,9,1,12.0,27
1,0,1,10,1,27.0,135
1,0,1,11,1,135.0,127
1,0,1,12,1,127.0,276
1,0,1,13,1,276.0,262
1,0,1,14,0,262.0,9
1,0,1,15,0,9.0,7
1,0,1,16,0,7.0,5
1,0,1,17,0,5.0,12
1,0,1,18,0,12.0,11
1,0,1,19,0,11.0,15
1,0,1,20,0,15.0,10
1,0,1,21,0,10.0,16
1,0,1,22,0,16.0,13
1,0,1,23,0,13.0,6
1,0,1,24,0,6.0,7
1,0,1,25,0,7.0,4
1,0,1,26,0,4.0,6
1,0,1,27,0,6.0,12
1,0,1,28,0,12.0,9
1,0,1,29,0,9.0,12
1,0,1,30,1,12.0,8
1,0,1,31,1,8.0,21
1,0,1,32,0,21.0,11
1,0,1,33,0,11.0,12
1,0,1,34,0,12.0,3
1,0,1,35,0,3.0,9
1,0,1,36,0,9.0,6
1,0,1,37,0,6.0,8
1,0,1,38,0,8.0,17
1,0,1,39,0,17.0,10
1,0,1,40,0,10.0,8
1,0,1,41,0,8.0,15
1,0,1,42,0,15.0,9
1,0,1,43,0,9.0,9
1,0,1,44,0,9.0,20
1,0,1,45,0,20.0,13
1,0,1,46,0,13.0,5
1,0,1,47,0,5.0,20
1,0,1,48,0,20.0,13
1,0,1,49,0,13.0,15
1,0,1,50,0,15.0,7
1,0,1,51,1,7.0,8
1,0,1,52,1,8.0,13
1,0,1,1,1,13.0,10
1,0,1,2,0,10.0,3
1,0,1,3,0,3.0,9
1,0,1,4,0,9.0,3
1,0,1,5,0,3.0,11
1,0,1,6,0,11.0,14
1,0,1,7,1,14.0,18
1,0,1,8,1,18.0,7
1,0,1,9,1,7.0,33
1,0,1,10,1,33.0,56
1,0,1,11,1,56.0,163
1,0,1,12,1,163.0,204
1,0,1,13,1,204.0,87
1,0,1,14,1,87.0,24
1,0,1,15,0,24.0,17
1,0,1,16,0,17.0,14
1,0,1,17,0,14.0,16
1,0,1,18,0,16.0,13
1,0,1,19,0,13.0,9
1,0,1,20,0,9.0,20
1,0,1,21,0,20.0,4
1,0,1,22,0,4.0,19
1,0,1,23,0,19.0,8
1,0,1,24,0,8.0,11
1,0,1,25,0,11.0,20
1,0,1,26,0,20.0,11
1,0,1,27,0,11.0,8
1,0,1,28,0,8.0,16
1,0,1,29,0,16.0,8
1,0,1,30,1,8.0,7
1,0,1,31,1,7.0,14
1,0,1,32,0,14.0,9
1,0,1,33,0,9.0,16
1,0,1,34,0,16.0,12
1,0,1,35,0,12.0,8
1,0,1,36,0,8.0,12
1,0,1,37,0,12.0,7
1,0,1,38,0,7.0,18
1,0,1,39,0,18.0,6
1,0,1,40,0,6.0,13
1,0,1,41,0,13.0,8
1,0,1,42,0,8.0,7
1,0,1,43,0,7.0,6
1,0,1,44,0,6.0,10
1,0,1,45,0,10.0,18
1,0,1,46,0,18.0,16
1,0,1,47,0,16.0,6
1,0,1,48,0,6.0,12
1,0,1,49,0,12.0,6
1,0,1,50,0,6.0,6
1,0,1,51,1,6.0,12
1,0,1,52,1,12.0,11
1,0,1,53,1,11.0,15
1,0,1,1,1,15.0,20
1,0,1,2,0,20.0,9
1,0,1,3,0,9.0,9
1,0,1,4,0,9.0,14
1,0,1,5,0,14.0,19
1,0,1,7,1,19.0,12
1,0,1,8,0,12.0,9
1,0,1,9,1,9.0,245
1,0,1,10,1,245.0,101
1,0,1,11,1,101.0,48
1,0,1,12,1,48.0,92
1,0,1,13,1,92.0,37
1,0,1,14,0,37.0,5
1,0,1,15,0,5.0,4
1,0,1,16,0,4.0,10
1,0,1,17,0,10.0,20
1,0,1,18,0,20.0,3
1,0,1,19,0,3.0,14
1,0,1,20,0,14.0,16
1,0,1,21,0,16.0,5
1,0,1,22,0,5.0,24
1,0,1,23,0,24.0,6
1,0,1,24,0,6.0,5
1,0,1,25,0,5.0,10
1,0,1,26,0,10.0,10
1,0,1,27,0,10.0,8
1,0,1,28,0,8.0,15
1,0,1,29,1,15.0,6
1,0,1,30,1,6.0,10
1,0,1,31,0,10.0,12
1,0,1,32,0,12.0,8
1,0,1,33,0,8.0,14
1,0,1,34,0,14.0,13
1,0,1,35,0,13.0,7
1,0,1,36,0,7.0,20
1,0,1,37,0,20.0,8
1,0,1,38,0,8.0,9
1,0,1,39,0,9.0,17
1,0,1,40,0,17.0,11
1,0,1,41,0,11.0,10
1,0,1,42,0,10.0,11
1,0,1,43,0,11.0,30
1,0,1,44,0,30.0,6
1,0,1,45,0,6.0,12
1,0,1,46,0,12.0,13
1,0,1,47,0,13.0,9
1,0,1,48,0,9.0,8
1,0,1,49,0,8.0,7
1,0,1,50,1,7.0,17
1,0,1,51,1,17.0,22
1,0,1,52,1,22.0,22
1,0,1,1,0,22.0,12
1,0,1,2,0,12.0,10
1,0,1,3,0,10.0,2
1,0,1,4,0,2.0,2
1,0,1,5,0,2.0,24
1,0,1,6,1,24.0,6
1,0,1,7,1,6.0,11
1,0,1,8,0,11.0,16
1,0,1,9,1,16.0,178
1,0,1,10,1,178.0,106
1,0,1,11,1,106.0,129
1,0,1,12,1,129.0,116
1,0,1,13,0,116.0,1
1,0,1,14,0,1.0,10
1,0,1,15,0,10.0,7
1,0,1,16,0,7.0,9
1,0,1,17,0,9.0,11
1,0,1,18,0,11.0,18
1,0,1,19,0,18.0,10
1,0,1,20,0,10.0,4
1,0,1,21,0,4.0,5
1,0,1,22,0,5.0,4
1,0,1,23,0,4.0,11
1,0,1,24,0,11.0,2
1,0,1,25,0,2.0,8
1,0,1,26,0,8.0,8
1,0,1,27,0,8.0,12
1,0,1,28,0,12.0,4
1,0,1,29,1,4.0,10
1,0,1,30,1,10.0,8
1,0,1,31,0,8.0,10
1,0,1,32,0,10.0,8
1,0,1,33,0,8.0,12
1,0,1,34,0,12.0,11
1,0,1,35,0,11.0,3
1,0,1,36,0,3.0,6
1,0,1,37,0,6.0,17
1,0,1,38,0,17.0,18
1,0,1,39,0,18.0,5
1,0,1,40,0,5.0,2
1,0,1,41,0,2.0,17
1,0,1,42,0,17.0,4
1,0,1,43,0,4.0,4
1,0,1,44,0,4.0,6
1,0,1,45,0,6.0,8
1,0,1,46,0,8.0,9
1,0,1,47,0,9.0,10
1,0,1,48,0,10.0,14
1,0,1,49,0,14.0,4
1,0,1,50,1,4.0,9
1,0,1,51,1,9.0,11
1,0,1,52,1,11.0,8
1,0,1,1,1,8.0,14
1,0,1,2,0,14.0,10
1,0,1,3,0,10.0,17
1,0,1,4,0,17.0,8
1,0,1,5,0,8.0,4
1,0,1,6,1,4.0,9
1,0,1,7,1,9.0,14
1,0,1,8,1,14.0,15
1,0,1,9,1,15.0,21
1,0,1,10,1,21.0,46
1,0,1,11,1,46.0,175
1,0,1,12,1,175.0,23
1,0,1,13,1,23.0,160
1,0,1,14,0,160.0,5
1,0,1,15,0,5.0,14
1,0,1,16,0,14.0,9
1,0,1,17,0,9.0,4
1,0,1,18,0,4.0,11
1,0,1,19,0,11.0,11
1,0,1,20,0,11.0,6
1,0,1,21,0,6.0,3
1,0,1,22,0,3.0,24
1,0,1,23,0,24.0,11
1,0,1,24,0,11.0,18
1,0,1,25,0,18.0,7
1,0,1,26,0,7.0,11
1,0,1,27,0,11.0,21
1,0,1,28,0,21.0,15
1,0,1,29,1,15.0,12
1,0,1,30,1,12.0,21
1,0,1,31,1,21.0,12
1,0,1,32,0,12.0,14
1,0,1,33,0,14.0,12
1,0,1,34,0,12.0,13
1,0,1,35,0,13.0,12
1,0,1,36,0,12.0,12
1,0,1,37,0,12.0,12
1,0,1,38,0,12.0,20
1,0,1,39,0,20.0,16
1,0,1,40,0,16.0,14
1,0,1,41,0,14.0,26
1,0,1,42,0,26.0,10
1,0,1,43,0,10.0,19
1,0,1,44,0,19.0,7
1,0,1,45,0,7.0,12
1,0,1,46,0,12.0,11
1,0,1,47,0,11.0,15
1,0,1,48,0,15.0,6
1,0,1,49,0,6.0,10
1,0,1,50,1,10.0,13
1,0,1,51,1,13.0,14
1,0,1,52,1,14.0,4
1,0,1,1,1,4.0,11
1,0,1,2,0,11.0,7
1,0,1,3,0,7.0,15
1,0,1,4,0,15.0,6
1,0,1,5,0,6.0,21
1,0,1,6,1,21.0,8
1,0,1,7,1,8.0,12
1,0,1,8,0,12.0,8
1,0,1,9,0,8.0,8
1,0,1,10,1,8.0,169
1,0,1,11,1,169.0,185
1,0,1,12,1,185.0,130
1,0,1,13,1,130.0,79
1,0,1,14,0,79.0,18
1,0,1,15,0,18.0,19
1,0,1,16,0,19.0,15
1,0,1,17,0,15.0,11
1,0,1,18,0,11.0,8
1,0,1,19,0,8.0,14
1,0,1,20,0,14.0,4
1,0,1,21,0,4.0,13
1,0,1,22,0,13.0,17
1,0,1,23,0,17.0,22
1,0,1,24,0,22.0,16
1,0,1,25,0,16.0,13
1,0,1,26,0,13.0,18
1,0,1,27,0,18.0,12
1,0,1,28,0,12.0,16
1,0,1,29,0,16.0,9
1,0,1,30,1,9.0,5
1,0,1,31,1,5.0,26
1,0,1,32,0,26.0,10
1,0,1,33,0,10.0,6
1,0,1,34,0,6.0,7
1,0,1,35,0,7.0,10
1,0,1,36,0,10.0,3
1,0,1,37,0,3.0,11
1,0,1,38,0,11.0,11
1,0,1,39,0,11.0,17
1,0,1,40,0,17.0,18
1,0,1,41,0,18.0,10
1,0,1,42,0,10.0,8
1,0,1,43,0,8.0,7
1,0,1,44,0,7.0,8
1,0,1,45,0,8.0,22
1,0,1,46,0,22.0,9
1,0,1,47,0,9.0,11
1,0,1,48,0,11.0,6
1,0,1,49,0,6.0,7
1,0,1,50,0,7.0,6
1,0,1,51,1,6.0,11
1,0,1,52,1,11.0,15
1,0,1,1,1,15.0,6
1,0,1,2,0,6.0,8
1,0,1,3,0,8.0,10
1,0,1,4,0,10.0,11
1,0,1,5,0,11.0,12
1,0,1,6,0,12.0,8
1,0,1,7,1,8.0,14
1,0,1,8,1,14.0,13
1,0,1,9,1,13.0,74
1,0,1,10,1,74.0,273
1,0,1,11,1,273.0,115
1,0,1,12,1,115.0,180
1,0,1,13,1,180.0,170
1,0,1,14,0,170.0,10
1,0,1,15,0,10.0,11
1,0,1,16,0,11.0,11
1,0,1,17,0,11.0,13
1,0,1,18,0,13.0,17
1,0,1,20,0,17.0,5
1,0,1,21,0,5.0,11
1,0,1,22,0,11.0,17
1,0,1,23,0,17.0,14
1,0,1,24,0,14.0,12
1,0,1,25,0,12.0,12
1,0,1,26,0,12.0,2
1,0,1,27,0,2.0,11
1,0,1,28,0,11.0,9
1,0,1,29,0,9.0,13
1,0,1,31,1,13.0,9
1,0,1,32,0,9.0,11
1,0,1,33,0,11.0,10
1,0,1,34,0,10.0,10
1,0,1,35,0,10.0,8
1,0,1,36,0,8.0,19
1,0,1,37,0,19.0,23
1,0,1,38,0,23.0,22
1,0,1,39,0,22.0,8
1,0,1,40,0,8.0,3
1,0,1,41,0,3.0,1
1,0,1,42,0,1.0,9
1,0,1,43,0,9.0,15
1,0,1,44,0,15.0,12
1,0,1,45,0,12.0,19
1,0,1,46,0,19.0,9
1,0,1,47,0,9.0,14
1,0,1,48,0,14.0,14
1,0,1,49,0,14.0,8
1,0,1,50,0,8.0,10
1,0,1,51,1,10.0,11
1,0,1,52,1,11.0,16
1,0,1,1,1,16.0,2
1,0,2,1,1,0.0,14
1,0,2,2,0,14.0,17
1,0,2,3,0,17.0,8
1,0,2,4,0,8.0,4
1,0,2,5,0,4.0,13
1,0,2,6,1,13.0,16
1,0,2,7,1,16.0,9
1,0,2,8,1,9.0,14
1,0,2,9,1,14.0,60
1,0,2,10,1,60.0,79
1,0,2,11,1,79.0,91
1,0,2,12,1,91.0,109
1,0,2,13,1,109.0,139
1,0,2,14,0,139.0,10
1,0,2,15,0,10.0,12
1,0,2,16,0,12.0,8
1,0,2,17,0,8.0,8
1,0,2,18,0,8.0,11
1,0,2,19,0,11.0,16
1,0,2,20,0,16.0,12
1,0,2,21,0,12.0,4
1,0,2,22,0,4.0,9
1,0,2,23,0,9.0,10
1,0,2,24,0,10.0,13
1,0,2,25,0,13.0,15
1,0,2,26,0,15.0,27
1,0,2,27,0,27.0,10
1,0,2,28,0,10.0,6
1,0,2,29,1,6.0,20
1,0,2,30,1,20.0,21
1,0,2,31,1,21.0,9
1,0,2,32,0,9.0,12
1,0,2,33,0,12.0,14
1,0,2,34,0,14.0,9
1,0,2,35,0,9.0,20
1,0,2,36,0,20.0,7
1,0,2,37,0,7.0,11
1,0,2,38,0,11.0,9
1,0,2,39,0,9.0,8
1,0,2,40,0,8.0,9
1,0,2,41,0,9.0,8
1,0,2,42,0,8.0,12
1,0,2,43,0,12.0,11
1,0,2,44,0,11.0,3
1,0,2,45,0,3.0,17
1,0,2,46,0,17.0,12
1,0,2,47,0,12.0,26
1,0,2,48,0,26.0,18
1,0,2,49,0,18.0,13
1,0,2,50,1,13.0,17
1,0,2,51,1,17.0,8
1,0,2,52,1,8.0,4
1,0,2,1,1,4.0,8
1,0,2,3,0,8.0,5
1,0,2,4,0,5.0,9
1,0,2,5,0,9.0,11
1,0,2,6,1,11.0,14
1,0,2,7,1,14.0,7
1,0,2,8,0,7.0,7
1,0,2,9,1,7.0,40
1,0,2,10,1,40.0,160
1,0,2,11,1,160.0,137
1,0,2,12,1,137.0,120
1,0,2,13,1,120.0,236
1,0,2,14,0,236.0,6
1,0,2,15,0,6.0,7
1,0,2,16,0,7.0,24
1,0,2,17,0,24.0,12
1,0,2,18,0,12.0,13
1,0,2,19,0,13.0,15
1,0,2,20,0,15.0,9
1,0,2,21,0,9.0,12
1,0,2,22,0,12.0,10
1,0,2,23,0,10.0,4
1,0,2,24,0,4.0,12
1,0,2,25,0,12.0,19
1,0,2,26,0,19.0,9
1,0,2,27,0,9.0,14
1,0,2,28,0,14.0,6
1,0,2,29,0,6.0,10
1,0,2,30,1,10.0,13
1,0,2,31,1,13.0,16
1,0,2,32,0,16.0,4
1,0,2,33,0,4.0,6
1,0,2,34,0,6.0,8
1,0,2,35,0,8.0,8
1,0,2,36,0,8.0,10
1,0,2,37,0,10.0,8
1,0,2,38,0,8.0,17
1,0,2,39,0,17.0,4
1,0,2,40,0,4.0,10
1,0,2,41,0,10.0,6
1,0,2,42,0,6.0,7
1,0,2,43,0,7.0,9
1,0,2,44,0,9.0,20
1,0,2,45,0,20.0,3
1,0,2,46,0,3.0,14
1,0,2,47,0,14.0,19
1,0,2,48,0,19.0,13
1,0,2,49,0,13.0,10
1,0,2,50,1,10.0,15
1,0,2,51,1,15.0,29
1,0,2,52,1,29.0,17
1,0,2,1,1,17.0,11
1,0,2,2,0,11.0,3
1,0,2,3,0,3.0,21
1,0,2,4,0,21.0,17
1,0,2,5,0,17.0,13
1,0,2,6,0,13.0,17
1,0,2,7,1,17.0,11
1,0,2,8,1,11.0,6
1,0,2,9,1,6.0,35
1,0,2,10,1,35.0,54
1,0,2,11,1,54.0,156
1,0,2,12,1,156.0,121
1,0,2,13,1,121.0,108
1,0,2,14,0,108.0,5
1,0,2,15,0,5.0,13
1,0,2,16,0,13.0,11
1,0,2,17,0,11.0,21
1,0,2,18,0,21.0,8
1,0,2,19,0,8.0,7
1,0,2,20,0,7.0,8
1,0,2,21,0,8.0,7
1,0,2,22,0,7.0,4
1,0,2,23,0,4.0,6
1,0,2,24,0,6.0,10
1,0,2,25,0,10.0,9
1,0,2,26,0,9.0,11
1,0,2,27,0,11.0,10
1,0,2,28,0,10.0,4
1,0,2,29,0,4.0,11
1,0,2,30,1,11.0,15
1,0,2,31,1,15.0,12
1,0,2,32,0,12.0,15
1,0,2,33,0,15.0,16
1,0,2,34,0,16.0,10
1,0,2,35,0,10.0,14
1,0,2,36,0,14.0,12
1,0,2,37,0,12.0,18
1,0,2,38,0,18.0,6
1,0,2,39,0,6.0,6
1,0,2,40,0,6.0,14
1,0,2,41,0,14.0,12
1,0,2,42,0,12.0,2
1,0,2,43,0,2.0,6
1,0,2,44,0,6.0,9
1,0,2,45,0,9.0,7
1,0,2,46,0,7.0,16
1,0,2,47,0,16.0,10
1,0,2,48,0,10.0,13
1,0,2,49,0,13.0,10
1,0,2,50,0,10.0,12
1,0,2,51,1,12.0,7
1,0,2,52,1,7.0,11
1,0,2,53,1,11.0,14
1,0,2,1,1,14.0,16
1,0,2,2,0,16.0,11
1,0,2,3,0,11.0,13
1,0,2,4,0,13.0,9
1,0,2,5,0,9.0,12
1,0,2,6,1,12.0,16
1,0,2,7,1,16.0,11
1,0,2,8,0,11.0,15
1,0,2,9,1,15.0,189
1,0,2,10,1,189.0,76
1,0,2,11,1,76.0,153
1,0,2,12,1,153.0,199
1,0,2,13,1,199.0,48
1,0,2,14,0,48.0,9
1,0,2,15,0,9.0,20
1,0,2,16,0,20.0,5
1,0,2,17,0,5.0,4
1,0,2,18,0,4.0,12
1,0,2,19,0,12.0,19
1,0,2,20,0,19.0,17
1,0,2,21,0,17.0,10
1,0,2,22,0,10.0,17
1,0,2,23,0,17.0,7
1,0,2,24,0,7.0,4
1,0,2,25,0,4.0,11
1,0,2,26,0,11.0,1
1,0,2,27,0,1.0,5
1,0,2,28,0,5.0,10
1,0,2,29,1,10.0,19
1,0,2,30,1,19.0,17
1,0,2,31,0,17.0,20
1,0,2,32,0,20.0,5
1,0,2,33,0,5.0,5
1,0,2,34,0,5.0,5
1,0,2,35,0,5.0,13
1,0,2,36,0,13.0,4
1,0,2,37,0,4.0,12
1,0,2,38,0,12.0,10
1,0,2,39,0,10.0,15
1,0,2,40,0,15.0,14
1,0,2,41,0,14.0,20
1,0,2,42,0,20.0,9
1,0,2,43,0,9.0,8
1,0,2,44,0,8.0,11
1,0,2,45,0,11.0,6
1,0,2,46,0,6.0,9
1,0,2,47,0,9.0,8
1,0,2,48,0,8.0,9
1,0,2,49,0,9.0,9
1,0,2,50,1,9.0,8
1,0,2,51,1,8.0,13
1,0,2,52,1,13.0,3
1,0,2,1,1,3.0,10
1,0,2,2,0,10.0,10
1,0,2,3,0,10.0,8
1,0,2,4,0,8.0,4
1,0,2,5,0,4.0,8
1,0,2,6,1,8.0,14
1,0,2,7,1,14.0,2
1,0,2,8,0,2.0,5
1,0,2,9,1,5.0,120
1,0,2,10,1,120.0,277
1,0,2,11,1,277.0,184
1,0,2,12,1,184.0,93
1,0,2,13,1,93.0,53
1,0,2,14,0,53.0,7
1,0,2,15,0,7.0,13
1,0,2,16,0,13.0,5
1,0,2,17,0,5.0,12
1,0,2,18,0,12.0,10
1,0,2,19,0,10.0,7
1,0,2,20,0,7.0,14
1,0,2,21,0,14.0,14
1,0,2,22,0,14.0,22
1,0,2,23,0,22.0,4
1,0,2,24,0,4.0,10
1,0,2,25,0,10.0,9
1,0,2,26,0,9.0,11
1,0,2,27,0,11.0,7
1,0,2,28,0,7.0,8
1,0,2,29,1,8.0,18
1,0,2,30,1,18.0,11
1,0,2,31,0,11.0,8
1,0,2,32,0,8.0,11
1,0,2,33,0,11.0,10
1,0,2,34,0,10.0,10
1,0,2,35,0,10.0,17
1,0,2,36,0,17.0,7
1,0,2,37,0,7.0,12
1,0,2,38,0,12.0,12
1,0,2,39,0,12.0,12
1,0,2,40,0,12.0,13
1,0,2,41,0,13.0,10
1,0,2,42,0,10.0,12
1,0,2,43,0,12.0,17
1,0,2,44,0,17.0,9
1,0,2,45,0,9.0,12
1,0,2,46,0,12.0,9
1,0,2,47,0,9.0,11
1,0,2,48,0,11.0,15
1,0,2,49,0,15.0,8
1,0,2,50,1,8.0,4
1,0,2,51,1,4.0,24
1,0,2,52,1,24.0,5
1,0,2,1,1,5.0,8
1,0,2,2,0,8.0,5
1,0,2,3,0,5.0,7
1,0,2,4,0,7.0,8
1,0,2,5,0,8.0,2
1,0,2,6,1,2.0,8
1,0,2,7,1,8.0,16
1,0,2,8,1,16.0,5
1,0,2,9,1,5.0,98
1,0,2,10,1,98.0,53
1,0,2,11,1,53.0,23
1,0,2,12,1,23.0,39
1,0,2,13,1,39.0,114
1,0,2,14,0,114.0,17
1,0,2,15,0,17.0,10
1,0,2,16,0,10.0,7
1,0,2,17,0,7.0,22
1,0,2,18,0,22.0,13
1,0,2,19,0,13.0,7
1,0,2,20,0,7.0,18
1,0,2,21,0,18.0,4
1,0,2,22,0,4.0,5
1,0,2,23,0,5.0,14
1,0,2,24,0,14.0,19
1,0,2,25,0,19.0,8
1,0,2,26,0,8.0,5
1,0,2,27,0,5.0,17
1,0,2,28,0,17.0,15
1,0,2,29,1,15.0,11
1,0,2,30,1,11.0,13
1,0,2,31,1,13.0,16
1,0,2,32,0,16.0,12
1,0,2,33,0,12.0,13
1,0,2,34,0,13.0,17
1,0,2,35,0,17.0,9
1,0,2,36,0,9.0,7
1,0,2,37,0,7.0,8
1,0,2,38,0,8.0,5
1,0,2,39,0,5.0,16
1,0,2,40,0,16.0,9
1,0,2,41,0,9.0,10
1,0,2,42,0,10.0,16
1,0,2,43,0,16.0,10
1,0,2,44,0,10.0,11
1,0,2,45,0,11.0,13
1,0,2,46,0,13.0,10
1,0,2,47,0,10.0,10
1,0,2,48,0,10.0,14
1,0,2,49,0,14.0,9
1,0,2,50,1,9.0,16
1,0,2,51,1,16.0,16
1,0,2,52,1,16.0,14
1,0,2,1,1,14.0,5
1,0,2,2,0,5.0,10
1,0,2,3,0,10.0,16
1,0,2,4,0,16.0,7
1,0,2,5,0,7.0,8
1,0,2,6,0,8.0,10
1,0,2,7,1,10.0,11
1,0,2,8,1,11.0,15
1,0,2,9,1,15.0,48
1,0,2,10,1,48.0,81
1,0,2,11,1,81.0,150
1,0,2,12,1,150.0,31
1,0,2,13,1,31.0,70
1,0,2,14,0,70.0,1
1,0,2,15,0,1.0,9
1,0,2,16,0,9.0,10
1,0,2,17,0,10.0,23
1,0,2,18,0,23.0,9
1,0,2,19,0,9.0,21
1,0,2,20,0,21.0,16
1,0,2,21,0,16.0,22
1,0,2,22,0,22.0,15
1,0,2,23,0,15.0,11
1,0,2,24,0,11.0,7
1,0,2,25,0,7.0,27
1,0,2,26,0,27.0,11
1,0,2,27,0,11.0,21
1,0,2,28,0,21.0,23
1,0,2,29,0,23.0,11
1,0,2,30,1,11.0,4
1,0,2,31,1,4.0,11
1,0,2,32,0,11.0,12
1,0,2,33,0,12.0,6
1,0,2,34,0,6.0,15
1,0,2,35,0,15.0,7
1,0,2,36,0,7.0,12
1,0,2,37,0,12.0,15
1,0,2,38,0,15.0,10
1,0,2,39,0,10.0,9
1,0,2,40,0,9.0,13
1,0,2,41,0,13.0,10
1,0,2,42,0,10.0,7
1,0,2,43,0,7.0,17
1,0,2,44,0,17.0,7
1,0,2,45,0,7.0,8
1,0,2,46,0,8.0,11
1,0,2,47,0,11.0,7
1,0,2,48,0,7.0,13
1,0,2,49,0,13.0,14
1,0,2,50,1,14.0,11
1,0,2,51,1,11.0,9
1,0,2,52,1,9.0,7
1,0,2,1,1,7.0,14
1,0,2,2,0,14.0,9
1,0,2,3,0,9.0,14
1,0,2,4,0,14.0,7
1,0,2,5,0,7.0,14
1,0,2,6,0,14.0,13
1,0,2,7,1,13.0,16
1,0,2,8,1,16.0,16
1,0,2,9,1,16.0,59
1,0,2,10,1,59.0,46
1,0,2,11,1,46.0,156
1,0,2,12,1,156.0,139
1,0,2,13,1,139.0,147
1,0,2,14,1,147.0,150
1,0,2,15,0,150.0,10
1,0,2,16,0,10.0,8
1,0,2,17,0,8.0,1
1,0,2,18,0,1.0,10
1,0,2,19,0,10.0,13
1,0,2,20,0,13.0,23
1,0,2,21,0,23.0,4
1,0,2,22,0,4.0,7
1,0,2,23,0,7.0,12
1,0,2,24,0,12.0,5
1,0,2,25,0,5.0,7
1,0,2,26,0,7.0,14
1,0,2,27,0,14.0,20
1,0,2,28,0,20.0,15
1,0,2,29,0,15.0,8
1,0,2,30,1,8.0,10
1,0,2,31,1,10.0,15
1,0,2,32,0,15.0,12
1,0,2,33,0,12.0,6
1,0,2,34,0,6.0,7
1,0,2,35,0,7.0,6
1,0,2,36,0,6.0,9
1,0,2,37,0,9.0,14
1,0,2,38,0,14.0,9
1,0,2,39,0,9.0,20
1,0,2,40,0,20.0,9
1,0,2,41,0,9.0,11
1,0,2,42,0,11.0,18
1,0,2,43,0,18.0,16
1,0,2,44,0,16.0,9
1,0,2,45,0,9.0,19
1,0,2,46,0,19.0,12
1,0,2,47,0,12.0,7
1,0,2,48,0,7.0,1
1,0,2,49,0,1.0,13
1,0,2,50,0,13.0,6
1,0,2,51,1,6.0,11
1,0,2,52,1,11.0,20
1,0,2,1,1,20.0,7
1,1,0,1,1,0.0,7
1,1,0,2,0,7.0,4
1,1,0,3,0,4.0,7
1,1,0,4,0,7.0,7
1,1,0,5,0,7.0,3
1,1,0,6,0,3.0,8
1,1,0,7,1,8.0,12
1,1,0,8,1,12.0,19
1,1,0,9,1,19.0,24
1,1,0,10,1,24.0,17
1,1,0,11,1,17.0,185
1,1,0,12,1,185.0,177
1,1,0,13,1,177.0,123
1,1,0,14,0,123.0,9
1,1,0,15,0,9.0,16
1,1,0,16,0,16.0,10
1,1,0,17,0,10.0,11
1,1,0,18,0,11.0,13
1,1,0,19,0,13.0,5
1,1,0,20,0,5.0,3
1,1,0,21,0,3.0,17
1,1,0,22,0,17.0,18
1,1,0,23,0,18.0,2
1,1,0,24,0,2.0,10
1,1,0,25,0,10.0,5
1,1,0,26,0,5.0,11
1,1,0,27,0,11.0,11
1,1,0,28,0,11.0,13
1,1,0,29,0,13.0,19
1,1,0,30,1,19.0,20
1,1,0,31,1,20.0,30
1,1,0,32,0,30.0,10
1,1,0,33,0,10.0,12
1,1,0,34,0,12.0,7
1,1,0,35,0,7.0,14
1,1,0,36,0,14.0,3
1,1,0,37,0,3.0,13
1,1,0,38,0,13.0,17
1,1,0,39,0,17.0,14
1,1,0,40,0,14.0,6
1,1,0,41,0,6.0,7
1,1,0,42,0,7.0,7
1,1,0,43,0,7.0,10
1,1,0,44,0,10.0,7
1,1,0,45,0,7.0,17
1,1,0,46,0,17.0,13
1,1,0,47,0,13.0,7
1,1,0,48,0,7.0,8
1,1,0,49,0,8.0,9
1,1,0,50,1,9.0,14
1,1,0,51,1,14.0,14
1,1,0,52,1,14.0,15
1,1,0,1,1,15.0,9
1,1,0,2,0,9.0,4
1,1,0,3,0,4.0,4
1,1,0,4,0,4.0,13
1,1,0,5,0,13.0,11
1,1,0,6,0,11.0,19
1,1,0,7,1,19.0,8
1,1,0,8,1,8.0,11
1,1,0,9,1,11.0,60
1,1,0,10,1,60.0,152
1,1,0,11,1,152.0,126
1,1,0,12,1,126.0,100
1,1,0,13,1,100.0,138
1,1,0,14,0,138.0,15
1,1,0,15,0,15.0,21
1,1,0,16,0,21.0,16
1,1,0,17,0,16.0,6
1,1,0,18,0,6.0,12
1,1,0,19,0,12.0,11
1,1,0,20,0,11.0,8
1,1,0,21,0,8.0,6
1,1,0,22,0,6.0,14
1,1,0,23,0,14.0,13
1,1,0,24,0,13.0,3
1,1,0,25,0,3.0,8
1,1,0,26,0,8.0,11
1,1,0,27,0,11.0,11
1,1,0,28,0,11.0,7
1,1,0,29,0,7.0,10
1,1,0,30,1,10.0,55
1,1,0,31,1,55.0,17
1,1,0,32,0,17.0,12
1,1,0,33,0,12.0,6
1,1,0,34,0,6.0,5
1,1,0,35,0,5.0,10
1,1,0,36,0,10.0,15
1,1,0,37,0,15.0,13
1,1,0,38,0,13.0,13
1,1,0,39,0,13.0,15
1,1,0,40,0,15.0,12
1,1,0,41,0,12.0,12
1,1,0,42,0,12.0,4
1,1,0,43,0,4.0,17
1,1,0,44,0,17.0,10
1,1,0,45,0,10.0,7
1,1,0,46,0,7.0,5
1,1,0,47,0,5.0,8
1,1,0,48,0,8.0,24
1,1,0,49,0,24.0,15
1,1,0,50,1,15.0,9
1,1,0,51,1,9.0,7
1,1,0,52,1,7.0,5
1,1,0,1,1,5.0,10
1,1,0,2,0,10.0,16
1,1,0,3,0,16.0,23
1,1,0,4,0,23.0,8
1,1,0,5,0,8.0,7
1,1,0,6,0,7.0,8
1,1,0,7,1,8.0,6
1,1,0,8,1,6.0,20
1,1,0,9,1,20.0,49
1,1,0,10,1,49.0,92
1,1,0,12,1,92.0,120
1,1,0,13,1,120.0,147
1,1,0,14,1,147.0,67
1,1,0,15,0,67.0,9
1,1,0,16,0,9.0,12
1,1,0,17,0,12.0,8
1,1,0,18,0,8.0,15
1,1,0,19,0,15.0,4
1,1,0,20,0,4.0,14
1,1,0,21,0,14.0,12
1,1,0,22,0,12.0,7
1,1,0,23,0,7.0,6
1,1,0,24,0,6.0,5
1,1,0,25,0,5.0,12
1,1,0,26,0,12.0,6
1,1,0,27,0,6.0,21
1,1,0,28,0,21.0,8
1,1,0,29,0,8.0,5
1,1,0,30,1,5.0,47
1,1,0,31,1,47.0,26
1,1,0,32,0,26.0,2
1,1,0,33,0,2.0,11
1,1,0,34,0,11.0,12
1,1,0,35,0,12.0,9
1,1,0,36,0,9.0,14
1,1,0,37,0,14.0,8
1,1,0,38,0,8.0,13
1,1,0,39,0,13.0,12
1,1,0,40,0,12.0,7
1,1,0,41,0,7.0,15
1,1,0,42,0,15.0,13
1,1,0,43,0,13.0,15
1,1,0,44,0,15.0,15
1,1,0,45,0,15.0,21
1,1,0,46,0,21.0,13
1,1,0,47,0,13.0,4
1,1,0,48,0,4.0,11
1,1,0,49,0,11.0,9
1,1,0,50,0,9.0,17
1,1,0,51,1,17.0,16
1,1,0,52,1,16.0,18
1,1,0,53,1,18.0,17
1,1,0,1,0,17.0,7
1,1,0,2,0,7.0,18
1,1,0,3,0,18.0,9
1,1,0,4,0,9.0,16
1,1,0,5,0,16.0,13
1,1,0,6,1,13.0,7
1,1,0,7,1,7.0,3
1,1,0,8,0,3.0,11
1,1,0,9,1,11.0,114
1,1,0,10,1,114.0,142
1,1,0,11,1,142.0,52
1,1,0,12,1,52.0,28
1,1,0,13,1,28.0,55
1,1,0,14,0,55.0,12
1,1,0,15,0,12.0,1
1,1,0,16,0,1.0,14
1,1,0,17,0,14.0,7
1,1,0,18,0,7.0,18
1,1,0,19,0,18.0,9
1,1,0,20,0,9.0,24
1,1,0,21,0,24.0,8
1,1,0,22,0,8.0,15
1,1,0,23,0,15.0,8
1,1,0,24,0,8.0,2
1,1,0,25,0,2.0,12
1,1,0,26,0,12.0,24
1,1,0,27,0,24.0,12
1,1,0,28,0,12.0,13
1,1,0,29,1,13.0,46
1,1,0,30,1,46.0,60
1,1,0,31,0,60.0,21
1,1,0,32,0,21.0,13
1,1,0,33,0,13.0,17
1,1,0,34,0,17.0,8
1,1,0,35,0,8.0,10
1,1,0,36,0,10.0,7
1,1,0,37,0,7.0,8
1,1,0,38,0,8.0,10
1,1,0,39,0,10.0,8
1,1,0,40,0,8.0,12
1,1,0,41,0,12.0,7
1,1,0,42,0,7.0,11
1,1,0,43,0,11.0,9
1,1,0,44,0,9.0,6
1,1,0,45,0,6.0,12
1,1,0,46,0,12.0,16
1,1,0,47,0,16.0,7
1,1,0,48,0,7.0,7
1,1,0,49,0,7.0,7
1,1,0,50,1,7.0,4
1,1,0,51,1,4.0,7
1,1,0,52,1,7.0,6
1,1,0,1,1,6.0,11
1,1,0,2,0,11.0,8
1,1,0,3,0,8.0,4
1,1,0,4,0,4.0,7
1,1,0,5,0,7.0,4
1,1,0,6,1,4.0,20
1,1,0,7,1,20.0,14
1,1,0,8,0,14.0,13
1,1,0,9,1,13.0,89
1,1,0,10,1,89.0,193
1,1,0,11,1,193.0,186
1,1,0,12,1,186.0,194
1,1,0,13,1,194.0,139
1,1,0,14,0,139.0,5
1,1,0,15,0,5.0,3
1,1,0,16,0,3.0,13
1,1,0,17,0,13.0,9
1,1,0,18,0,9.0,16
1,1,0,19,0,16.0,5
1,1,0,20,0,5.0,24
1,1,0,21,0,24.0,12
1,1,0,22,0,12.0,32
1,1,0,23,0,32.0,3
1,1,0,24,0,3.0,10
1,1,0,25,0,10.0,12
1,1,0,26,0,12.0,7
1,1,0,27,0,7.0,5
1,1,0,28,0,5.0,7
1,1,0,29,1,7.0,18
1,1,0,30,1,18.0,134
1,1,0,31,0,134.0,10
1,1,0,32,0,10.0,12
1,1,0,33,0,12.0,2
1,1,0,34,0,2.0,5
1,1,0,35,0,5.0,12
1,1,0,36,0,12.0,9
1,1,0,37,0,9.0,8
1,1,0,38,0,8.0,2
1,1,0,39,0,2.0,7
1,1,0,40,0,7.0,2
1,1,0,41,0,2.0,9
1,1,0,42,0,9.0,9
1,1,0,43,0,9.0,8
1,1,0,44,0,8.0,10
1,1,0,45,0,10.0,4
1,1,0,46,0,4.0,7
1,1,0,47,0,7.0,16
1,1,0,48,0,16.0,8
1,1,0,49,0,8.0,17
1,1,0,50,1,17.0,10
1,1,0,51,1,10.0,9
1,1,0,52,1,9.0,9
1,1,0,1,1,9.0,9
1,1,0,2,0,9.0,8
1,1,0,3,0,8.0,7
1,1,0,4,0,7.0,12
1,1,0,5,0,12.0,21
1,1,0,6,1,21.0,15
1,1,0,7,1,15.0,16
1,1,0,8,1,16.0,20
1,1,0,9,1,20.0,38
1,1,0,10,1,38.0,100
1,1,0,11,1,100.0,115
1,1,0,12,1,115.0,129
1,1,0,13,1,129.0,266
1,1,0,14,0,266.0,6
1,1,0,15,0,6.0,11
1,1,0,16,0,11.0,23
1,1,0,17,0,23.0,12
1,1,0,18,0,12.0,8
1,1,0,19,0,8.0,13
1,1,0,20,0,13.0,16
1,1,0,21,0,16.0,9
1,1,0,22,0,9.0,13
1,1,0,23,0,13.0,10
1,1,0,24,0,10.0,15
1,1,0,25,0,15.0,14
1,1,0,26,0,14.0,13
1,1,0,27,0,13.0,7
1,1,0,28,0,7.0,12
1,1,0,29,0,12.0,4
1,1,0,30,1,4.0,68
1,1,0,31,0,68.0,14
1,1,0,32,0,14.0,11
1,1,0,33,0,11.0,6
1,1,0,34,0,6.0,8
1,1,0,35,0,8.0,11
1,1,0,36,0,11.0,15
1,1,0,37,0,15.0,15
1,1,0,38,0,15.0,10
1,1,0,39,0,10.0,9
1,1,0,40,0,9.0,8
1,1,0,41,0,8.0,13
1,1,0,42,0,13.0,5
1,1,0,43,0,5.0,10
1,1,0,44,0,10.0,8
1,1,0,45,0,8.0,15
1,1,0,46,0,15.0,12
1,1,0,47,0,12.0,6
1,1,0,48,0,6.0,17
1,1,0,49,0,17.0,9
1,1,0,50,0,9.0,1
1,1,0,51,1,1.0,5
1,1,0,52,1,5.0,3
1,1,0,1,1,3.0,6
1,1,0,2,0,6.0,8
1,1,0,3,0,8.0,14
1,1,0,4,0,14.0,17
1,1,0,5,0,17.0,5
1,1,0,6,1,5.0,12
1,1,0,7,1,12.0,13
1,1,0,8,1,13.0,1
1,1,0,9,1,1.0,26
1,1,0,10,1,26.0,234
1,1,0,11,1,234.0,116
1,1,0,12,1,116.0,141
1,1,0,13,1,141.0,43
1,1,0,14,0,43.0,15
1,1,0,15,0,15.0,11
1,1,0,16,0,11.0,1
1,1,0,17,0,1.0,20
1,1,0,18,0,20.0,9
1,1,0,19,0,9.0,11
1,1,0,20,0,11.0,4
1,1,0,21,0,4.0,10
1,1,0,22,0,10.0,8
1,1,0,23,0,8.0,14
1,1,0,24,0,14.0,11
1,1,0,25,0,11.0,15
1,1,0,26,0,15.0,4
1,1,0,27,0,4.0,8
1,1,0,28,0,8.0,10
1,1,0,29,0,10.0,7
1,1,0,30,1,7.0,53
1,1,0,31,1,53.0,13
1,1,0,32,0,13.0,4
1,1,0,33,0,4.0,15
1,1,0,34,0,15.0,3
1,1,0,35,0,3.0,4
1,1,0,36,0,4.0,5
1,1,0,37,0,5.0,19
1,1,0,38,0,19.0,5
1,1,0,39,0,5.0,8
1,1,0,40,0,8.0,15
1,1,0,41,0,15.0,6
1,1,0,42,0,6.0,7
1,1,0,43,0,7.0,9
1,1,0,44,0,9.0,6
1,1,0,45,0,6.0,20
1,1,0,46,0,20.0,14
1,1,0,47,0,14.0,16
1,1,0,48,0,16.0,12
1,1,0,49,0,12.0,23
1,1,0,50,0,23.0,8
1,1,0,51,1,8.0,16
1,1,0,52,1,16.0,5
1,1,0,1,1,5.0,3
1,1,0,2,0,3.0,5
1,1,0,3,0,5.0,14
1,1,0,4,0,14.0,12
1,1,0,5,0,12.0,15
1,1,0,6,0,15.0,15
1,1,0,7,1,15.0,8
1,1,0,8,1,8.0,7
1,1,0,9,1,7.0,27
1,1,0,10,1,27.0,18
1,1,0,11,1,18.0,149
1,1,0,12,1,149.0,134
1,1,0,13,1,134.0,134
1,1,0,14,1,134.0,62
1,1,0,15,0,62.0,4
1,1,0,16,0,4.0,7
1,1,0,17,0,7.0,8
1,1,0,18,0,8.0,10
1,1,0,19,0,10.0,12
1,1,0,20,0,12.0,15
1,1,0,21,0,15.0,11
1,1,0,22,0,11.0,17
1,1,0,23,0,17.0,6
1,1,0,24,0,6.0,9
1,1,0,25,0,9.0,10
1,1,0,26,0,10.0,20
1,1,0,27,0,20.0,10
1,1,0,28,0,10.0,8
1,1,0,29,0,8.0,14
1,1,0,30,1,14.0,68
1,1,0,31,1,68.0,30
1,1,0,32,0,30.0,9
1,1,0,33,0,9.0,11
1,1,0,34,0,11.0,13
1,1,0,35,0,13.0,11
1,1,0,36,0,11.0,23
1,1,0,37,0,23.0,17
1,1,0,38,0,17.0,11
1,1,0,39,0,11.0,2
1,1,0,40,0,2.0,13
1,1,0,41,0,13.0,18
1,1,0,42,0,18.0,5
1,1,0,43,0,5.0,15
1,1,0,44,0,15.0,8
1,1,0,45,0,8.0,12
1,1,0,46,0,12.0,11
1,1,0,47,0,11.0,9
1,1,0,48,0,9.0,15
1,1,0,49,0,15.0,8
1,1,0,50,0,8.0,16
1,1,0,51,1,16.0,12
1,1,0,52,1,12.0,11
1,1,0,1,1,11.0,6
1,1,1,1,1,0.0,6
1,1,1,2,0,6.0,26
1,1,1,3,0,26.0,8
1,1,1,4,0,8.0,9
1,1,1,5,0,9.0,6
1,1,1,6,1,6.0,12
1,1,1,7,1,12.0,11
1,1,1,8,1,11.0,19
1,1,1,9,1,19.0,71
1,1,1,10,1,71.0,131
1,1,1,11,1,131.0,196
1,1,1,12,1,196.0,206
1,1,1,13,1,206.0,151
1,1,1,14,0,151.0,5
1,1,1,15,0,5.0,6
1,1,1,16,0,6.0,12
1,1,1,17,0,12.0,10
1,1,1,18,0,10.0,12
1,1,1,19,0,12.0,9
1,1,1,20,0,9.0,14
1,1,1,21,0,14.0,9
1,1,1,22,0,9.0,10
1,1,1,23,0,10.0,7
1,1,1,24,0,7.0,1
1,1,1,25,0,1.0,14
1,1,1,26,0,14.0,5
1,1,1,27,0,5.0,9
1,1,1,28,0,9.0,18
1,1,1,29,0,18.0,4
1,1,1,30,1,4.0,59
1,1,1,31,1,59.0,12
1,1,1,32,0,12.0,8
1,1,1,33,0,8.0,12
1,1,1,34,0,12.0,12
1,1,1,35,0,12.0,9
1,1,1,36,0,9.0,13
1,1,1,37,0,13.0,8
1,1,1,38,0,8.0,5
1,1,1,39,0,5.0,7
1,1,1,40,0,7.0,17
1,1,1,41,0,17.0,5
1,1,1,42,0,5.0,2
1,1,1,43,0,2.0,20
1,1,1,44,0,20.0,12
1,1,1,45,0,12.0,7
1,1,1,46,0,7.0,19
1,1,1,47,0,19.0,9
1,1,1,48,0,9.0,11
1,1,1,49,0,11.0,11
1,1,1,50,1,11.0,7
1,1,1,51,1,7.0,9
1,1,1,52,1,9.0,8
1,1,1,1,1,8.0,4
1,1,1,2,0,4.0,13
1,1,1,3,0,13.0,13
1,1,1,4,0,13.0,10
1,1,1,5,0,10.0,12
1,1,1,6,1,12.0,12
1,1,1,7,1,12.0,8
1,1,1,8,1,8.0,10
1,1,1,9,1,10.0,51
1,1,1,10,1,51.0,116
1,1,1,11,1,116.0,199
1,1,1,12,1,199.0,145
1,1,1,13,1,145.0,99
1,1,1,14,0,99.0,5
1,1,1,15,0,5.0,4
1,1,1,16,0,4.0,4
1,1,1,17,0,4.0,18
1,1,1,18,0,18.0,8
1,1,1,19,0,8.0,14
1,1,1,20,0,14.0,17
1,1,1,21,0,17.0,8
1,1,1,22,0,8.0,9
1,1,1,23,0,9.0,13
1,1,1,24,0,13.0,11
1,1,1,25,0,11.0,7
1,1,1,26,0,7.0,9
1,1,1,27,0,9.0,15
1,1,1,28,0,15.0,11
1,1,1,29,0,11.0,10
1,1,1,30,1,10.0,41
1,1,1,31,1,41.0,28
1,1,1,32,0,28.0,9
1,1,1,33,0,9.0,10
1,1,1,34,0,10.0,4
1,1,1,35,0,4.0,17
1,1,1,36,0,17.0,6
1,1,1,37,0,6.0,5
1,1,1,38,0,5.0,2
1,1,1,39,0,2.0,11
1,1,1,40,0,11.0,12
1,1,1,41,0,12.0,14
1,1,1,42,0,14.0,5
1,1,1,43,0,5.0,6
1,1,1,44,0,6.0,14
1,1,1,45,0,14.0,11
1,1,1,46,0,11.0,16
1,1,1,47,0,16.0,7
1,1,1,48,0,7.0,18
1,1,1,49,0,18.0,14
1,1,1,50,1,14.0,8
1,1,1,51,1,8.0,11
1,1,1,52,1,11.0,7
1,1,1,1,1,7.0,11
1,1,1,2,0,11.0,12
1,1,1,3,0,12.0,4
1,1,1,4,0,4.0,10
1,1,1,5,0,10.0,15
1,1,1,6,0,15.0,9
1,1,1,7,1,9.0,12
1,1,1,8,1,12.0,10
1,1,1,9,1,10.0,27
1,1,1,10,1,27.0,115
1,1,1,11,1,115.0,60
1,1,1,12,1,60.0,45
1,1,1,13,1,45.0,69
1,1,1,14,1,69.0,80
1,1,1,15,0,80.0,12
1,1,1,16,0,12.0,2
1,1,1,17,0,2.0,11
1,1,1,18,0,11.0,12
1,1,1,19,0,12.0,8
1,1,1,20,0,8.0,17
1,1,1,21,0,17.0,2
1,1,1,22,0,2.0,13
1,1,1,23,0,13.0,10
1,1,1,24,0,10.0,12
1,1,1,25,0,12.0,1
1,1,1,26,0,1.0,7
1,1,1,27,0,7.0,11
1,1,1,29,0,11.0,13
1,1,1,30,1,13.0,10
1,1,1,31,1,10.0,85
1,1,1,32,0,85.0,1
1,1,1,33,0,1.0,10
1,1,1,34,0,10.0,12
1,1,1,35,0,12.0,10
1,1,1,36,0,10.0,14
1,1,1,37,0,14.0,11
1,1,1,38,0,11.0,15
1,1,1,39,0,15.0,16
1,1,1,40,0,16.0,7
1,1,1,41,0,7.0,7
1,1,1,42,0,7.0,14
1,1,1,43,0,14.0,8
1,1,1,44,0,8.0,20
1,1,1,45,0,20.0,12
1,1,1,46,0,12.0,4
1,1,1,47,0,4.0,4
1,1,1,48,0,4.0,4
1,1,1,49,0,4.0,11
1,1,1,50,0,11.0,9
1,1,1,51,1,9.0,12
1,1,1,52,1,12.0,10
1,1,1,53,1,10.0,18
1,1,1,1,1,18.0,5
1,1,1,2,0,5.0,14
1,1,1,3,0,14.0,12
1,1,1,4,0,12.0,5
1,1,1,5,0,5.0,30
1,1,1,6,1,30.0,6
1,1,1,7,1,6.0,9
1,1,1,8,0,9.0,7
1,1,1,9,1,7.0,75
1,1,1,10,1,75.0,130
1,1,1,11,1,130.0,167
1,1,1,12,1,167.0,138
1,1,1,13,1,138.0,52
1,1,1,14,0,52.0,4
1,1,1,15,0,4.0,9
1,1,1,16,0,9.0,10
1,1,1,17,0,10.0,5
1,1,1,18,0,5.0,12
1,1,1,19,0,12.0,18
1,1,1,20,0,18.0,8
1,1,1,21,0,8.0,11
1,1,1,22,0,11.0,17
1,1,1,23,0,17.0,6
1,1,1,24,0,6.0,13
1,1,1,25,0,13.0,10
1,1,1,26,0,10.0,13
1,1,1,27,0,13.0,5
1,1,1,28,0,5.0,10
1,1,1,29,1,10.0,28
1,1,1,30,1,28.0,45
1,1,1,31,0,45.0,17
1,1,1,32,0,17.0,18
1,1,1,33,0,18.0,14
1,1,1,34,0,14.0,9
1,1,1,35,0,9.0,7
1,1,1,36,0,7.0,15
1,1,1,37,0,15.0,16
1,1,1,38,0,16.0,7
1,1,1,39,0,7.0,11
1,1,1,40,0,11.0,13
1,1,1,41,0,13.0,13
1,1,1,42,0,13.0,11
1,1,1,43,0,11.0,11
1,1,1,44,0,11.0,5
1,1,1,45,0,5.0,10
1,1,1,46,0,10.0,10
1,1,1,47,0,10.0,12
1,1,1,48,0,12.0,11
1,1,1,49,0,11.0,4
1,1,1,50,1,4.0,9
1,1,1,51,1,9.0,9
1,1,1,52,1,9.0,21
1,1,1,1,1,21.0,6
1,1,1,2,0,6.0,5
1,1,1,3,0,5.0,9
1,1,1,4,0,9.0,12
1,1,1,5,0,12.0,10
1,1,1,6,1,10.0,12
1,1,1,7,1,12.0,10
1,1,1,8,0,10.0,8
1,1,1,9,1,8.0,36
1,1,1,10,1,36.0,159
1,1,1,11,1,159.0,61
1,1,1,12,1,61.0,169
1,1,1,13,1,169.0,129
1,1,1,14,0,129.0,9
1,1,1,15,0,9.0,19
1,1,1,16,0,19.0,7
1,1,1,17,0,7.0,9
1,1,1,18,0,9.0,2
1,1,1,19,0,2.0,12
1,1,1,20,0,12.0,13
1,1,1,21,0,13.0,23
1,1,1,22,0,23.0,10
1,1,1,23,0,10.0,17
1,1,1,24,0,17.0,21
1,1,1,25,0,21.0,12
1,1,1,26,0,12.0,8
1,1,1,27,0,8.0,9
1,1,1,28,0,9.0,23
1,1,1,29,1,23.0,26
1,1,1,30,1,26.0,94
1,1,1,31,0,94.0,3
1,1,1,32,0,3.0,15
1,1,1,33,0,15.0,13
1,1,1,34,0,13.0,5
1,1,1,35,0,5.0,13
1,1,1,36,0,13.0,12
1,1,1,37,0,12.0,6
1,1,1,38,0,6.0,20
1,1,1,39,0,20.0,7
1,1,1,40,0,7.0,7
1,1,1,41,0,7.0,7
1,1,1,42,0,7.0,7
1,1,1,43,0,7.0,10
1,1,1,44,0,10.0,9
1,1,1,45,0,9.0,7
1,1,1,46,0,7.0,11
1,1,1,47,0,11.0,8
1,1,1,48,0,8.0,12
1,1,1,49,0,12.0,4
1,1,1,50,1,4.0,15
1,1,1,51,1,15.0,8
1,1,1,52,1,8.0,11
1,1,1,1,1,11.0,11
1,1,1,2,0,11.0,14
1,1,1,3,0,14.0,14
1,1,1,4,0,14.0,8
1,1,1,5,0,8.0,10
1,1,1,6,1,10.0,23
1,1,1,7,1,23.0,18
1,1,1,8,0,18.0,21
1,1,1,9,1,21.0,18
1,1,1,10,1,18.0,90
1,1,1,11,1,90.0,21
1,1,1,12,1,21.0,94
1,1,1,13,1,94.0,53
1,1,1,14,0,53.0,6
1,1,1,15,0,6.0,8
1,1,1,16,0,8.0,23
1,1,1,17,0,23.0,7
1,1,1,18,0,7.0,3
1,1,1,19,0,3.0,14
1,1,1,20,0,14.0,20
1,1,1,21,0,20.0,8
1,1,1,22,0,8.0,16
1,1,1,23,0,16.0,13
1,1,1,24,0,13.0,8
1,1,1,25,0,8.0,19
1,1,1,26,0,19.0,5
1,1,1,27,0,5.0,9
1,1,1,28,0,9.0,10
1,1,1,29,1,10.0,18
1,1,1,30,1,18.0,47
1,1,1,31,1,47.0,27
1,1,1,32,0,27.0,6
1,1,1,33,0,6.0,13
1,1,1,34,0,13.0,3
1,1,1,35,0,3.0,10
1,1,1,36,0,10.0,8
1,1,1,37,0,8.0,7
1,1,1,38,0,7.0,2
1,1,1,39,0,2.0,13
1,1,1,40,0,13.0,8
1,1,1,41,0,8.0,11
1,1,1,42,0,11.0,20
1,1,1,43,0,20.0,15
1,1,1,44,0,15.0,4
1,1,1,45,0,4.0,21
1,1,1,46,0,21.0,9
1,1,1,47,0,9.0,10
1,1,1,48,0,10.0,9
1,1,1,49,0,9.0,16
1,1,1,50,1,16.0,17
1,1,1,51,1,17.0,11
1,1,1,52,1,11.0,5
1,1,1,1,1,5.0,17
1,1,1,2,0,17.0,13
1,1,1,3,0,13.0,7
1,1,1,4,0,7.0,15
1,1,1,5,0,15.0,3
1,1,1,6,1,3.0,18
1,1,1,7,1,18.0,11
1,1,1,8,1,11.0,12
1,1,1,9,1,12.0,79
1,1,1,10,1,79.0,56
1,1,1,11,1,56.0,128
1,1,1,12,1,128.0,170
1,1,1,13,1,170.0,164
1,1,1,14,0,164.0,9
1,1,1,15,0,9.0,12
1,1,1,16,0,12.0,10
1,1,1,17,0,10.0,9
1,1,1,18,0,9.0,12
1,1,1,19,0,12.0,5
1,1,1,20,0,5.0,2
1,1,1,21,0,2.0,17
1,1,1,22,0,17.0,6
1,1,1,23,0,6.0,12
1,1,1,24,0,12.0,8
1,1,1,25,0,8.0,16
1,1,1,26,0,16.0,15
1,1,1,27,0,15.0,15
1,1,1,28,0,15.0,13
1,1,1,29,0,13.0,10
1,1,1,30,1,10.0,8
1,1,1,31,1,8.0,16
1,1,1,32,0,16.0,13
1,1,1,33,0,13.0,10
1,1,1,34,0,10.0,3
1,1,1,35,0,3.0,4
1,1,1,36,0,4.0,5
1,1,1,37,0,5.0,8
1,1,1,38,0,8.0,14
1,1,1,39,0,14.0,4
1,1,1,40,0,4.0,8
1,1,1,41,0,8.0,3
1,1,1,42,0,3.0,9
1,1,1,43,0,9.0,7
1,1,1,44,0,7.0,9
1,1,1,45,0,9.0,4
1,1,1,46,0,4.0,7
1,1,1,47,0,7.0,12
1,1,1,48,0,12.0,1
1,1,1,49,0,1.0,5
1,1,1,50,0,5.0,14
1,1,1,51,1,14.0,7
1,1,1,52,1,7.0,11
1,1,1,1,1,11.0,14
1,1,1,2,0,14.0,4
1,1,1,3,0,4.0,11
1,1,1,4,0,11.0,9
1,1,1,5,0,9.0,9
1,1,1,6,0,9.0,13
1,1,1,7,1,13.0,14
1,1,1,8,1,14.0,12
1,1,1,9,0,12.0,11
1,1,1,10,1,11.0,143
1,1,1,11,1,143.0,28
1,1,1,12,1,28.0,107
1,1,1,13,1,107.0,92
1,1,1,14,0,92.0,7
1,1,1,15,0,7.0,1
1,1,1,16,0,1.0,10
1,1,1,17,0,10.0,8
1,1,1,18,0,8.0,14
1,1,1,19,0,14.0,22
1,1,1,20,0,22.0,8
1,1,1,21,0,8.0,17
1,1,1,22,0,17.0,11
1,1,1,23,0,11.0,10
1,1,1,24,0,10.0,7
1,1,1,25,0,7.0,11
1,1,1,26,0,11.0,2
1,1,1,27,0,2.0,14
1,1,1,28,0,14.0,17
1,1,1,29,0,17.0,10
1,1,1,30,1,10.0,23
1,1,1,31,1,23.0,83
1,1,1,32,0,83.0,9
1,1,1,33,0,9.0,15
1,1,1,34,0,15.0,4
1,1,1,35,0,4.0,9
1,1,1,36,0,9.0,13
1,1,1,37,0,13.0,13
1,1,1,38,0,13.0,7
1,1,1,39,0,7.0,9
1,1,1,40,0,9.0,15
1,1,1,41,0,15.0,9
1,1,1,42,0,9.0,5
1,1,1,43,0,5.0,10
1,1,1,44,0,10.0,10
1,1,1,45,0,10.0,7
1,1,1,46,0,7.0,19
1,1,1,47,0,19.0,5
1,1,1,48,0,5.0,9
1,1,1,49,0,9.0,11
1,1,1,50,0,11.0,12
1,1,1,51,1,12.0,14
1,1,1,52,1,14.0,9
1,1,1,1,1,9.0,8
1,1,2,1,1,0.0,13
1,1,2,2,0,13.0,10
1,1,2,3,0,10.0,16
1,1,2,4,0,16.0,13
1,1,2,5,0,13.0,12
1,1,2,6,1,12.0,17
1,1,2,7,1,17.0,4
1,1,2,8,0,4.0,6
1,1,2,9,1,6.0,174
1,1,2,10,1,174.0,240
1,1,2,11,1,240.0,106
1,1,2,12,1,106.0,20
1,1,2,13,1,20.0,142
1,1,2,14,0,142.0,13
1,1,2,15,0,13.0,8
1,1,2,16,0,8.0,3
1,1,2,17,0,3.0,14
1,1,2,18,0,14.0,19
1,1,2,19,0,19.0,25
1,1,2,20,0,25.0,7
1,1,2,21,0,7.0,11
1,1,2,22,0,11.0,15
1,1,2,23,0,15.0,15
1,1,2,24,0,15.0,13
1,1,2,25,0,13.0,14
1,1,2,26,0,14.0,3
1,1,2,27,0,3.0,14
1,1,2,28,0,14.0,3
1,1,2,29,1,3.0,31
1,1,2,30,1,31.0,46
1,1,2,31,1,46.0,32
1,1,2,32,0,32.0,20
1,1,2,33,0,20.0,14
1,1,2,34,0,14.0,4
1,1,2,35,0,4.0,16
1,1,2,36,0,16.0,7
1,1,2,37,0,7.0,5
1,1,2,38,0,5.0,10
1,1,2,39,0,10.0,20
1,1,2,40,0,20.0,10
1,1,2,41,0,10.0,4
1,1,2,42,0,4.0,13
1,1,2,43,0,13.0,9
1,1,2,44,0,9.0,12
1,1,2,45,0,12.0,20
1,1,2,46,0,20.0,2
1,1,2,47,0,2.0,5
1,1,2,48,0,5.0,17
1,1,2,49,0,17.0,16
1,1,2,50,0,16.0,4
1,1,2,51,1,4.0,5
1,1,2,52,1,5.0,19
1,1,2,1,1,19.0,15
1,1,2,2,0,15.0,20
1,1,2,3,0,20.0,9
1,1,2,4,0,9.0,12
1,1,2,5,0,12.0,18
1,1,2,6,0,18.0,11
1,1,2,7,1,11.0,13
1,1,2,8,1,13.0,9
1,1,2,9,1,9.0,70
1,1,2,10,1,70.0,127
1,1,2,11,1,127.0,90
1,1,2,12,1,90.0,136
1,1,2,13,1,136.0,147
1,1,2,14,0,147.0,19
1,1,2,15,0,19.0,22
1,1,2,16,0,22.0,10
1,1,2,17,0,10.0,4
1,1,2,18,0,4.0,12
1,1,2,19,0,12.0,15
1,1,2,20,0,15.0,12
1,1,2,21,0,12.0,19
1,1,2,22,0,19.0,5
1,1,2,23,0,5.0,3
1,1,2,24,0,3.0,5
1,1,2,25,0,5.0,11
1,1,2,26,0,11.0,18
1,1,2,27,0,18.0,22
1,1,2,28,0,22.0,6
1,1,2,29,0,6.0,11
1,1,2,30,1,11.0,29
1,1,2,31,1,29.0,22
1,1,2,32,0,22.0,12
1,1,2,33,0,12.0,9
1,1,2,34,0,9.0,15
1,1,2,35,0,15.0,18
1,1,2,36,0,18.0,10
1,1,2,37,0,10.0,7
1,1,2,38,0,7.0,11
1,1,2,39,0,11.0,15
1,1,2,40,0,15.0,5
1,1,2,41,0,5.0,9
1,1,2,42,0,9.0,11
1,1,2,43,0,11.0,8
1,1,2,44,0,8.0,13
1,1,2,45,0,13.0,13
1,1,2,46,0,13.0,4
1,1,2,47,0,4.0,12
1,1,2,48,0,12.0,9
1,1,2,49,0,9.0,25
1,1,2,50,1,25.0,22
1,1,2,51,1,22.0,18
1,1,2,52,1,18.0,13
1,1,2,1,1,13.0,15
1,1,2,2,0,15.0,6
1,1,2,3,0,6.0,8
1,1,2,4,0,8.0,16
1,1,2,5,0,16.0,10
1,1,2,6,0,10.0,9
1,1,2,7,1,9.0,9
1,1,2,8,1,9.0,8
1,1,2,9,0,8.0,21
1,1,2,10,1,21.0,130
1,1,2,11,1,130.0,66
1,1,2,12,1,66.0,151
1,1,2,13,1,151.0,159
1,1,2,14,1,159.0,30
1,1,2,15,0,30.0,17
1,1,2,16,0,17.0,16
1,1,2,17,0,16.0,16
1,1,2,18,0,16.0,27
1,1,2,19,0,27.0,7
1,1,2,20,0,7.0,7
1,1,2,21,0,7.0,7
1,1,2,22,0,7.0,8
1,1,2,23,0,8.0,8
1,1,2,24,0,8.0,7
1,1,2,25,0,7.0,11
1,1,2,26,0,11.0,14
1,1,2,27,0,14.0,12
1,1,2,28,0,12.0,9
1,1,2,29,0,9.0,17
1,1,2,30,1,17.0,36
1,1,2,31,1,36.0,45
1,1,2,32,0,45.0,11
1,1,2,33,0,11.0,12
1,1,2,34,0,12.0,12
1,1,2,35,0,12.0,12
1,1,2,36,0,12.0,9
1,1,2,37,0,9.0,18
1,1,2,38,0,18.0,8
1,1,2,39,0,8.0,8
1,1,2,40,0,8.0,14
1,1,2,41,0,14.0,10
1,1,2,42,0,10.0,12
1,1,2,44,0,12.0,11
1,1,2,45,0,11.0,8
1,1,2,46,0,8.0,5
1,1,2,47,0,5.0,7
1,1,2,48,0,7.0,14
1,1,2,49,0,14.0,16
1,1,2,50,0,16.0,16
1,1,2,51,1,16.0,3
1,1,2,52,1,3.0,14
1,1,2,53,1,14.0,10
1,1,2,1,1,10.0,8
1,1,2,2,0,8.0,5
1,1,2,3,0,5.0,9
1,1,2,4,0,9.0,3
1,1,2,5,0,3.0,2
1,1,2,6,1,2.0,3
1,1,2,7,1,3.0,8
1,1,2,8,0,8.0,3
1,1,2,9,1,3.0,68
1,1,2,10,1,68.0,154
1,1,2,11,1,154.0,101
1,1,2,12,1,101.0,68
1,1,2,13,1,68.0,44
1,1,2,14,0,44.0,17
1,1,2,15,0,17.0,15
1,1,2,16,0,15.0,10
1,1,2,17,0,10.0,10
1,1,2,18,0,10.0,6
1,1,2,19,0,6.0,28
1,1,2,20,0,28.0,10
1,1,2,21,0,10.0,10
1,1,2,22,0,10.0,5
1,1,2,23,0,5.0,12
1,1,2,24,0,12.0,5
1,1,2,25,0,5.0,16
1,1,2,26,0,16.0,24
1,1,2,27,0,24.0,2
1,1,2,28,0,2.0,16
1,1,2,29,1,16.0,50
1,1,2,30,1,50.0,22
1,1,2,31,0,22.0,6
1,1,2,32,0,6.0,4
1,1,2,33,0,4.0,12
1,1,2,34,0,12.0,13
1,1,2,35,0,13.0,8
1,1,2,36,0,8.0,16
1,1,2,37,0,16.0,9
1,1,2,38,0,9.0,13
1,1,2,39,0,13.0,11
1,1,2,40,0,11.0,16
1,1,2,41,0,16.0,6
1,1,2,42,0,6.0,6
1,1,2,43,0,6.0,9
1,1,2,44,0,9.0,14
1,1,2,45,0,14.0,13
1,1,2,46,0,13.0,12
1,1,2,47,0,12.0,10
1,1,2,48,0,10.0,5
1,1,2,49,0,5.0,2
1,1,2,50,1,2.0,10
1,1,2,51,1,10.0,15
1,1,2,52,1,15.0,12
1,1,2,1,1,12.0,9
1,1,2,2,0,9.0,5
1,1,2,3,0,5.0,7
1,1,2,4,0,7.0,10
1,1,2,5,0,10.0,14
1,1,2,6,1,14.0,11
1,1,2,7,1,11.0,12
1,1,2,8,0,12.0,10
1,1,2,9,1,10.0,131
1,1,2,10,1,131.0,204
1,1,2,11,1,204.0,188
1,1,2,12,1,188.0,79
1,1,2,13,1,79.0,24
1,1,2,14,0,24.0,4
1,1,2,15,0,4.0,3
1,1,2,16,0,3.0,18
1,1,2,17,0,18.0,7
1,1,2,18,0,7.0,3
1,1,2,19,0,3.0,6
1,1,2,20,0,6.0,15
1,1,2,21,0,15.0,7
1,1,2,22,0,7.0,8
1,1,2,23,0,8.0,10
1,1,2,24,0,10.0,8
1,1,2,25,0,8.0,10
1,1,2,26,0,10.0,4
1,1,2,27,0,4.0,5
1,1,2,28,0,5.0,4
1,1,2,29,1,4.0,23
1,1,2,30,1,23.0,58
1,1,2,31,0,58.0,5
1,1,2,32,0,5.0,11
1,1,2,33,0,11.0,3
1,1,2,34,0,3.0,7
1,1,2,35,0,7.0,23
1,1,2,36,0,23.0,25
1,1,2,37,0,25.0,8
1,1,2,38,0,8.0,9
1,1,2,39,0,9.0,11
1,1,2,40,0,11.0,10
1,1,2,41,0,10.0,10
1,1,2,42,0,10.0,12
1,1,2,43,0,12.0,12
1,1,2,44,0,12.0,8
1,1,2,45,0,8.0,14
1,1,2,46,0,14.0,5
1,1,2,47,0,5.0,12
1,1,2,48,0,12.0,9
1,1,2,49,0,9.0,13
1,1,2,50,1,13.0,5
1,1,2,51,1,5.0,22
1,1,2,52,1,22.0,7
1,1,2,1,0,7.0,9
1,1,2,2,0,9.0,17
1,1,2,3,0,17.0,14
1,1,2,4,0,14.0,4
1,1,2,5,0,4.0,12
1,1,2,6,1,12.0,9
1,1,2,7,1,9.0,10
1,1,2,8,0,10.0,6
1,1,2,9,1,6.0,125
1,1,2,10,1,125.0,208
1,1,2,11,1,208.0,174
1,1,2,12,1,174.0,263
1,1,2,13,1,263.0,114
1,1,2,14,0,114.0,14
1,1,2,15,0,14.0,6
1,1,2,16,0,6.0,12
1,1,2,17,0,12.0,11
1,1,2,18,0,11.0,8
1,1,2,19,0,8.0,25
1,1,2,20,0,25.0,12
1,1,2,21,0,12.0,10
1,1,2,22,0,10.0,1
1,1,2,23,0,1.0,8
1,1,2,24,0,8.0,4
1,1,2,25,0,4.0,16
1,1,2,26,0,16.0,13
1,1,2,27,0,13.0,4
1,1,2,28,0,4.0,4
1,1,2,29,0,4.0,9
1,1,2,30,1,9.0,39
1,1,2,31,0,39.0,16
1,1,2,32,0,16.0,13
1,1,2,33,0,13.0,5
1,1,2,34,0,5.0,17
1,1,2,35,0,17.0,14
1,1,2,36,0,14.0,11
1,1,2,37,0,11.0,14
1,1,2,38,0,14.0,12
1,1,2,39,0,12.0,10
1,1,2,40,0,10.0,2
1,1,2,41,0,2.0,9
1,1,2,42,0,9.0,23
1,1,2,43,0,23.0,5
1,1,2,44,0,5.0,6
1,1,2,45,0,6.0,13
1,1,2,46,0,13.0,8
1,1,2,47,0,8.0,4
1,1,2,48,0,4.0,5
1,1,2,49,0,5.0,15
1,1,2,50,1,15.0,10
1,1,2,51,1,10.0,22
1,1,2,52,1,22.0,13
1,1,2,1,1,13.0,11
1,1,2,2,0,11.0,18
1,1,2,3,0,18.0,6
1,1,2,4,0,6.0,2
1,1,2,5,0,2.0,8
1,1,2,6,1,8.0,13
1,1,2,7,1,13.0,8
1,1,2,8,0,8.0,4
1,1,2,9,1,4.0,84
1,1,2,10,1,84.0,70
1,1,2,11,1,70.0,277
1,1,2,12,1,277.0,107
1,1,2,13,1,107.0,69
1,1,2,14,0,69.0,12
1,1,2,15,0,12.0,10
1,1,2,16,0,10.0,7
1,1,2,17,0,7.0,20
1,1,2,18,0,20.0,11
1,1,2,19,0,11.0,6
1,1,2,20,0,6.0,11
1,1,2,21,0,11.0,9
1,1,2,22,0,9.0,5
1,1,2,23,0,5.0,7
1,1,2,24,0,7.0,15
1,1,2,25,0,15.0,9
1,1,2,26,0,9.0,7
1,1,2,27,0,7.0,12
1,1,2,28,0,12.0,15
1,1,2,30,1,15.0,49
1,1,2,31,1,49.0,30
1,1,2,32,0,30.0,19
1,1,2,33,0,19.0,5
1,1,2,34,0,5.0,9
1,1,2,35,0,9.0,5
1,1,2,36,0,5.0,11
1,1,2,37,0,11.0,6
1,1,2,39,0,6.0,9
1,1,2,40,0,9.0,19
1,1,2,41,0,19.0,13
1,1,2,42,0,13.0,12
1,1,2,43,0,12.0,10
1,1,2,44,0,10.0,9
1,1,2,45,0,9.0,14
1,1,2,46,0,14.0,8
1,1,2,47,0,8.0,12
1,1,2,48,0,12.0,14
1,1,2,49,0,14.0,10
1,1,2,50,1,10.0,18
1,1,2,51,1,18.0,19
1,1,2,52,1,19.0,8
1,1,2,1,1,8.0,19
1,1,2,2,0,19.0,7
1,1,2,3,0,7.0,8
1,1,2,4,0,8.0,6
1,1,2,5,0,6.0,8
1,1,2,6,0,8.0,9
1,1,2,7,1,9.0,7
1,1,2,8,1,7.0,15
1,1,2,9,1,15.0,40
1,1,2,10,1,40.0,57
1,1,2,11,1,57.0,67
1,1,2,12,1,67.0,114
1,1,2,13,1,114.0,178
1,1,2,14,1,178.0,35
1,1,2,15,0,35.0,19
1,1,2,16,0,19.0,16
1,1,2,17,0,16.0,11
1,1,2,18,0,11.0,12
1,1,2,19,0,12.0,21
1,1,2,20,0,21.0,2
1,1,2,21,0,2.0,8
1,1,2,22,0,8.0,6
1,1,2,23,0,6.0,9
1,1,2,24,0,9.0,13
1,1,2,25,0,13.0,4
1,1,2,26,0,4.0,10
1,1,2,27,0,10.0,3
1,1,2,28,0,3.0,6
1,1,2,29,0,6.0,16
1,1,2,30,1,16.0,60
1,1,2,31,1,60.0,16
1,1,2,32,0,16.0,5
1,1,2,33,0,5.0,6
1,1,2,34,0,6.0,10
1,1,2,35,0,10.0,8
1,1,2,36,0,8.0,10
1,1,2,37,0,10.0,15
1,1,2,38,0,15.0,14
1,1,2,39,0,14.0,2
1,1,2,40,0,2.0,9
1,1,2,41,0,9.0,7
1,1,2,42,0,7.0,12
1,1,2,43,0,12.0,5
1,1,2,44,0,5.0,9
1,1,2,45,0,9.0,19
1,1,2,46,0,19.0,17
1,1,2,47,0,17.0,10
1,1,2,48,0,10.0,19
1,1,2,49,0,19.0,12
1,1,2,50,0,12.0,9
1,1,2,51,1,9.0,6
1,1,2,52,1,6.0,6
1,1,2,1,1,6.0,5
1,2,0,1,1,0.0,6
1,2,0,2,0,6.0,9
1,2,0,3,0,9.0,12
1,2,0,4,0,12.0,10
1,2,0,5,0,10.0,8
1,2,0,6,1,8.0,8
1,2,0,7,1,8.0,8
1,2,0,8,1,8.0,7
1,2,0,9,1,7.0,136
1,2,0,10,1,136.0,131
1,2,0,11,1,131.0,161
1,2,0,12,1,161.0,146
1,2,0,13,1,146.0,142
1,2,0,14,0,142.0,11
1,2,0,15,0,11.0,12
1,2,0,16,0,12.0,11
1,2,0,17,0,11.0,17
1,2,0,18,0,17.0,13
1,2,0,19,0,13.0,6
1,2,0,20,0,6.0,12
1,2,0,21,0,12.0,12
1,2,0,22,0,12.0,28
1,2,0,23,0,28.0,6
1,2,0,24,0,6.0,10
1,2,0,25,0,10.0,16
1,2,0,26,0,16.0,8
1,2,0,27,0,8.0,6
1,2,0,28,0,6.0,4
1,2,0,29,0,4.0,4
1,2,0,30,1,4.0,7
1,2,0,31,0,7.0,3
1,2,0,32,0,3.0,10
1,2,0,33,0,10.0,17
1,2,0,34,0,17.0,4
1,2,0,35,0,4.0,9
1,2,0,36,0,9.0,26
1,2,0,37,0,26.0,18
1,2,0,38,0,18.0,13
1,2,0,39,0,13.0,18
1,2,0,40,0,18.0,2
1,2,0,41,0,2.0,2
1,2,0,42,0,2.0,11
1,2,0,43,0,11.0,6
1,2,0,44,0,6.0,9
1,2,0,45,0,9.0,26
1,2,0,46,0,26.0,6
1,2,0,47,0,6.0,10
1,2,0,48,0,10.0,11
1,2,0,49,0,11.0,8
1,2,0,50,0,8.0,15
1,2,0,51,1,15.0,9
1,2,0,52,1,9.0,8
1,2,0,1,1,8.0,13
1,2,0,2,0,13.0,12
1,2,0,3,0,12.0,4
1,2,0,4,0,4.0,16
1,2,0,5,0,16.0,12
1,2,0,6,0,12.0,7
1,2,0,7,1,7.0,10
1,2,0,8,1,10.0,5
1,2,0,9,1,5.0,33
1,2,0,10,1,33.0,19
1,2,0,11,1,19.0,69
1,2,0,12,1,69.0,49
1,2,0,13,1,49.0,50
1,2,0,14,0,50.0,9
1,2,0,15,0,9.0,12
1,2,0,16,0,12.0,15
1,2,0,17,0,15.0,12
1,2,0,18,0,12.0,20
1,2,0,19,0,20.0,18
1,2,0,20,0,18.0,11
1,2,0,21,0,11.0,13
1,2,0,22,0,13.0,8
1,2,0,23,0,8.0,17
1,2,0,24,0,17.0,6
1,2,0,25,0,6.0,14
1,2,0,26,0,14.0,12
1,2,0,27,0,12.0,7
1,2,0,28,0,7.0,4
1,2,0,29,0,4.0,14
1,2,0,30,1,14.0,9
1,2,0,31,0,9.0,7
1,2,0,32,0,7.0,9
1,2,0,33,0,9.0,13
1,2,0,34,0,13.0,15
1,2,0,35,0,15.0,5
1,2,0,36,0,5.0,8
1,2,0,37,0,8.0,10
1,2,0,38,0,10.0,8
1,2,0,39,0,8.0,23
1,2,0,40,0,23.0,19
1,2,0,41,0,19.0,16
1,2,0,42,0,16.0,11
1,2,0,43,0,11.0,7
1,2,0,44,0,7.0,6
1,2,0,45,0,6.0,5
1,2,0,46,0,5.0,2
1,2,0,47,0,2.0,12
1,2,0,48,0,12.0,8
1,2,0,49,0,8.0,9
1,2,0,50,1,9.0,9
1,2,0,51,1,9.0,8
1,2,0,52,1,8.0,6
1,2,0,1,1,6.0,17
1,2,0,2,0,17.0,5
1,2,0,3,0,5.0,12
1,2,0,4,0,12.0,6
1,2,0,5,0,6.0,15
1,2,0,6,0,15.0,17
1,2,0,7,1,17.0,7
1,2,0,8,1,7.0,10
1,2,0,9,1,10.0,49
1,2,0,10,1,49.0,79
1,2,0,11,1,79.0,71
1,2,0,12,1,71.0,172
1,2,0,13,1,172.0,70
1,2,0,14,1,70.0,30
1,2,0,15,0,30.0,10
1,2,0,16,0,10.0,5
1,2,0,17,0,5.0,6
1,2,0,18,0,6.0,22
1,2,0,19,0,22.0,8
1,2,0,20,0,8.0,9
1,2,0,21,0,9.0,4
1,2,0,22,0,4.0,10
1,2,0,23,0,10.0,9
1,2,0,24,0,9.0,3
1,2,0,25,0,3.0,13
1,2,0,26,0,13.0,6
1,2,0,27,0,6.0,9
1,2,0,28,0,9.0,2
1,2,0,29,0,2.0,11
1,2,0,30,1,11.0,3
1,2,0,31,1,3.0,18
1,2,0,32,0,18.0,10
1,2,0,33,0,10.0,27
1,2,0,34,0,27.0,16
1,2,0,35,0,16.0,7
1,2,0,36,0,7.0,5
1,2,0,37,0,5.0,17
1,2,0,38,0,17.0,7
1,2,0,39,0,7.0,15
1,2,0,40,0,15.0,8
1,2,0,41,0,8.0,12
1,2,0,42,0,12.0,13
1,2,0,43,0,13.0,21
1,2,0,44,0,21.0,11
1,2,0,45,0,11.0,8
1,2,0,46,0,8.0,13
1,2,0,47,0,13.0,10
1,2,0,48,0,10.0,22
1,2,0,49,0,22.0,8
1,2,0,50,0,8.0,17
1,2,0,51,1,17.0,13
1,2,0,52,1,13.0,11
1,2,0,53,1,11.0,13
1,2,0,1,1,13.0,5
1,2,0,2,0,5.0,17
1,2,0,3,0,17.0,17
1,2,0,4,0,17.0,23
1,2,0,5,0,23.0,4
1,2,0,6,1,4.0,5
1,2,0,7,1,5.0,10
1,2,0,8,0,10.0,10
1,2,0,9,1,10.0,227
1,2,0,10,1,227.0,104
1,2,0,11,1,104.0,101
1,2,0,12,1,101.0,208
1,2,0,13,1,208.0,100
1,2,0,14,0,100.0,12
1,2,0,15,0,12.0,10
1,2,0,16,0,10.0,28
1,2,0,17,0,28.0,7
1,2,0,18,0,7.0,5
1,2,0,19,0,5.0,6
1,2,0,20,0,6.0,7
1,2,0,21,0,7.0,9
1,2,0,22,0,9.0,4
1,2,0,23,0,4.0,19
1,2,0,24,0,19.0,7
1,2,0,25,0,7.0,8
1,2,0,26,0,8.0,7
1,2,0,27,0,7.0,11
1,2,0,28,0,11.0,13
1,2,0,29,1,13.0,9
1,2,0,30,1,9.0,20
1,2,0,31,0,20.0,9
1,2,0,32,0,9.0,13
1,2,0,33,0,13.0,15
1,2,0,34,0,15.0,11
1,2,0,35,0,11.0,19
1,2,0,36,0,19.0,16
1,2,0,37,0,16.0,11
1,2,0,38,0,11.0,6
1,2,0,39,0,6.0,11
1,2,0,40,0,11.0,5
1,2,0,41,0,5.0,14
1,2,0,42,0,14.0,8
1,2,0,43,0,8.0,8
1,2,0,44,0,8.0,5
1,2,0,45,0,5.0,13
1,2,0,46,0,13.0,7
1,2,0,47,0,7.0,10
1,2,0,48,0,10.0,14
1,2,0,49,0,14.0,12
1,2,0,50,1,12.0,9
1,2,0,51,1,9.0,10
1,2,0,52,1,10.0,15
1,2,0,1,1,15.0,4
1,2,0,2,0,4.0,10
1,2,0,3,0,10.0,18
1,2,0,4,0,18.0,13
1,2,0,5,0,13.0,17
1,2,0,6,1,17.0,8
1,2,0,7,1,8.0,5
1,2,0,8,0,5.0,9
1,2,0,9,1,9.0,129
1,2,0,10,1,129.0,22
1,2,0,11,1,22.0,237
1,2,0,12,1,237.0,152
1,2,0,13,1,152.0,116
1,2,0,14,0,116.0,8
1,2,0,15,0,8.0,6
1,2,0,16,0,6.0,15
1,2,0,17,0,15.0,14
1,2,0,18,0,14.0,1
1,2,0,19,0,1.0,11
1,2,0,20,0,11.0,10
1,2,0,21,0,10.0,12
1,2,0,22,0,12.0,8
1,2,0,23,0,8.0,10
1,2,0,24,0,10.0,7
1,2,0,25,0,7.0,10
1,2,0,26,0,10.0,8
1,2,0,27,0,8.0,14
1,2,0,28,0,14.0,11
1,2,0,29,1,11.0,16
1,2,0,30,1,16.0,6
1,2,0,31,0,6.0,1
1,2,0,33,0,1.0,10
1,2,0,34,0,10.0,17
1,2,0,35,0,17.0,6
1,2,0,36,0,6.0,7
1,2,0,37,0,7.0,8
1,2,0,38,0,8.0,15
1,2,0,39,0,15.0,2
1,2,0,40,0,2.0,15
1,2,0,41,0,15.0,9
1,2,0,42,0,9.0,9
1,2,0,43,0,9.0,4
1,2,0,44,0,4.0,15
1,2,0,45,0,15.0,9
1,2,0,46,0,9.0,14
1,2,0,47,0,14.0,9
1,2,0,49,0,9.0,15
1,2,0,50,1,15.0,21
1,2,0,51,1,21.0,6
1,2,0,52,1,6.0,5
1,2,0,1,1,5.0,10
1,2,0,2,0,10.0,15
1,2,0,3,0,15.0,12
1,2,0,4,0,12.0,10
1,2,0,5,0,10.0,9
1,2,0,6,1,9.0,18
1,2,0,7,1,18.0,13
1,2,0,8,0,13.0,17
1,2,0,9,1,17.0,82
1,2,0,10,1,82.0,194
1,2,0,11,1,194.0,158
1,2,0,12,1,158.0,42
1,2,0,13,1,42.0,93
1,2,0,14,0,93.0,3
1,2,0,15,0,3.0,9
1,2,0,16,0,9.0,5
1,2,0,17,0,5.0,6
1,2,0,18,0,6.0,13
1,2,0,19,0,13.0,8
1,2,0,20,0,8.0,10
1,2,0,21,0,10.0,5
1,2,0,22,0,5.0,17
1,2,0,23,0,17.0,8
1,2,0,24,0,8.0,5
1,2,0,25,0,5.0,18
1,2,0,26,0,18.0,17
1,2,0,27,0,17.0,7
1,2,0,28,0,7.0,8
1,2,0,29,1,8.0,7
1,2,0,30,1,7.0,10
1,2,0,31,1,10.0,19
1,2,0,32,0,19.0,7
1,2,0,33,0,7.0,13
1,2,0,34,0,13.0,10
1,2,0,35,0,10.0,18
1,2,0,36,0,18.0,15
1,2,0,37,0,15.0,1
1,2,0,38,0,1.0,13
1,2,0,39,0,13.0,13
1,2,0,40,0,13.0,14
1,2,0,41,0,14.0,8
1,2,0,42,0,8.0,9
1,2,0,43,0,9.0,11
1,2,0,44,0,11.0,6
1,2,0,45,0,6.0,6
1,2,0,46,0,6.0,4
1,2,0,47,0,4.0,12
1,2,0,48,0,12.0,8
1,2,0,49,0,8.0,14
1,2,0,50,1,14.0,16
1,2,0,51,1,16.0,7
1,2,0,52,1,7.0,15
1,2,0,1,1,15.0,9
1,2,0,2,0,9.0,11
1,2,0,3,0,11.0,11
1,2,0,4,0,11.0,9
1,2,0,5,0,9.0,7
1,2,0,6,1,7.0,16
1,2,0,7,1,16.0,19
1,2,0,8,0,19.0,1
1,2,0,9,1,1.0,68
1,2,0,10,1,68.0,155
1,2,0,11,1,155.0,75
1,2,0,12,1,75.0,30
1,2,0,13,1,30.0,186
1,2,0,14,0,186.0,22
1,2,0,15,0,22.0,18
1,2,0,16,0,18.0,6
1,2,0,17,0,6.0,10
1,2,0,18,0,10.0,20
1,2,0,19,0,20.0,11
1,2,0,20,0,11.0,9
1,2,0,21,0,9.0,15
1,2,0,22,0,15.0,10
1,2,0,23,0,10.0,9
1,2,0,24,0,9.0,4
1,2,0,25,0,4.0,14
1,2,0,26,0,14.0,7
1,2,0,27,0,7.0,7
1,2,0,28,0,7.0,10
1,2,0,29,0,10.0,9
1,2,0,30,1,9.0,20
1,2,0,31,1,20.0,20
1,2,0,32,0,20.0,12
1,2,0,33,0,12.0,4
1,2,0,34,0,4.0,16
1,2,0,35,0,16.0,3
1,2,0,36,0,3.0,17
1,2,0,37,0,17.0,10
1,2,0,38,0,10.0,12
1,2,0,39,0,12.0,16
1,2,0,40,0,16.0,4
1,2,0,41,0,4.0,18
1,2,0,42,0,18.0,9
1,2,0,43,0,9.0,2
1,2,0,44,0,2.0,4
1,2,0,45,0,4.0,19
1,2,0,46,0,19.0,15
1,2,0,47,0,15.0,22
1,2,0,48,0,22.0,14
1,2,0,49,0,14.0,9
1,2,0,50,0,9.0,8
1,2,0,51,1,8.0,7
1,2,0,52,1,7.0,8
1,2,0,1,1,8.0,10
1,2,0,2,0,10.0,8
1,2,0,3,0,8.0,14
1,2,0,4,0,14.0,7
1,2,0,5,0,7.0,15
1,2,0,6,0,15.0,10
1,2,0,7,1,10.0,13
1,2,0,8,1,13.0,6
1,2,0,9,0,6.0,6
1,2,0,10,1,6.0,155
1,2,0,11,1,155.0,22
1,2,0,12,1,22.0,183
1,2,0,13,1,183.0,193
1,2,0,14,0,193.0,4
1,2,0,15,0,4.0,9
1,2,0,16,0,9.0,7
1,2,0,17,0,7.0,15
1,2,0,18,0,15.0,5
1,2,0,19,0,5.0,9
1,2,0,20,0,9.0,3
1,2,0,21,0,3.0,7
1,2,0,22,0,7.0,12
1,2,0,23,0,12.0,11
1,2,0,24,0,11.0,16
1,2,0,25,0,16.0,9
1,2,0,26,0,9.0,5
1,2,0,27,0,5.0,6
1,2,0,28,0,6.0,11
1,2,0,29,0,11.0,9
1,2,0,30,1,9.0,15
1,2,0,31,1,15.0,15
1,2,0,32,0,15.0,9
1,2,0,33,0,9.0,7
1,2,0,34,0,7.0,7
1,2,0,35,0,7.0,1
1,2,0,36,0,1.0,9
1,2,0,37,0,9.0,15
1,2,0,38,0,15.0,14
1,2,0,39,0,14.0,15
1,2,0,40,0,15.0,18
1,2,0,41,0,18.0,6
1,2,0,42,0,6.0,2
1,2,0,43,0,2.0,2
1,2,0,44,0,2.0,15
1,2,0,45,0,15.0,10
1,2,0,46,0,10.0,13
1,2,0,47,0,13.0,6
1,2,0,48,0,6.0,6
1,2,0,49,0,6.0,9
1,2,0,50,0,9.0,8
1,2,0,51,1,8.0,12
1,2,0,52,1,12.0,7
1,2,0,1,1,7.0,1
1,2,1,1,1,0.0,14
1,2,1,2,0,14.0,9
1,2,1,3,0,9.0,11
1,2,1,4,0,11.0,12
1,2,1,5,0,12.0,17
1,2,1,6,0,17.0,6
1,2,1,7,1,6.0,13
1,2,1,8,1,13.0,17
1,2,1,9,1,17.0,156
1,2,1,10,1,156.0,75
1,2,1,11,1,75.0,83
1,2,1,12,1,83.0,143
1,2,1,13,1,143.0,39
1,2,1,14,0,39.0,17
1,2,1,15,0,17.0,7
1,2,1,16,0,7.0,9
1,2,1,17,0,9.0,17
1,2,1,18,0,17.0,6
1,2,1,19,0,6.0,11
1,2,1,20,0,11.0,1
1,2,1,21,0,1.0,19
1,2,1,22,0,19.0,12
1,2,1,23,0,12.0,13
1,2,1,24,0,13.0,7
1,2,1,25,0,7.0,12
1,2,1,26,0,12.0,2
1,2,1,27,0,2.0,3
1,2,1,28,0,3.0,17
1,2,1,29,1,17.0,16
1,2,1,30,1,16.0,1
1,2,1,31,0,1.0,13
1,2,1,32,0,13.0,15
1,2,1,33,0,15.0,19
1,2,1,34,0,19.0,11
1,2,1,35,0,11.0,12
1,2,1,36,0,12.0,9
1,2,1,37,0,9.0,6
1,2,1,38,0,6.0,5
1,2,1,39,0,5.0,10
1,2,1,40,0,10.0,10
1,2,1,41,0,10.0,10
1,2,1,42,0,10.0,5
1,2,1,43,0,5.0,16
1,2,1,44,0,16.0,19
1,2,1,45,0,19.0,10
1,2,1,46,0,10.0,10
1,2,1,47,0,10.0,13
1,2,1,48,0,13.0,5
1,2,1,49,0,5.0,10
1,2,1,50,0,10.0,14
1,2,1,51,1,14.0,9
1,2,1,52,1,9.0,4
1,2,1,1,1,4.0,3
1,2,1,2,0,3.0,3
1,2,1,3,0,3.0,8
1,2,1,4,0,8.0,10
1,2,1,5,0,10.0,15
1,2,1,6,1,15.0,8
1,2,1,7,1,8.0,8
1,2,1,8,1,8.0,8
1,2,1,9,1,8.0,58
1,2,1,10,1,58.0,19
1,2,1,11,1,19.0,227
1,2,1,12,1,227.0,176
1,2,1,13,1,176.0,71
1,2,1,14,0,71.0,2
1,2,1,15,0,2.0,9
1,2,1,16,0,9.0,18
1,2,1,17,0,18.0,6
1,2,1,18,0,6.0,10
1,2,1,19,0,10.0,10
1,2,1,20,0,10.0,18
1,2,1,21,0,18.0,12
1,2,1,22,0,12.0,11
1,2,1,23,0,11.0,9
1,2,1,24,0,9.0,16
1,2,1,25,0,16.0,10
1,2,1,26,0,10.0,14
1,2,1,27,0,14.0,5
1,2,1,28,0,5.0,5
1,2,1,29,0,5.0,10
1,2,1,30,1,10.0,4
1,2,1,31,1,4.0,10
1,2,1,32,0,10.0,6
1,2,1,33,0,6.0,7
1,2,1,34,0,7.0,23
1,2,1,35,0,23.0,13
1,2,1,36,0,13.0,17
1,2,1,37,0,17.0,14
1,2,1,38,0,14.0,5
1,2,1,39,0,5.0,7
1,2,1,40,0,7.0,8
1,2,1,41,0,8.0,17
1,2,1,42,0,17.0,11
1,2,1,43,0,11.0,6
1,2,1,44,0,6.0,7
1,2,1,45,0,7.0,13
1,2,1,46,0,13.0,7
1,2,1,47,0,7.0,16
1,2,1,48,0,16.0,16
1,2,1,49,0,16.0,12
1,2,1,50,0,12.0,6
1,2,1,51,1,6.0,11
1,2,1,52,1,11.0,13
1,2,1,1,1,13.0,6
1,2,1,2,0,6.0,7
1,2,1,3,0,7.0,13
1,2,1,4,0,13.0,2
1,2,1,5,0,2.0,12
1,2,1,6,0,12.0,8
1,2,1,7,1,8.0,4
1,2,1,8,1,4.0,10
1,2,1,9,1,10.0,29
1,2,1,10,1,29.0,133
1,2,1,11,1,133.0,63
1,2,1,12,1,63.0,107
1,2,1,13,1,107.0,141
1,2,1,14,1,141.0,56
1,2,1,15,0,56.0,3
1,2,1,16,0,3.0,5
1,2,1,17,0,5.0,10
1,2,1,18,0,10.0,6
1,2,1,19,0,6.0,10
1,2,1,20,0,10.0,4
1,2,1,21,0,4.0,12
1,2,1,22,0,12.0,10
1,2,1,23,0,10.0,10
1,2,1,24,0,10.0,6
1,2,1,25,0,6.0,5
1,2,1,26,0,5.0,17
1,2,1,27,0,17.0,12
1,2,1,28,0,12.0,10
1,2,1,29,0,10.0,17
1,2,1,30,1,17.0,14
1,2,1,31,1,14.0,4
1,2,1,32,0,4.0,12
1,2,1,33,0,12.0,10
1,2,1,34,0,10.0,6
1,2,1,35,0,6.0,11
1,2,1,36,0,11.0,17
1,2,1,37,0,17.0,6
1,2,1,38,0,6.0,13
1,2,1,39,0,13.0,11
1,2,1,40,0,11.0,13
1,2,1,41,0,13.0,13
1,2,1,42,0,13.0,6
1,2,1,43,0,6.0,10
1,2,1,44,0,10.0,7
1,2,1,45,0,7.0,4
1,2,1,46,0,4.0,18
1,2,1,47,0,18.0,13
1,2,1,48,0,13.0,8
1,2,1,49,0,8.0,13
1,2,1,50,0,13.0,19
1,2,1,51,1,19.0,12
1,2,1,52,1,12.0,14
1,2,1,53,1,14.0,4
1,2,1,1,0,4.0,14
1,2,1,2,0,14.0,5
1,2,1,3,0,5.0,19
1,2,1,4,0,19.0,17
1,2,1,5,0,17.0,5
1,2,1,6,1,5.0,8
1,2,1,7,1,8.0,10
1,2,1,8,0,10.0,9
1,2,1,9,1,9.0,112
1,2,1,10,1,112.0,186
1,2,1,11,1,186.0,158
1,2,1,12,1,158.0,116
1,2,1,13,0,116.0,10
1,2,1,14,0,10.0,5
1,2,1,15,0,5.0,10
1,2,1,16,0,10.0,7
1,2,1,17,0,7.0,17
1,2,1,18,0,17.0,15
1,2,1,19,0,15.0,15
1,2,1,20,0,15.0,16
1,2,1,21,0,16.0,4
1,2,1,22,0,4.0,13
1,2,1,23,0,13.0,24
1,2,1,24,0,24.0,3
1,2,1,25,0,3.0,10
1,2,1,26,0,10.0,17
1,2,1,27,0,17.0,15
1,2,1,28,0,15.0,7
1,2,1,29,1,7.0,15
1,2,1,30,1,15.0,13
1,2,1,31,0,13.0,8
1,2,1,32,0,8.0,3
1,2,1,33,0,3.0,16
1,2,1,34,0,16.0,7
1,2,1,35,0,7.0,10
1,2,1,36,0,10.0,9
1,2,1,37,0,9.0,13
1,2,1,38,0,13.0,3
1,2,1,39,0,3.0,10
1,2,1,41,0,10.0,12
1,2,1,42,0,12.0,11
1,2,1,43,0,11.0,11
1,2,1,44,0,11.0,10
1,2,1,45,0,10.0,13
1,2,1,46,0,13.0,5
1,2,1,47,0,5.0,8
1,2,1,48,0,8.0,25
1,2,1,49,0,25.0,4
1,2,1,50,1,4.0,7
1,2,1,51,1,7.0,16
1,2,1,52,1,16.0,13
1,2,1,1,1,13.0,3
1,2,1,2,0,3.0,7
1,2,1,3,0,7.0,17
1,2,1,4,0,17.0,8
1,2,1,5,0,8.0,14
1,2,1,6,1,14.0,7
1,2,1,7,1,7.0,7
1,2,1,8,0,7.0,12
1,2,1,9,1,12.0,135
1,2,1,10,1,135.0,76
1,2,1,11,1,76.0,140
1,2,1,12,1,140.0,128
1,2,1,13,1,128.0,25
1,2,1,14,0,25.0,9
1,2,1,15,0,9.0,11
1,2,1,16,0,11.0,7
1,2,1,17,0,7.0,5
1,2,1,18,0,5.0,9
1,2,1,19,0,9.0,5
1,2,1,20,0,5.0,8
1,2,1,21,0,8.0,4
1,2,1,22,0,4.0,12
1,2,1,23,0,12.0,8
1,2,1,24,0,8.0,12
1,2,1,25,0,12.0,15
1,2,1,26,0,15.0,13
1,2,1,27,0,13.0,13
1,2,1,28,0,13.0,10
1,2,1,29,1,10.0,19
1,2,1,30,1,19.0,15
1,2,1,31,0,15.0,10
1,2,1,32,0,10.0,7
1,2,1,33,0,7.0,12
1,2,1,34,0,12.0,4
1,2,1,35,0,4.0,11
1,2,1,36,0,11.0,8
1,2,1,37,0,8.0,11
1,2,1,38,0,11.0,11
1,2,1,39,0,11.0,9
1,2,1,40,0,9.0,17
1,2,1,41,0,17.0,11
1,2,1,42,0,11.0,14
1,2,1,43,0,14.0,14
1,2,1,44,0,14.0,8
1,2,1,45,0,8.0,11
1,2,1,46,0,11.0,17
1,2,1,47,0,17.0,7
1,2,1,49,0,7.0,9
1,2,1,50,1,9.0,10
1,2,1,51,1,10.0,16
1,2,1,52,1,16.0,10
1,2,1,1,1,10.0,16
1,2,1,2,0,16.0,7
1,2,1,3,0,7.0,8
1,2,1,4,0,8.0,14
1,2,1,5,0,14.0,8
1,2,1,6,1,8.0,11
1,2,1,7,1,11.0,5
1,2,1,8,0,5.0,9
1,2,1,9,1,9.0,127
1,2,1,10,1,127.0,170
1,2,1,11,1,170.0,143
1,2,1,12,1,143.0,162
1,2,1,13,1,162.0,69
1,2,1,14,0,69.0,14
1,2,1,15,0,14.0,10
1,2,1,16,0,10.0,14
1,2,1,17,0,14.0,7
1,2,1,18,0,7.0,11
1,2,1,19,0,11.0,10
1,2,1,20,0,10.0,15
1,2,1,21,0,15.0,9
1,2,1,22,0,9.0,8
1,2,1,23,0,8.0,10
1,2,1,24,0,10.0,16
1,2,1,25,0,16.0,9
1,2,1,26,0,9.0,11
1,2,1,27,0,11.0,10
1,2,1,28,0,10.0,14
1,2,1,29,1,14.0,14
1,2,1,30,1,14.0,3
1,2,1,31,1,3.0,8
1,2,1,32,0,8.0,13
1,2,1,33,0,13.0,16
1,2,1,34,0,16.0,11
1,2,1,35,0,11.0,8
1,2,1,36,0,8.0,6
1,2,1,37,0,6.0,8
1,2,1,38,0,8.0,20
1,2,1,39,0,20.0,6
1,2,1,40,0,6.0,5
1,2,1,41,0,5.0,8
1,2,1,42,0,8.0,8
1,2,1,43,0,8.0,7
1,2,1,44,0,7.0,15
1,2,1,45,0,15.0,7
1,2,1,46,0,7.0,9
1,2,1,47,0,9.0,11
1,2,1,48,0,11.0,22
1,2,1,49,0,22.0,6
1,2,1,50,1,6.0,8
1,2,1,51,1,8.0,6
1,2,1,52,1,6.0,12
1,2,1,1,1,12.0,12
1,2,1,2,0,12.0,10
1,2,1,3,0,10.0,6
1,2,1,4,0,6.0,3
1,2,1,5,0,3.0,9
1,2,1,6,1,9.0,12
1,2,1,7,1,12.0,15
1,2,1,8,1,15.0,20
1,2,1,9,1,20.0,82
1,2,1,10,1,82.0,187
1,2,1,11,1,187.0,117
1,2,1,12,1,117.0,28
1,2,1,13,1,28.0,176
1,2,1,14,0,176.0,12
1,2,1,15,0,12.0,11
1,2,1,16,0,11.0,15
1,2,1,17,0,15.0,22
1,2,1,18,0,22.0,19
1,2,1,19,0,19.0,6
1,2,1,20,0,6.0,5
1,2,1,21,0,5.0,12
1,2,1,22,0,12.0,13
1,2,1,23,0,13.0,15
1,2,1,24,0,15.0,11
1,2,1,25,0,11.0,10
1,2,1,27,0,10.0,12
1,2,1,28,0,12.0,12
1,2,1,29,0,12.0,9
1,2,1,30,1,9.0,4
1,2,1,31,1,4.0,15
1,2,1,32,0,15.0,25
1,2,1,33,0,25.0,9
1,2,1,34,0,9.0,22
1,2,1,35,0,22.0,2
1,2,1,36,0,2.0,12
1,2,1,37,0,12.0,8
1,2,1,38,0,8.0,18
1,2,1,39,0,18.0,8
1,2,1,40,0,8.0,11
1,2,1,41,0,11.0,8
1,2,1,42,0,8.0,10
1,2,1,43,0,10.0,5
1,2,1,44,0,5.0,8
1,2,1,45,0,8.0,12
1,2,1,46,0,12.0,8
1,2,1,47,0,8.0,11
1,2,1,48,0,11.0,11
1,2,1,49,0,11.0,5
1,2,1,50,0,5.0,6
1,2,1,51,1,6.0,15
1,2,1,52,1,15.0,7
1,2,1,1,1,7.0,9
1,2,1,2,0,9.0,2
1,2,1,3,0,2.0,12
1,2,1,4,0,12.0,5
1,2,1,5,0,5.0,18
1,2,1,6,0,18.0,12
1,2,1,7,1,12.0,1
1,2,1,9,1,1.0,57
1,2,1,10,1,57.0,168
1,2,1,11,1,168.0,209
1,2,1,12,1,209.0,125
1,2,1,13,1,125.0,42
1,2,1,14,1,42.0,39
1,2,1,15,0,39.0,9
1,2,1,16,0,9.0,10
1,2,1,17,0,10.0,6
1,2,1,18,0,6.0,21
1,2,1,19,0,21.0,3
1,2,1,20,0,3.0,5
1,2,1,21,0,5.0,16
1,2,1,22,0,16.0,14
1,2,1,23,0,14.0,6
1,2,1,24,0,6.0,11
1,2,1,25,0,11.0,12
1,2,1,26,0,12.0,7
1,2,1,27,0,7.0,2
1,2,1,28,0,2.0,19
1,2,1,29,0,19.0,18
1,2,1,30,1,18.0,13
1,2,1,31,1,13.0,11
1,2,1,32,0,11.0,16
1,2,1,33,0,16.0,3
1,2,1,34,0,3.0,3
1,2,1,35,0,3.0,15
1,2,1,36,0,15.0,8
1,2,1,37,0,8.0,13
1,2,1,38,0,13.0,11
1,2,1,39,0,11.0,15
1,2,1,40,0,15.0,16
1,2,1,41,0,16.0,9
1,2,1,42,0,9.0,6
1,2,1,43,0,6.0,10
1,2,1,44,0,10.0,12
1,2,1,45,0,12.0,9
1,2,1,46,0,9.0,9
1,2,1,47,0,9.0,11
1,2,1,48,0,11.0,12
1,2,1,49,0,12.0,14
1,2,1,50,0,14.0,20
1,2,1,51,1,20.0,7
1,2,1,52,1,7.0,13
1,2,1,1,1,13.0,1
1,2,2,1,1,0.0,6
1,2,2,2,0,6.0,11
1,2,2,3,0,11.0,12
1,2,2,4,0,12.0,10
1,2,2,5,0,10.0,7
1,2,2,6,1,7.0,9
1,2,2,7,1,9.0,4
1,2,2,8,1,4.0,15
1,2,2,9,1,15.0,24
1,2,2,10,1,24.0,60
1,2,2,11,1,60.0,226
1,2,2,12,1,226.0,171
1,2,2,13,1,171.0,110
1,2,2,14,0,110.0,11
1,2,2,15,0,11.0,5
1,2,2,16,0,5.0,14
1,2,2,17,0,14.0,15
1,2,2,18,0,15.0,11
1,2,2,19,0,11.0,13
1,2,2,20,0,13.0,2
1,2,2,21,0,2.0,8
1,2,2,22,0,8.0,18
1,2,2,23,0,18.0,11
1,2,2,24,0,11.0,5
1,2,2,25,0,5.0,4
1,2,2,26,0,4.0,5
1,2,2,27,0,5.0,5
1,2,2,28,0,5.0,9
1,2,2,29,0,9.0,18
1,2,2,30,1,18.0,15
1,2,2,31,1,15.0,11
1,2,2,32,0,11.0,4
1,2,2,33,0,4.0,12
1,2,2,34,0,12.0,13
1,2,2,35,0,13.0,10
1,2,2,36,0,10.0,7
1,2,2,37,0,7.0,13
1,2,2,38,0,13.0,11
1,2,2,39,0,11.0,14
1,2,2,40,0,14.0,13
1,2,2,41,0,13.0,8
1,2,2,42,0,8.0,12
1,2,2,43,0,12.0,8
1,2,2,44,0,8.0,9
1,2,2,45,0,9.0,5
1,2,2,46,0,5.0,11
1,2,2,47,0,11.0,10
1,2,2,48,0,10.0,9
1,2,2,49,0,9.0,10
1,2,2,50,1,10.0,14
1,2,2,51,1,14.0,8
1,2,2,52,1,8.0,8
1,2,2,1,1,8.0,8
1,2,2,2,0,8.0,8
1,2,2,3,0,8.0,15
1,2,2,4,0,15.0,13
1,2,2,5,0,13.0,7
1,2,2,6,1,7.0,14
1,2,2,7,1,14.0,17
1,2,2,8,1,17.0,8
1,2,2,9,1,8.0,34
1,2,2,10,1,34.0,205
1,2,2,11,1,205.0,131
1,2,2,12,1,131.0,121
1,2,2,13,1,121.0,132
1,2,2,14,0,132.0,10
1,2,2,15,0,10.0,9
1,2,2,16,0,9.0,8
1,2,2,17,0,8.0,4
1,2,2,18,0,4.0,15
1,2,2,19,0,15.0,23
1,2,2,20,0,23.0,8
1,2,2,21,0,8.0,15
1,2,2,22,0,15.0,17
1,2,2,23,0,17.0,4
1,2,2,24,0,4.0,14
1,2,2,25,0,14.0,12
1,2,2,26,0,12.0,16
1,2,2,27,0,16.0,14
1,2,2,28,0,14.0,3
1,2,2,29,0,3.0,9
1,2,2,30,1,9.0,10
1,2,2,31,1,10.0,6
1,2,2,32,0,6.0,3
1,2,2,33,0,3.0,5
1,2,2,34,0,5.0,13
1,2,2,35,0,13.0,12
1,2,2,36,0,12.0,11
1,2,2,37,0,11.0,19
1,2,2,38,0,19.0,11
1,2,2,39,0,11.0,15
1,2,2,40,0,15.0,13
1,2,2,41,0,13.0,8
1,2,2,42,0,8.0,1
1,2,2,43,0,1.0,15
1,2,2,44,0,15.0,11
1,2,2,45,0,11.0,6
1,2,2,46,0,6.0,10
1,2,2,47,0,10.0,13
1,2,2,48,0,13.0,12
1,2,2,49,0,12.0,9
1,2,2,50,0,9.0,1
1,2,2,51,1,1.0,3
1,2,2,52,1,3.0,19
1,2,2,1,1,19.0,12
1,2,2,2,0,12.0,15
1,2,2,3,0,15.0,18
1,2,2,4,0,18.0,5
1,2,2,5,0,5.0,10
1,2,2,6,0,10.0,21
1,2,2,7,1,21.0,9
1,2,2,8,1,9.0,14
1,2,2,9,1,14.0,43
1,2,2,10,1,43.0,49
1,2,2,11,1,49.0,71
1,2,2,12,1,71.0,119
1,2,2,13,1,119.0,141
1,2,2,14,0,141.0,10
1,2,2,15,0,10.0,12
1,2,2,16,0,12.0,9
1,2,2,17,0,9.0,16
1,2,2,18,0,16.0,12
1,2,2,19,0,12.0,14
1,2,2,20,0,14.0,10
1,2,2,21,0,10.0,8
1,2,2,22,0,8.0,13
1,2,2,23,0,13.0,9
1,2,2,24,0,9.0,4
1,2,2,25,0,4.0,2
1,2,2,26,0,2.0,6
1,2,2,27,0,6.0,19
1,2,2,28,0,19.0,6
1,2,2,29,0,6.0,12
1,2,2,30,1,12.0,13
1,2,2,31,1,13.0,7
1,2,2,32,0,7.0,10
1,2,2,33,0,10.0,7
1,2,2,34,0,7.0,10
1,2,2,35,0,10.0,15
1,2,2,36,0,15.0,13
1,2,2,37,0,13.0,14
1,2,2,38,0,14.0,13
1,2,2,39,0,13.0,11
1,2,2,40,0,11.0,6
1,2,2,41,0,6.0,3
1,2,2,42,0,3.0,15
1,2,2,43,0,15.0,9
1,2,2,44,0,9.0,15
1,2,2,45,0,15.0,9
1,2,2,46,0,9.0,7
1,2,2,47,0,7.0,12
1,2,2,48,0,12.0,7
1,2,2,49,0,7.0,15
1,2,2,50,0,15.0,12
1,2,2,51,1,12.0,7
1,2,2,52,1,7.0,25
1,2,2,53,1,25.0,6
1,2,2,1,1,6.0,5
1,2,2,2,0,5.0,18
1,2,2,3,0,18.0,8
1,2,2,4,0,8.0,11
1,2,2,5,0,11.0,6
1,2,2,6,1,6.0,21
1,2,2,7,1,21.0,16
1,2,2,8,0,16.0,12
1,2,2,9,1,12.0,132
1,2,2,10,1,132.0,231
1,2,2,11,1,231.0,96
1,2,2,12,1,96.0,136
1,2,2,13,1,136.0,103
1,2,2,14,0,103.0,3
1,2,2,15,0,3.0,16
1,2,2,16,0,16.0,16
1,2,2,17,0,16.0,7
1,2,2,18,0,7.0,9
1,2,2,19,0,9.0,15
1,2,2,20,0,15.0,11
1,2,2,21,0,11.0,13
1,2,2,22,0,13.0,9
1,2,2,23,0,9.0,15
1,2,2,24,0,15.0,10
1,2,2,25,0,10.0,11
1,2,2,26,0,11.0,9
1,2,2,27,0,9.0,7
1,2,2,28,0,7.0,10
1,2,2,29,1,10.0,15
1,2,2,30,1,15.0,15
1,2,2,31,0,15.0,7
1,2,2,32,0,7.0,18
1,2,2,33,0,18.0,20
1,2,2,34,0,20.0,8
1,2,2,35,0,8.0,9
1,2,2,36,0,9.0,14
1,2,2,37,0,14.0,17
1,2,2,38,0,17.0,12
1,2,2,39,0,12.0,13
1,2,2,40,0,13.0,10
1,2,2,41,0,10.0,7
1,2,2,42,0,7.0,22
1,2,2,43,0,22.0,6
1,2,2,44,0,6.0,17
1,2,2,45,0,17.0,12
1,2,2,46,0,12.0,18
1,2,2,47,0,18.0,2
1,2,2,48,0,2.0,4
1,2,2,49,0,4.0,7
1,2,2,50,1,7.0,17
1,2,2,51,1,17.0,8
1,2,2,52,1,8.0,21
1,2,2,1,0,21.0,9
1,2,2,2,0,9.0,11
1,2,2,3,0,11.0,13
1,2,2,4,0,13.0,11
1,2,2,5,0,11.0,6
1,2,2,6,1,6.0,7
1,2,2,7,1,7.0,13
1,2,2,8,0,13.0,10
1,2,2,9,1,10.0,163
1,2,2,10,1,163.0,160
1,2,2,11,1,160.0,244
1,2,2,12,1,244.0,65
1,2,2,13,1,65.0,135
1,2,2,14,0,135.0,12
1,2,2,15,0,12.0,10
1,2,2,16,0,10.0,15
1,2,2,17,0,15.0,11
1,2,2,18,0,11.0,8
1,2,2,19,0,8.0,9
1,2,2,20,0,9.0,11
1,2,2,21,0,11.0,10
1,2,2,22,0,10.0,15
1,2,2,23,0,15.0,15
1,2,2,24,0,15.0,5
1,2,2,25,0,5.0,26
1,2,2,26,0,26.0,5
1,2,2,27,0,5.0,7
1,2,2,28,0,7.0,6
1,2,2,29,1,6.0,12
1,2,2,30,1,12.0,18
1,2,2,31,0,18.0,12
1,2,2,32,0,12.0,14
1,2,2,33,0,14.0,19
1,2,2,34,0,19.0,11
1,2,2,35,0,11.0,6
1,2,2,36,0,6.0,16
1,2,2,37,0,16.0,18
1,2,2,38,0,18.0,14
1,2,2,39,0,14.0,9
1,2,2,40,0,9.0,13
1,2,2,41,0,13.0,13
1,2,2,42,0,13.0,7
1,2,2,43,0,7.0,3
1,2,2,44,0,3.0,15
1,2,2,45,0,15.0,22
1,2,2,46,0,22.0,21
1,2,2,47,0,21.0,7
1,2,2,48,0,7.0,13
1,2,2,49,0,13.0,17
1,2,2,50,1,17.0,11
1,2,2,51,1,11.0,1
1,2,2,52,1,1.0,12
1,2,2,2,0,12.0,17
1,2,2,3,0,17.0,20
1,2,2,4,0,20.0,8
1,2,2,5,0,8.0,8
1,2,2,6,1,8.0,8
1,2,2,7,1,8.0,7
1,2,2,8,1,7.0,13
1,2,2,10,1,13.0,100
1,2,2,11,1,100.0,216
1,2,2,12,1,216.0,23
1,2,2,13,1,23.0,113
1,2,2,14,0,113.0,8
1,2,2,15,0,8.0,3
1,2,2,16,0,3.0,9
1,2,2,17,0,9.0,9
1,2,2,18,0,9.0,6
1,2,2,19,0,6.0,11
1,2,2,20,0,11.0,8
1,2,2,21,0,8.0,5
1,2,2,22,0,5.0,6
1,2,2,23,0,6.0,11
1,2,2,24,0,11.0,11
1,2,2,25,0,11.0,7
1,2,2,26,0,7.0,11
1,2,2,27,0,11.0,8
1,2,2,28,0,8.0,8
1,2,2,29,1,8.0,15
1,2,2,30,1,15.0,3
1,2,2,31,1,3.0,7
1,2,2,32,0,7.0,4
1,2,2,33,0,4.0,7
1,2,2,34,0,7.0,9
1,2,2,35,0,9.0,3
1,2,2,36,0,3.0,15
1,2,2,37,0,15.0,12
1,2,2,38,0,12.0,7
1,2,2,39,0,7.0,13
1,2,2,40,0,13.0,6
1,2,2,41,0,6.0,10
1,2,2,42,0,10.0,7
1,2,2,43,0,7.0,20
1,2,2,44,0,20.0,4
1,2,2,45,0,4.0,18
1,2,2,46,0,18.0,9
1,2,2,47,0,9.0,14
1,2,2,48,0,14.0,16
1,2,2,49,0,16.0,8
1,2,2,50,1,8.0,21
1,2,2,51,1,21.0,14
1,2,2,52,1,14.0,11
1,2,2,1,1,11.0,8
1,2,2,2,0,8.0,10
1,2,2,3,0,10.0,11
1,2,2,4,0,11.0,19
1,2,2,5,0,19.0,15
1,2,2,6,0,15.0,10
1,2,2,7,1,10.0,13
1,2,2,8,0,13.0,9
1,2,2,9,1,9.0,44
1,2,2,10,1,44.0,70
1,2,2,11,1,70.0,125
1,2,2,12,1,125.0,209
1,2,2,13,1,209.0,122
1,2,2,14,0,122.0,8
1,2,2,15,0,8.0,9
1,2,2,16,0,9.0,15
1,2,2,17,0,15.0,10
1,2,2,18,0,10.0,13
1,2,2,19,0,13.0,9
1,2,2,20,0,9.0,4
1,2,2,21,0,4.0,6
1,2,2,22,0,6.0,16
1,2,2,23,0,16.0,6
1,2,2,24,0,6.0,20
1,2,2,25,0,20.0,15
1,2,2,26,0,15.0,10
1,2,2,27,0,10.0,20
1,2,2,28,0,20.0,11
1,2,2,29,0,11.0,5
1,2,2,30,1,5.0,7
1,2,2,31,1,7.0,7
1,2,2,32,0,7.0,20
1,2,2,33,0,20.0,6
1,2,2,34,0,6.0,12
1,2,2,35,0,12.0,9
1,2,2,36,0,9.0,12
1,2,2,37,0,12.0,9
1,2,2,38,0,9.0,7
1,2,2,39,0,7.0,5
1,2,2,40,0,5.0,13
1,2,2,41,0,13.0,5
1,2,2,42,0,5.0,7
1,2,2,43,0,7.0,12
1,2,2,44,0,12.0,6
1,2,2,45,0,6.0,12
1,2,2,46,0,12.0,19
1,2,2,47,0,19.0,16
1,2,2,48,0,16.0,14
1,2,2,49,0,14.0,10
1,2,2,50,0,10.0,12
1,2,2,51,1,12.0,8
1,2,2,52,1,8.0,5
1,2,2,1,1,5.0,3
1,2,2,2,0,3.0,8
1,2,2,3,0,8.0,11
1,2,2,4,0,11.0,10
1,2,2,5,0,10.0,7
1,2,2,6,0,7.0,14
1,2,2,7,1,14.0,10
1,2,2,8,0,10.0,1
1,2,2,9,1,1.0,34
1,2,2,10,1,34.0,114
1,2,2,11,1,114.0,145
1,2,2,12,1,145.0,143
1,2,2,13,1,143.0,21
1,2,2,14,1,21.0,22
1,2,2,15,0,22.0,15
1,2,2,16,0,15.0,10
1,2,2,17,0,10.0,3
1,2,2,18,0,3.0,12
1,2,2,19,0,12.0,16
1,2,2,20,0,16.0,9
1,2,2,21,0,9.0,13
1,2,2,22,0,13.0,15
1,2,2,23,0,15.0,3
1,2,2,24,0,3.0,7
1,2,2,25,0,7.0,15
1,2,2,26,0,15.0,7
1,2,2,27,0,7.0,12
1,2,2,28,0,12.0,5
1,2,2,29,0,5.0,19
1,2,2,30,1,19.0,8
1,2,2,31,1,8.0,15
1,2,2,32,0,15.0,14
1,2,2,33,0,14.0,20
1,2,2,34,0,20.0,3
1,2,2,35,0,3.0,20
1,2,2,36,0,20.0,19
1,2,2,37,0,19.0,20
1,2,2,38,0,20.0,24
1,2,2,39,0,24.0,10
1,2,2,40,0,10.0,13
1,2,2,41,0,13.0,5
1,2,2,42,0,5.0,14
1,2,2,43,0,14.0,2
1,2,2,44,0,2.0,11
1,2,2,45,0,11.0,8
1,2,2,46,0,8.0,11
1,2,2,47,0,11.0,5
1,2,2,48,0,5.0,5
1,2,2,49,0,5.0,16
1,2,2,50,0,16.0,10
1,2,2,51,1,10.0,14
1,2,2,52,1,14.0,9
1,3,0,1,1,0.0,10
1,3,0,2,0,10.0,22
1,3,0,3,0,22.0,8
1,3,0,4,0,8.0,8
1,3,0,5,0,8.0,8
1,3,0,6,1,8.0,12
1,3,0,7,1,12.0,8
1,3,0,8,1,8.0,9
1,3,0,9,1,9.0,12
1,3,0,10,1,12.0,7
1,3,0,11,1,7.0,13
1,3,0,12,1,13.0,7
1,3,0,13,1,7.0,8
1,3,0,14,0,8.0,7
1,3,0,15,0,7.0,21
1,3,0,16,0,21.0,6
1,3,0,17,0,6.0,2
1,3,0,18,0,2.0,8
1,3,0,19,0,8.0,17
1,3,0,20,0,17.0,9
1,3,0,21,0,9.0,19
1,3,0,22,0,19.0,13
1,3,0,23,0,13.0,16
1,3,0,24,0,16.0,5
1,3,0,25,0,5.0,15
1,3,0,26,0,15.0,20
1,3,0,27,0,20.0,14
1,3,0,28,0,14.0,11
1,3,0,29,0,11.0,5
1,3,0,30,1,5.0,16
1,3,0,31,1,16.0,11
1,3,0,32,0,11.0,12
1,3,0,33,0,12.0,15
1,3,0,34,0,15.0,10
1,3,0,35,0,10.0,14
1,3,0,36,0,14.0,16
1,3,0,37,0,16.0,3
1,3,0,38,0,3.0,16
1,3,0,39,0,16.0,12
1,3,0,40,0,12.0,11
1,3,0,41,0,11.0,15
1,3,0,42,0,15.0,6
1,3,0,43,0,6.0,7
1,3,0,44,0,7.0,13
1,3,0,45,0,13.0,11
1,3,0,46,0,11.0,16
1,3,0,47,0,16.0,13
1,3,0,48,0,13.0,8
1,3,0,49,0,8.0,19
1,3,0,50,1,19.0,5
1,3,0,51,1,5.0,15
1,3,0,52,1,15.0,15
1,3,0,1,1,15.0,16
1,3,0,2,0,16.0,11
1,3,0,3,0,11.0,13
1,3,0,4,0,13.0,15
1,3,0,5,0,15.0,5
1,3,0,6,0,5.0,12
1,3,0,7,1,12.0,8
1,3,0,8,1,8.0,22
1,3,0,9,1,22.0,7
1,3,0,10,1,7.0,15
1,3,0,11,1,15.0,16
1,3,0,12,1,16.0,1
1,3,0,13,1,1.0,6
1,3,0,14,0,6.0,8
1,3,0,15,0,8.0,16
1,3,0,16,0,16.0,7
1,3,0,17,0,7.0,8
1,3,0,18,0,8.0,24
1,3,0,19,0,24.0,15
1,3,0,20,0,15.0,21
1,3,0,21,0,21.0,5
1,3,0,22,0,5.0,4
1,3,0,23,0,4.0,15
1,3,0,24,0,15.0,15
1,3,0,25,0,15.0,13
1,3,0,26,0,13.0,15
1,3,0,27,0,15.0,16
1,3,0,28,0,16.0,12
1,3,0,29,0,12.0,18
1,3,0,30,1,18.0,5
1,3,0,31,0,5.0,10
1,3,0,32,0,10.0,8
1,3,0,33,0,8.0,11
1,3,0,34,0,11.0,15
1,3,0,35,0,15.0,7
1,3,0,36,0,7.0,17
1,3,0,37,0,17.0,3
1,3,0,38,0,3.0,8
1,3,0,39,0,8.0,8
1,3,0,40,0,8.0,15
1,3,0,41,0,15.0,14
1,3,0,42,0,14.0,14
1,3,0,43,0,14.0,13
1,3,0,44,0,13.0,4
1,3,0,45,0,4.0,9
1,3,0,46,0,9.0,7
1,3,0,47,0,7.0,22
1,3,0,48,0,22.0,17
1,3,0,49,0,17.0,4
1,3,0,50,0,4.0,12
1,3,0,51,1,12.0,15
1,3,0,52,1,15.0,12
1,3,0,1,1,12.0,15
1,3,0,2,0,15.0,5
1,3,0,3,0,5.0,11
1,3,0,4,0,11.0,14
1,3,0,5,0,14.0,24
1,3,0,6,0,24.0,10
1,3,0,7,1,10.0,8
1,3,0,8,1,8.0,9
1,3,0,9,1,9.0,14
1,3,0,10,1,14.0,17
1,3,0,11,1,17.0,4
1,3,0,12,1,4.0,15
1,3,0,13,1,15.0,12
1,3,0,14,0,12.0,7
1,3,0,15,0,7.0,11
1,3,0,16,0,11.0,10
1,3,0,17,0,10.0,24
1,3,0,18,0,24.0,15
1,3,0,19,0,15.0,10
1,3,0,20,0,10.0,7
1,3,0,21,0,7.0,8
1,3,0,22,0,8.0,10
1,3,0,23,0,10.0,4
1,3,0,24,0,4.0,15
1,3,0,25,0,15.0,9
1,3,0,26,0,9.0,16
1,3,0,27,0,16.0,11
1,3,0,28,0,11.0,26
1,3,0,29,0,26.0,3
1,3,0,30,1,3.0,13
1,3,0,31,1,13.0,8
1,3,0,32,0,8.0,11
1,3,0,33,0,11.0,11
1,3,0,34,0,11.0,6
1,3,0,35,0,6.0,15
1,3,0,36,0,15.0,14
1,3,0,37,0,14.0,6
1,3,0,38,0,6.0,10
1,3,0,39,0,10.0,16
1,3,0,40,0,16.0,8
1,3,0,41,0,8.0,3
1,3,0,42,0,3.0,16
1,3,0,44,0,16.0,8
1,3,0,45,0,8.0,1
1,3,0,46,0,1.0,1
1,3,0,47,0,1.0,14
1,3,0,48,0,14.0,10
1,3,0,49,0,10.0,11
1,3,0,50,0,11.0,5
1,3,0,51,1,5.0,4
1,3,0,52,1,4.0,17
1,3,0,53,1,17.0,12
1,3,0,1,1,12.0,11
1,3,0,2,0,11.0,15
1,3,0,3,0,15.0,8
1,3,0,4,0,8.0,10
1,3,0,5,0,10.0,9
1,3,0,6,1,9.0,16
1,3,0,7,1,16.0,12
1,3,0,8,0,12.0,11
1,3,0,9,1,11.0,12
1,3,0,10,1,12.0,9
1,3,0,11,1,9.0,12
1,3,0,12,1,12.0,17
1,3,0,13,0,17.0,9
1,3,0,14,0,9.0,15
1,3,0,15,0,15.0,24
1,3,0,16,0,24.0,6
1,3,0,17,0,6.0,14
1,3,0,18,0,14.0,2
1,3,0,19,0,2.0,5
1,3,0,20,0,5.0,10
1,3,0,21,0,10.0,7
1,3,0,22,0,7.0,15
1,3,0,23,0,15.0,23
1,3,0,24,0,23.0,12
1,3,0,25,0,12.0,9
1,3,0,26,0,9.0,16
1,3,0,27,0,16.0,12
1,3,0,28,0,12.0,11
1,3,0,29,1,11.0,3
1,3,0,30,1,3.0,11
1,3,0,31,0,11.0,13
1,3,0,32,0,13.0,6
1,3,0,33,0,6.0,11
1,3,0,34,0,11.0,10
1,3,0,35,0,10.0,12
1,3,0,36,0,12.0,2
1,3,0,37,0,2.0,12
1,3,0,38,0,12.0,25
1,3,0,39,0,25.0,11
1,3,0,40,0,11.0,11
1,3,0,41,0,11.0,9
1,3,0,42,0,9.0,11
1,3,0,43,0,11.0,19
1,3,0,44,0,19.0,6
1,3,0,45,0,6.0,10
1,3,0,46,0,10.0,4
1,3,0,47,0,4.0,10
1,3,0,48,0,10.0,4
1,3,0,49,0,4.0,14
1,3,0,50,1,14.0,12
1,3,0,51,1,12.0,9
1,3,0,52,1,9.0,13
1,3,0,1,1,13.0,12
1,3,0,2,0,12.0,19
1,3,0,3,0,19.0,6
1,3,0,4,0,6.0,14
1,3,0,5,0,14.0,8
1,3,0,6,1,8.0,14
1,3,0,7,1,14.0,9
1,3,0,8,0,9.0,8
1,3,0,9,1,8.0,9
1,3,0,10,1,9.0,6
1,3,0,11,1,6.0,9
1,3,0,12,1,9.0,11
1,3,0,13,1,11.0,13
1,3,0,14,0,13.0,12
1,3,0,15,0,12.0,18
1,3,0,16,0,18.0,9
1,3,0,17,0,9.0,17
1,3,0,18,0,17.0,15
1,3,0,19,0,15.0,19
1,3,0,20,0,19.0,23
1,3,0,21,0,23.0,13
1,3,0,22,0,13.0,11
1,3,0,23,0,11.0,9
1,3,0,24,0,9.0,13
1,3,0,25,0,13.0,21
1,3,0,26,0,21.0,17
1,3,0,27,0,17.0,10
1,3,0,28,0,10.0,7
1,3,0,29,1,7.0,9
1,3,0,30,1,9.0,26
1,3,0,31,0,26.0,4
1,3,0,32,0,4.0,14
1,3,0,33,0,14.0,5
1,3,0,34,0,5.0,10
1,3,0,35,0,10.0,6
1,3,0,36,0,6.0,7
1,3,0,37,0,7.0,6
1,3,0,38,0,6.0,16
1,3,0,39,0,16.0,3
1,3,0,40,0,3.0,15
1,3,0,41,0,15.0,10
1,3,0,42,0,10.0,6
1,3,0,43,0,6.0,4
1,3,0,44,0,4.0,11
1,3,0,45,0,11.0,17
1,3,0,46,0,17.0,4
1,3,0,47,0,4.0,9
1,3,0,48,0,9.0,9
1,3,0,49,0,9.0,10
1,3,0,50,1,10.0,16
1,3,0,51,1,16.0,13
1,3,0,52,1,13.0,8
1,3,0,1,1,8.0,11
1,3,0,2,0,11.0,14
1,3,0,3,0,14.0,9
1,3,0,4,0,9.0,13
1,3,0,5,0,13.0,13
1,3,0,6,1,13.0,11
1,3,0,7,1,11.0,7
1,3,0,8,1,7.0,16
1,3,0,9,1,16.0,10
1,3,0,10,1,10.0,14
1,3,0,11,1,14.0,12
1,3,0,12,1,12.0,10
1,3,0,13,1,10.0,14
1,3,0,14,0,14.0,5
1,3,0,15,0,5.0,8
1,3,0,16,0,8.0,9
1,3,0,17,0,9.0,18
1,3,0,18,0,18.0,11
1,3,0,19,0,11.0,5
1,3,0,20,0,5.0,6
1,3,0,21,0,6.0,15
1,3,0,22,0,15.0,16
1,3,0,23,0,16.0,3
1,3,0,24,0,3.0,25
1,3,0,25,0,25.0,8
1,3,0,26,0,8.0,13
1,3,0,27,0,13.0,13
1,3,0,28,0,13.0,18
1,3,0,29,1,18.0,9
1,3,0,30,1,9.0,24
1,3,0,31,0,24.0,9
1,3,0,32,0,9.0,17
1,3,0,33,0,17.0,12
1,3,0,34,0,12.0,8
1,3,0,35,0,8.0,23
1,3,0,36,0,23.0,16
1,3,0,37,0,16.0,20
1,3,0,38,0,20.0,14
1,3,0,39,0,14.0,2
1,3,0,40,0,2.0,8
1,3,0,41,0,8.0,15
1,3,0,42,0,15.0,9
1,3,0,43,0,9.0,5
1,3,0,44,0,5.0,2
1,3,0,45,0,2.0,9
1,3,0,46,0,9.0,13
1,3,0,47,0,13.0,14
1,3,0,48,0,14.0,4
1,3,0,49,0,4.0,16
1,3,0,50,1,16.0,9
1,3,0,51,1,9.0,6
1,3,0,52,1,6.0,7
1,3,0,1,1,7.0,17
1,3,0,2,0,17.0,23
1,3,0,3,0,23.0,14
1,3,0,4,0,14.0,9
1,3,0,5,0,9.0,5
1,3,0,6,0,5.0,8
1,3,0,7,1,8.0,19
1,3,0,8,1,19.0,14
1,3,0,9,1,14.0,6
1,3,0,10,1,6.0,18
1,3,0,11,1,18.0,11
1,3,0,12,1,11.0,10
1,3,0,13,1,10.0,23
1,3,0,14,0,23.0,4
1,3,0,15,0,4.0,18
1,3,0,16,0,18.0,16
1,3,0,17,0,16.0,9
1,3,0,18,0,9.0,9
1,3,0,19,0,9.0,7
1,3,0,20,0,7.0,14
1,3,0,21,0,14.0,7
1,3,0,22,0,7.0,8
1,3,0,23,0,8.0,9
1,3,0,24,0,9.0,13
1,3,0,25,0,13.0,3
1,3,0,26,0,3.0,12
1,3,0,27,0,12.0,8
1,3,0,28,0,8.0,12
1,3,0,29,0,12.0,9
1,3,0,30,1,9.0,11
1,3,0,31,1,11.0,9
1,3,0,32,0,9.0,21
1,3,0,33,0,21.0,11
1,3,0,34,0,11.0,4
1,3,0,35,0,4.0,10
1,3,0,36,0,10.0,17
1,3,0,37,0,17.0,13
1,3,0,38,0,13.0,10
1,3,0,39,0,10.0,2
1,3,0,40,0,2.0,6
1,3,0,41,0,6.0,3
1,3,0,42,0,3.0,6
1,3,0,43,0,6.0,13
1,3,0,44,0,13.0,11
1,3,0,45,0,11.0,6
1,3,0,46,0,6.0,15
1,3,0,47,0,15.0,5
1,3,0,48,0,5.0,10
1,3,0,49,0,10.0,6
1,3,0,50,1,6.0,13
1,3,0,51,1,13.0,10
1,3,0,52,1,10.0,7
1,3,0,1,1,7.0,9
1,3,0,2,0,9.0,4
1,3,0,3,0,4.0,6
1,3,0,4,0,6.0,13
1,3,0,5,0,13.0,4
1,3,0,6,0,4.0,7
1,3,0,7,1,7.0,7
1,3,0,8,1,7.0,7
1,3,0,9,1,7.0,13
1,3,0,10,1,13.0,4
1,3,0,11,1,4.0,11
1,3,0,12,1,11.0,7
1,3,0,13,1,7.0,11
1,3,0,14,0,11.0,5
1,3,0,15,0,5.0,10
1,3,0,16,0,10.0,6
1,3,0,17,0,6.0,13
1,3,0,18,0,13.0,9
1,3,0,19,0,9.0,13
1,3,0,20,0,13.0,7
1,3,0,21,0,7.0,5
1,3,0,22,0,5.0,20
1,3,0,23,0,20.0,7
1,3,0,24,0,7.0,9
1,3,0,25,0,9.0,8
1,3,0,26,0,8.0,5
1,3,0,27,0,5.0,15
1,3,0,28,0,15.0,11
1,3,0,29,0,11.0,7
1,3,0,30,1,7.0,12
1,3,0,31,1,12.0,17
1,3,0,32,0,17.0,13
1,3,0,33,0,13.0,12
1,3,0,34,0,12.0,7
1,3,0,35,0,7.0,9
1,3,0,36,0,9.0,3
1,3,0,37,0,3.0,14
1,3,0,38,0,14.0,13
1,3,0,39,0,13.0,4
1,3,0,40,0,4.0,4
1,3,0,41,0,4.0,11
1,3,0,42,0,11.0,18
1,3,0,43,0,18.0,10
1,3,0,44,0,10.0,13
1,3,0,45,0,13.0,2
1,3,0,46,0,2.0,8
1,3,0,47,0,8.0,11
1,3,0,48,0,11.0,17
1,3,0,49,0,17.0,10
1,3,0,50,0,10.0,5
1,3,0,51,1,5.0,12
1,3,0,52,1,12.0,10
1,3,0,1,1,10.0,3
1,3,1,1,1,0.0,12
1,3,1,2,0,12.0,11
1,3,1,3,0,11.0,10
1,3,1,4,0,10.0,4
1,3,1,5,0,4.0,10
1,3,1,6,1,10.0,13
1,3,1,7,1,13.0,5
1,3,1,8,1,5.0,16
1,3,1,9,1,16.0,11
1,3,1,10,1,11.0,3
1,3,1,11,1,3.0,13
1,3,1,12,1,13.0,5
1,3,1,13,1,5.0,12
1,3,1,14,0,12.0,6
1,3,1,15,0,6.0,10
1,3,1,16,0,10.0,8
1,3,1,17,0,8.0,4
1,3,1,18,0,4.0,11
1,3,1,19,0,11.0,18
1,3,1,20,0,18.0,4
1,3,1,21,0,4.0,5
1,3,1,22,0,5.0,8
1,3,1,23,0,8.0,9
1,3,1,24,0,9.0,8
1,3,1,25,0,8.0,11
1,3,1,26,0,11.0,5
1,3,1,27,0,5.0,6
1,3,1,28,0,6.0,8
1,3,1,29,0,8.0,16
1,3,1,30,1,16.0,20
1,3,1,31,0,20.0,3
1,3,1,32,0,3.0,13
1,3,1,33,0,13.0,15
1,3,1,34,0,15.0,12
1,3,1,35,0,12.0,2
1,3,1,36,0,2.0,7
1,3,1,37,0,7.0,16
1,3,1,38,0,16.0,7
1,3,1,39,0,7.0,8
1,3,1,40,0,8.0,9
1,3,1,41,0,9.0,4
1,3,1,42,0,4.0,9
1,3,1,43,0,9.0,16
1,3,1,44,0,16.0,11
1,3,1,45,0,11.0,16
1,3,1,46,0,16.0,8
1,3,1,47,0,8.0,21
1,3,1,48,0,21.0,10
1,3,1,49,0,10.0,17
1,3,1,50,0,17.0,4
1,3,1,51,1,4.0,9
1,3,1,52,1,9.0,8
1,3,1,1,1,8.0,7
1,3,1,2,0,7.0,1
1,3,1,3,0,1.0,5
1,3,1,4,0,5.0,19
1,3,1,5,0,19.0,20
1,3,1,6,1,20.0,19
1,3,1,7,1,19.0,11
1,3,1,8,1,11.0,16
1,3,1,9,1,16.0,10
1,3,1,10,1,10.0,12
1,3,1,11,1,12.0,21
1,3,1,12,1,21.0,19
1,3,1,13,1,19.0,7
1,3,1,14,0,7.0,8
1,3,1,15,0,8.0,21
1,3,1,16,0,21.0,9
1,3,1,17,0,9.0,15
1,3,1,18,0,15.0,5
1,3,1,19,0,5.0,3
1,3,1,20,0,3.0,14
1,3,1,21,0,14.0,3
1,3,1,22,0,3.0,17
1,3,1,23,0,17.0,9
1,3,1,24,0,9.0,8
1,3,1,25,0,8.0,10
1,3,1,26,0,10.0,10
1,3,1,27,0,10.0,10
1,3,1,28,0,10.0,12
1,3,1,29,0,12.0,16
1,3,1,30,1,16.0,10
1,3,1,31,1,10.0,16
1,3,1,32,0,16.0,14
1,3,1,33,0,14.0,12
1,3,1,34,0,12.0,9
1,3,1,35,0,9.0,6
1,3,1,36,0,6.0,2
1,3,1,37,0,2.0,14
1,3,1,38,0,14.0,3
1,3,1,39,0,3.0,3
1,3,1,40,0,3.0,11
1,3,1,41,0,11.0,17
1,3,1,42,0,17.0,7
1,3,1,43,0,7.0,8
1,3,1,44,0,8.0,6
1,3,1,45,0,6.0,8
1,3,1,46,0,8.0,9
1,3,1,47,0,9.0,28
1,3,1,48,0,28.0,2
1,3,1,49,0,2.0,8
1,3,1,50,1,8.0,11
1,3,1,51,1,11.0,7
1,3,1,52,1,7.0,7
1,3,1,1,1,7.0,19
1,3,1,2,0,19.0,19
1,3,1,3,0,19.0,19
1,3,1,4,0,19.0,12
1,3,1,5,0,12.0,15
1,3,1,6,0,15.0,7
1,3,1,7,1,7.0,15
1,3,1,8,1,15.0,10
1,3,1,9,0,10.0,9
1,3,1,10,1,9.0,8
1,3,1,11,1,8.0,10
1,3,1,12,1,10.0,12
1,3,1,13,1,12.0,17
1,3,1,14,1,17.0,7
1,3,1,15,0,7.0,24
1,3,1,16,0,24.0,8
1,3,1,17,0,8.0,5
1,3,1,18,0,5.0,21
1,3,1,19,0,21.0,15
1,3,1,20,0,15.0,19
1,3,1,21,0,19.0,11
1,3,1,22,0,11.0,11
1,3,1,23,0,11.0,18
1,3,1,24,0,18.0,7
1,3,1,25,0,7.0,11
1,3,1,26,0,11.0,11
1,3,1,27,0,11.0,11
1,3,1,28,0,11.0,20
1,3,1,29,0,20.0,4
1,3,1,30,1,4.0,11
1,3,1,31,1,11.0,7
1,3,1,32,0,7.0,20
1,3,1,33,0,20.0,12
1,3,1,34,0,12.0,10
1,3,1,35,0,10.0,5
1,3,1,36,0,5.0,12
1,3,1,37,0,12.0,8
1,3,1,38,0,8.0,7
1,3,1,39,0,7.0,12
1,3,1,40,0,12.0,8
1,3,1,41,0,8.0,10
1,3,1,42,0,10.0,11
1,3,1,43,0,11.0,12
1,3,1,44,0,12.0,6
1,3,1,45,0,6.0,15
1,3,1,46,0,15.0,15
1,3,1,47,0,15.0,12
1,3,1,48,0,12.0,11
1,3,1,49,0,11.0,9
1,3,1,50,0,9.0,18
1,3,1,51,1,18.0,7
1,3,1,52,1,7.0,13
1,3,1,53,1,13.0,17
1,3,1,1,1,17.0,9
1,3,1,2,0,9.0,9
1,3,1,3,0,9.0,13
1,3,1,4,0,13.0,15
1,3,1,5,0,15.0,8
1,3,1,6,1,8.0,16
1,3,1,7,1,16.0,9
1,3,1,8,0,9.0,10
1,3,1,9,1,10.0,13
1,3,1,10,1,13.0,16
1,3,1,11,1,16.0,8
1,3,1,12,1,8.0,10
1,3,1,13,0,10.0,4
1,3,1,14,0,4.0,13
1,3,1,15,0,13.0,7
1,3,1,16,0,7.0,11
1,3,1,17,0,11.0,7
1,3,1,18,0,7.0,9
1,3,1,19,0,9.0,11
1,3,1,20,0,11.0,11
1,3,1,21,0,11.0,17
1,3,1,22,0,17.0,2
1,3,1,23,0,2.0,14
1,3,1,24,0,14.0,22
1,3,1,25,0,22.0,13
1,3,1,26,0,13.0,10
1,3,1,27,0,10.0,3
1,3,1,28,0,3.0,23
1,3,1,29,1,23.0,14
1,3,1,30,1,14.0,10
1,3,1,31,0,10.0,13
1,3,1,32,0,13.0,11
1,3,1,33,0,11.0,7
1,3,1,34,0,7.0,13
1,3,1,35,0,13.0,12
1,3,1,36,0,12.0,10
1,3,1,37,0,10.0,11
1,3,1,38,0,11.0,5
1,3,1,39,0,5.0,5
1,3,1,40,0,5.0,4
1,3,1,41,0,4.0,9
1,3,1,42,0,9.0,8
1,3,1,43,0,8.0,5
1,3,1,44,0,5.0,16
1,3,1,45,0,16.0,7
1,3,1,46,0,7.0,12
1,3,1,47,0,12.0,3
1,3,1,48,0,3.0,2
1,3,1,49,0,2.0,6
1,3,1,50,1,6.0,10
1,3,1,51,1,10.0,8
1,3,1,52,1,8.0,7
1,3,1,1,1,7.0,17
1,3,1,2,0,17.0,2
1,3,1,3,0,2.0,5
1,3,1,4,0,5.0,11
1,3,1,5,0,11.0,12
1,3,1,6,1,12.0,11
1,3,1,7,1,11.0,11
1,3,1,8,0,11.0,8
1,3,1,9,1,8.0,11
1,3,1,10,1,11.0,8
1,3,1,11,1,8.0,7
1,3,1,12,1,7.0,3
1,3,1,13,1,3.0,5
1,3,1,14,0,5.0,13
1,3,1,15,0,13.0,12
1,3,1,16,0,12.0,11
1,3,1,17,0,11.0,6
1,3,1,18,0,6.0,10
1,3,1,19,0,10.0,13
1,3,1,20,0,13.0,11
1,3,1,21,0,11.0,9
1,3,1,22,0,9.0,13
1,3,1,23,0,13.0,12
1,3,1,24,0,12.0,8
1,3,1,25,0,8.0,14
1,3,1,26,0,14.0,12
1,3,1,27,0,12.0,5
1,3,1,28,0,5.0,8
1,3,1,29,1,8.0,15
1,3,1,30,1,15.0,15
1,3,1,31,0,15.0,10
1,3,1,32,0,10.0,18
1,3,1,33,0,18.0,11
1,3,1,34,0,11.0,8
1,3,1,35,0,8.0,9
1,3,1,36,0,9.0,20
1,3,1,37,0,20.0,6
1,3,1,38,0,6.0,14
1,3,1,39,0,14.0,12
1,3,1,40,0,12.0,14
1,3,1,41,0,14.0,2
1,3,1,42,0,2.0,12
1,3,1,43,0,12.0,12
1,3,1,44,0,12.0,8
1,3,1,45,0,8.0,12
1,3,1,46,0,12.0,6
1,3,1,47,0,6.0,14
1,3,1,48,0,14.0,4
1,3,1,49,0,4.0,5
1,3,1,50,1,5.0,6
1,3,1,51,1,6.0,5
1,3,1,52,1,5.0,14
1,3,1,1,1,14.0,8
1,3,1,2,0,8.0,9
1,3,1,3,0,9.0,10
1,3,1,4,0,10.0,11
1,3,1,5,0,11.0,7
1,3,1,6,1,7.0,5
1,3,1,7,1,5.0,16
1,3,1,8,0,16.0,5
1,3,1,9,1,5.0,16
1,3,1,10,1,16.0,8
1,3,1,11,1,8.0,18
1,3,1,12,1,18.0,16
1,3,1,13,1,16.0,13
1,3,1,14,0,13.0,16
1,3,1,15,0,16.0,4
1,3,1,16,0,4.0,7
1,3,1,17,0,7.0,23
1,3,1,18,0,23.0,10
1,3,1,19,0,10.0,19
1,3,1,20,0,19.0,7
1,3,1,21,0,7.0,11
1,3,1,22,0,11.0,5
1,3,1,23,0,5.0,8
1,3,1,24,0,8.0,6
1,3,1,25,0,6.0,5
1,3,1,26,0,5.0,6
1,3,1,27,0,6.0,6
1,3,1,28,0,6.0,14
1,3,1,29,1,14.0,18
1,3,1,30,1,18.0,12
1,3,1,31,0,12.0,10
1,3,1,32,0,10.0,13
1,3,1,33,0,13.0,5
1,3,1,34,0,5.0,11
1,3,1,35,0,11.0,6
1,3,1,36,0,6.0,19
1,3,1,37,0,19.0,13
1,3,1,38,0,13.0,7
1,3,1,39,0,7.0,13
1,3,1,40,0,13.0,8
1,3,1,41,0,8.0,12
1,3,1,42,0,12.0,10
1,3,1,43,0,10.0,6
1,3,1,44,0,6.0,20
1,3,1,45,0,20.0,11
1,3,1,46,0,11.0,18
1,3,1,47,0,18.0,14
1,3,1,48,0,14.0,13
1,3,1,49,0,13.0,9
1,3,1,50,1,9.0,6
1,3,1,51,1,6.0,10
1,3,1,52,1,10.0,14
1,3,1,1,1,14.0,9
1,3,1,2,0,9.0,8
1,3,1,3,0,8.0,16
1,3,1,4,0,16.0,16
1,3,1,5,0,16.0,11
1,3,1,6,1,11.0,15
1,3,1,7,1,15.0,6
1,3,1,8,1,6.0,5
1,3,1,9,1,5.0,14
1,3,1,10,1,14.0,12
1,3,1,11,1,12.0,11
1,3,1,12,1,11.0,23
1,3,1,13,1,23.0,22
1,3,1,14,0,22.0,5
1,3,1,15,0,5.0,19
1,3,1,16,0,19.0,19
1,3,1,17,0,19.0,9
1,3,1,18,0,9.0,12
1,3,1,19,0,12.0,4
1,3,1,20,0,4.0,7
1,3,1,21,0,7.0,17
1,3,1,22,0,17.0,21
1,3,1,23,0,21.0,4
1,3,1,24,0,4.0,15
1,3,1,25,0,15.0,15
1,3,1,26,0,15.0,10
1,3,1,27,0,10.0,7
1,3,1,28,0,7.0,17
1,3,1,29,0,17.0,4
1,3,1,30,1,4.0,12
1,3,1,31,1,12.0,12
1,3,1,32,0,12.0,7
1,3,1,33,0,7.0,8
1,3,1,34,0,8.0,14
1,3,1,35,0,14.0,9
1,3,1,36,0,9.0,7
1,3,1,37,0,7.0,6
1,3,1,38,0,6.0,6
1,3,1,39,0,6.0,14
1,3,1,40,0,14.0,28
1,3,1,41,0,28.0,14
1,3,1,42,0,14.0,4
1,3,1,43,0,4.0,10
1,3,1,44,0,10.0,6
1,3,1,45,0,6.0,4
1,3,1,46,0,4.0,12
1,3,1,47,0,12.0,16
1,3,1,48,0,16.0,11
1,3,1,49,0,11.0,12
1,3,1,50,0,12.0,7
1,3,1,51,1,7.0,6
1,3,1,52,1,6.0,6
1,3,1,1,1,6.0,12
1,3,1,2,0,12.0,11
1,3,1,3,0,11.0,14
1,3,1,4,0,14.0,7
1,3,1,5,0,7.0,7
1,3,1,6,0,7.0,4
1,3,1,7,1,4.0,8
1,3,1,8,1,8.0,25
1,3,1,9,1,25.0,5
1,3,1,10,1,5.0,6
1,3,1,11,1,6.0,4
1,3,1,12,1,4.0,7
1,3,1,13,1,7.0,4
1,3,1,14,1,4.0,8
1,3,1,15,0,8.0,19
1,3,1,16,0,19.0,7
1,3,1,17,0,7.0,6
1,3,1,18,0,6.0,9
1,3,1,19,0,9.0,9
1,3,1,20,0,9.0,17
1,3,1,21,0,17.0,17
1,3,1,22,0,17.0,7
1,3,1,23,0,7.0,3
1,3,1,24,0,3.0,7
1,3,1,25,0,7.0,9
1,3,1,26,0,9.0,20
1,3,1,27,0,20.0,9
1,3,1,28,0,9.0,5
1,3,1,29,0,5.0,9
1,3,1,30,1,9.0,7
1,3,1,31,1,7.0,9
1,3,1,32,0,9.0,15
1,3,1,33,0,15.0,6
1,3,1,34,0,6.0,17
1,3,1,35,0,17.0,14
1,3,1,36,0,14.0,15
1,3,1,37,0,15.0,7
1,3,1,38,0,7.0,27
1,3,1,39,0,27.0,20
1,3,1,40,0,20.0,11
1,3,1,41,0,11.0,10
1,3,1,42,0,10.0,4
1,3,1,43,0,4.0,13
1,3,1,44,0,13.0,2
1,3,1,45,0,2.0,18
1,3,1,46,0,18.0,19
1,3,1,47,0,19.0,4
1,3,1,48,0,4.0,13
1,3,1,49,0,13.0,12
1,3,1,50,0,12.0,4
1,3,1,51,1,4.0,15
1,3,1,52,1,15.0,14
1,3,1,1,1,14.0,1
1,3,2,1,1,0.0,15
1,3,2,2,0,15.0,19
1,3,2,3,0,19.0,10
1,3,2,4,0,10.0,10
1,3,2,5,0,10.0,17
1,3,2,6,1,17.0,14
1,3,2,7,1,14.0,13
1,3,2,8,1,13.0,21
1,3,2,9,1,21.0,9
1,3,2,10,1,9.0,4
1,3,2,11,1,4.0,13
1,3,2,12,1,13.0,13
1,3,2,13,1,13.0,6
1,3,2,14,0,6.0,5
1,3,2,15,0,5.0,14
1,3,2,16,0,14.0,11
1,3,2,17,0,11.0,9
1,3,2,18,0,9.0,22
1,3,2,19,0,22.0,12
1,3,2,20,0,12.0,7
1,3,2,21,0,7.0,18
1,3,2,22,0,18.0,12
1,3,2,23,0,12.0,15
1,3,2,24,0,15.0,3
1,3,2,25,0,3.0,8
1,3,2,26,0,8.0,8
1,3,2,27,0,8.0,20
1,3,2,28,0,20.0,16
1,3,2,29,0,16.0,10
1,3,2,30,1,10.0,12
1,3,2,31,0,12.0,6
1,3,2,32,0,6.0,8
1,3,2,33,0,8.0,7
1,3,2,34,0,7.0,5
1,3,2,35,0,5.0,6
1,3,2,36,0,6.0,10
1,3,2,37,0,10.0,11
1,3,2,38,0,11.0,10
1,3,2,39,0,10.0,11
1,3,2,40,0,11.0,1
1,3,2,41,0,1.0,3
1,3,2,42,0,3.0,10
1,3,2,43,0,10.0,14
1,3,2,44,0,14.0,15
1,3,2,45,0,15.0,8
1,3,2,46,0,8.0,9
1,3,2,47,0,9.0,8
1,3,2,48,0,8.0,9
1,3,2,49,0,9.0,18
1,3,2,50,0,18.0,11
1,3,2,51,1,11.0,9
1,3,2,52,1,9.0,6
1,3,2,1,1,6.0,16
1,3,2,2,0,16.0,10
1,3,2,3,0,10.0,14
1,3,2,4,0,14.0,9
1,3,2,5,0,9.0,12
1,3,2,6,1,12.0,4
1,3,2,7,1,4.0,17
1,3,2,8,1,17.0,13
1,3,2,9,1,13.0,6
1,3,2,10,1,6.0,13
1,3,2,11,1,13.0,3
1,3,2,12,1,3.0,9
1,3,2,13,1,9.0,6
1,3,2,14,0,6.0,10
1,3,2,15,0,10.0,5
1,3,2,16,0,5.0,9
1,3,2,17,0,9.0,14
1,3,2,18,0,14.0,14
1,3,2,19,0,14.0,4
1,3,2,20,0,4.0,5
1,3,2,21,0,5.0,8
1,3,2,22,0,8.0,7
1,3,2,23,0,7.0,18
1,3,2,24,0,18.0,8
1,3,2,25,0,8.0,11
1,3,2,26,0,11.0,18
1,3,2,27,0,18.0,17
1,3,2,28,0,17.0,10
1,3,2,29,0,10.0,13
1,3,2,30,1,13.0,27
1,3,2,31,0,27.0,17
1,3,2,32,0,17.0,13
1,3,2,33,0,13.0,8
1,3,2,34,0,8.0,8
1,3,2,35,0,8.0,9
1,3,2,36,0,9.0,6
1,3,2,37,0,6.0,13
1,3,2,38,0,13.0,6
1,3,2,39,0,6.0,14
1,3,2,40,0,14.0,5
1,3,2,41,0,5.0,9
1,3,2,42,0,9.0,17
1,3,2,43,0,17.0,18
1,3,2,44,0,18.0,8
1,3,2,45,0,8.0,10
1,3,2,46,0,10.0,9
1,3,2,47,0,9.0,11
1,3,2,48,0,11.0,5
1,3,2,49,0,5.0,10
1,3,2,50,0,10.0,7
1,3,2,51,1,7.0,12
1,3,2,52,1,12.0,7
1,3,2,1,1,7.0,13
1,3,2,2,0,13.0,7
1,3,2,3,0,7.0,9
1,3,2,4,0,9.0,14
1,3,2,5,0,14.0,5
1,3,2,6,0,5.0,5
1,3,2,7,1,5.0,7
1,3,2,8,1,7.0,3
1,3,2,9,1,3.0,15
1,3,2,10,1,15.0,10
1,3,2,11,1,10.0,2
1,3,2,12,1,2.0,8
1,3,2,13,1,8.0,16
1,3,2,14,1,16.0,13
1,3,2,15,0,13.0,18
1,3,2,16,0,18.0,17
1,3,2,17,0,17.0,10
1,3,2,19,0,10.0,12
1,3,2,20,0,12.0,16
1,3,2,21,0,16.0,16
1,3,2,22,0,16.0,6
1,3,2,23,0,6.0,5
1,3,2,24,0,5.0,4
1,3,2,25,0,4.0,6
1,3,2,26,0,6.0,5
1,3,2,27,0,5.0,3
1,3,2,28,0,3.0,12
1,3,2,29,0,12.0,9
1,3,2,30,1,9.0,2
1,3,2,31,1,2.0,6
1,3,2,32,0,6.0,17
1,3,2,33,0,17.0,22
1,3,2,34,0,22.0,9
1,3,2,35,0,9.0,13
1,3,2,36,0,13.0,12
1,3,2,37,0,12.0,20
1,3,2,38,0,20.0,10
1,3,2,39,0,10.0,3
1,3,2,40,0,3.0,8
1,3,2,41,0,8.0,8
1,3,2,42,0,8.0,14
1,3,2,43,0,14.0,15
1,3,2,44,0,15.0,2
1,3,2,45,0,2.0,15
1,3,2,46,0,15.0,17
1,3,2,47,0,17.0,9
1,3,2,48,0,9.0,10
1,3,2,49,0,10.0,12
1,3,2,50,0,12.0,3
1,3,2,51,1,3.0,7
1,3,2,52,1,7.0,4
1,3,2,53,1,4.0,1
1,3,2,1,1,1.0,19
1,3,2,2,0,19.0,12
1,3,2,3,0,12.0,19
1,3,2,4,0,19.0,19
1,3,2,5,0,19.0,2
1,3,2,6,1,2.0,1
1,3,2,7,1,1.0,13
1,3,2,8,0,13.0,9
1,3,2,9,1,9.0,15
1,3,2,10,1,15.0,20
1,3,2,11,1,20.0,17
1,3,2,12,1,17.0,8
1,3,2,13,1,8.0,19
1,3,2,14,0,19.0,10
1,3,2,15,0,10.0,11
1,3,2,16,0,11.0,8
1,3,2,17,0,8.0,5
1,3,2,18,0,5.0,10
1,3,2,19,0,10.0,5
1,3,2,20,0,5.0,15
1,3,2,21,0,15.0,4
1,3,2,22,0,4.0,7
1,3,2,23,0,7.0,7
1,3,2,24,0,7.0,8
1,3,2,25,0,8.0,11
1,3,2,26,0,11.0,5
1,3,2,27,0,5.0,13
1,3,2,28,0,13.0,1
1,3,2,29,1,1.0,7
1,3,2,30,1,7.0,13
1,3,2,31,0,13.0,18
1,3,2,32,0,18.0,5
1,3,2,33,0,5.0,9
1,3,2,34,0,9.0,14
1,3,2,35,0,14.0,12
1,3,2,36,0,12.0,17
1,3,2,37,0,17.0,13
1,3,2,39,0,13.0,11
1,3,2,40,0,11.0,6
1,3,2,41,0,6.0,13
1,3,2,42,0,13.0,13
1,3,2,43,0,13.0,23
1,3,2,44,0,23.0,22
1,3,2,45,0,22.0,12
1,3,2,46,0,12.0,8
1,3,2,47,0,8.0,13
1,3,2,48,0,13.0,9
1,3,2,49,0,9.0,18
1,3,2,50,1,18.0,16
1,3,2,51,1,16.0,1
1,3,2,52,1,1.0,17
1,3,2,1,1,17.0,7
1,3,2,2,0,7.0,19
1,3,2,3,0,19.0,10
1,3,2,4,0,10.0,26
1,3,2,5,0,26.0,14
1,3,2,6,1,14.0,16
1,3,2,7,1,16.0,12
1,3,2,8,0,12.0,8
1,3,2,9,1,8.0,11
1,3,2,10,1,11.0,11
1,3,2,11,1,11.0,7
1,3,2,12,1,7.0,8
1,3,2,13,1,8.0,2
1,3,2,14,0,2.0,2
1,3,2,15,0,2.0,6
1,3,2,16,0,6.0,13
1,3,2,17,0,13.0,10
1,3,2,18,0,10.0,15
1,3,2,19,0,15.0,6
1,3,2,20,0,6.0,10
1,3,2,21,0,10.0,14
1,3,2,22,0,14.0,7
1,3,2,23,0,7.0,21
1,3,2,24,0,21.0,1
1,3,2,25,0,1.0,12
1,3,2,26,0,12.0,11
1,3,2,27,0,11.0,13
1,3,2,28,0,13.0,10
1,3,2,29,1,10.0,7
1,3,2,30,1,7.0,15
1,3,2,31,0,15.0,4
1,3,2,32,0,4.0,12
1,3,2,33,0,12.0,15
1,3,2,34,0,15.0,2
1,3,2,35,0,2.0,6
1,3,2,36,0,6.0,20
1,3,2,37,0,20.0,12
1,3,2,38,0,12.0,8
1,3,2,39,0,8.0,8
1,3,2,40,0,8.0,16
1,3,2,41,0,16.0,12
1,3,2,42,0,12.0,12
1,3,2,43,0,12.0,9
1,3,2,44,0,9.0,17
1,3,2,45,0,17.0,7
1,3,2,46,0,7.0,9
1,3,2,47,0,9.0,9
1,3,2,48,0,9.0,15
1,3,2,49,0,15.0,8
1,3,2,50,1,8.0,15
1,3,2,51,1,15.0,7
1,3,2,52,1,7.0,24
1,3,2,1,1,24.0,14
1,3,2,2,0,14.0,5
1,3,2,3,0,5.0,8
1,3,2,4,0,8.0,12
1,3,2,5,0,12.0,4
1,3,2,6,1,4.0,12
1,3,2,7,1,12.0,15
1,3,2,8,1,15.0,10
1,3,2,9,1,10.0,10
1,3,2,10,1,10.0,13
1,3,2,11,1,13.0,11
1,3,2,12,1,11.0,8
1,3,2,13,1,8.0,8
1,3,2,14,0,8.0,5
1,3,2,15,0,5.0,9
1,3,2,16,0,9.0,12
1,3,2,17,0,12.0,10
1,3,2,18,0,10.0,16
1,3,2,19,0,16.0,9
1,3,2,20,0,9.0,14
1,3,2,21,0,14.0,8
1,3,2,22,0,8.0,14
1,3,2,23,0,14.0,20
1,3,2,24,0,20.0,17
1,3,2,25,0,17.0,8
1,3,2,26,0,8.0,2
1,3,2,27,0,2.0,21
1,3,2,28,0,21.0,11
1,3,2,29,1,11.0,11
1,3,2,30,1,11.0,7
1,3,2,31,1,7.0,13
1,3,2,32,0,13.0,9
1,3,2,33,0,9.0,23
1,3,2,34,0,23.0,3
1,3,2,35,0,3.0,11
1,3,2,36,0,11.0,8
1,3,2,37,0,8.0,6
1,3,2,38,0,6.0,17
1,3,2,39,0,17.0,12
1,3,2,40,0,12.0,8
1,3,2,41,0,8.0,12
1,3,2,42,0,12.0,13
1,3,2,43,0,13.0,10
1,3,2,44,0,10.0,14
1,3,2,45,0,14.0,3
1,3,2,46,0,3.0,15
1,3,2,47,0,15.0,12
1,3,2,48,0,12.0,8
1,3,2,49,0,8.0,8
1,3,2,50,1,8.0,7
1,3,2,51,1,7.0,13
1,3,2,52,1,13.0,1
1,3,2,1,1,1.0,8
1,3,2,2,0,8.0,6
1,3,2,3,0,6.0,9
1,3,2,4,0,9.0,14
1,3,2,5,0,14.0,8
1,3,2,6,0,8.0,4
1,3,2,7,1,4.0,19
1,3,2,8,1,19.0,14
1,3,2,9,1,14.0,12
1,3,2,10,1,12.0,13
1,3,2,11,1,13.0,14
1,3,2,12,1,14.0,24
1,3,2,13,1,24.0,9
1,3,2,14,0,9.0,17
1,3,2,15,0,17.0,8
1,3,2,16,0,8.0,4
1,3,2,17,0,4.0,20
1,3,2,18,0,20.0,10
1,3,2,19,0,10.0,14
1,3,2,20,0,14.0,4
1,3,2,21,0,4.0,11
1,3,2,22,0,11.0,16
1,3,2,23,0,16.0,2
1,3,2,24,0,2.0,11
1,3,2,25,0,11.0,4
1,3,2,26,0,4.0,5
1,3,2,27,0,5.0,5
1,3,2,28,0,5.0,13
1,3,2,29,0,13.0,7
1,3,2,30,1,7.0,11
1,3,2,31,0,11.0,11
1,3,2,32,0,11.0,4
1,3,2,33,0,4.0,4
1,3,2,34,0,4.0,8
1,3,2,35,0,8.0,9
1,3,2,36,0,9.0,17
1,3,2,37,0,17.0,10
1,3,2,38,0,10.0,10
1,3,2,39,0,10.0,11
1,3,2,40,0,11.0,16
1,3,2,41,0,16.0,17
1,3,2,42,0,17.0,5
1,3,2,43,0,5.0,4
1,3,2,44,0,4.0,14
1,3,2,45,0,14.0,12
1,3,2,46,0,12.0,4
1,3,2,47,0,4.0,8
1,3,2,48,0,8.0,9
1,3,2,49,0,9.0,15
1,3,2,50,1,15.0,11
1,3,2,51,1,11.0,12
1,3,2,52,1,12.0,13
1,3,2,1,1,13.0,9
1,3,2,2,0,9.0,9
1,3,2,3,0,9.0,8
1,3,2,4,0,8.0,9
1,3,2,5,0,9.0,9
1,3,2,6,0,9.0,9
1,3,2,7,1,9.0,8
1,3,2,8,1,8.0,11
1,3,2,9,0,11.0,8
1,3,2,10,1,8.0,16
1,3,2,11,1,16.0,11
1,3,2,12,1,11.0,23
1,3,2,13,1,23.0,7
1,3,2,14,0,7.0,15
1,3,2,15,0,15.0,17
1,3,2,16,0,17.0,2
1,3,2,17,0,2.0,12
1,3,2,18,0,12.0,13
1,3,2,19,0,13.0,12
1,3,2,20,0,12.0,12
1,3,2,21,0,12.0,25
1,3,2,22,0,25.0,14
1,3,2,23,0,14.0,9
1,3,2,24,0,9.0,6
1,3,2,25,0,6.0,15
1,3,2,26,0,15.0,14
1,3,2,27,0,14.0,14
1,3,2,28,0,14.0,7
1,3,2,29,0,7.0,17
1,3,2,30,1,17.0,12
1,3,2,31,1,12.0,3
1,3,2,32,0,3.0,13
1,3,2,33,0,13.0,11
1,3,2,34,0,11.0,6
1,3,2,35,0,6.0,12
1,3,2,36,0,12.0,12
1,3,2,37,0,12.0,4
1,3,2,38,0,4.0,15
1,3,2,39,0,15.0,10
1,3,2,40,0,10.0,9
1,3,2,41,0,9.0,13
1,3,2,42,0,13.0,10
1,3,2,43,0,10.0,7
1,3,2,44,0,7.0,12
1,3,2,45,0,12.0,19
1,3,2,46,0,19.0,9
1,3,2,47,0,9.0,5
1,3,2,48,0,5.0,12
1,3,2,49,0,12.0,16
1,3,2,50,0,16.0,6
1,3,2,51,1,6.0,6
1,3,2,52,1,6.0,11
1,3,2,1,1,11.0,8
1,4,0,1,1,0.0,42
1,4,0,2,0,42.0,12
1,4,0,3,0,12.0,9
1,4,0,4,0,9.0,12
1,4,0,5,0,12.0,4
1,4,0,6,1,4.0,5
1,4,0,7,1,5.0,12
1,4,0,8,0,12.0,8
1,4,0,9,1,8.0,23
1,4,0,10,1,23.0,15
1,4,0,11,1,15.0,21
1,4,0,12,1,21.0,10
1,4,0,13,1,10.0,7
1,4,0,14,0,7.0,17
1,4,0,15,0,17.0,5
1,4,0,16,0,5.0,14
1,4,0,17,0,14.0,21
1,4,0,18,0,21.0,5
1,4,0,19,0,5.0,16
1,4,0,20,0,16.0,16
1,4,0,21,0,16.0,2
1,4,0,22,0,2.0,12
1,4,0,23,0,12.0,10
1,4,0,24,0,10.0,14
1,4,0,25,0,14.0,7
1,4,0,26,0,7.0,14
1,4,0,27,0,14.0,14
1,4,0,28,0,14.0,12
1,4,0,29,0,12.0,18
1,4,0,30,1,18.0,31
1,4,0,31,1,31.0,21
1,4,0,32,0,21.0,11
1,4,0,33,0,11.0,14
1,4,0,34,0,14.0,16
1,4,0,35,0,16.0,7
1,4,0,36,0,7.0,13
1,4,0,37,0,13.0,12
1,4,0,38,0,12.0,23
1,4,0,39,0,23.0,6
1,4,0,40,0,6.0,12
1,4,0,41,0,12.0,20
1,4,0,42,0,20.0,15
1,4,0,43,0,15.0,12
1,4,0,44,0,12.0,11
1,4,0,45,0,11.0,11
1,4,0,46,0,11.0,14
1,4,0,47,0,14.0,15
1,4,0,48,0,15.0,12
1,4,0,49,0,12.0,14
1,4,0,50,0,14.0,5
1,4,0,51,1,5.0,57
1,4,0,52,1,57.0,91
1,4,0,1,1,91.0,35
1,4,0,2,0,35.0,12
1,4,0,3,0,12.0,9
1,4,0,4,0,9.0,8
1,4,0,5,0,8.0,11
1,4,0,6,1,11.0,6
1,4,0,7,1,6.0,5
1,4,0,8,1,5.0,15
1,4,0,9,1,15.0,7
1,4,0,10,1,7.0,14
1,4,0,11,1,14.0,8
1,4,0,12,1,8.0,19
1,4,0,13,1,19.0,10
1,4,0,14,0,10.0,10
1,4,0,15,0,10.0,13
1,4,0,16,0,13.0,7
1,4,0,17,0,7.0,11
1,4,0,18,0,11.0,25
1,4,0,19,0,25.0,6
1,4,0,20,0,6.0,8
1,4,0,21,0,8.0,5
1,4,0,22,0,5.0,22
1,4,0,23,0,22.0,6
1,4,0,24,0,6.0,5
1,4,0,25,0,5.0,5
1,4,0,26,0,5.0,17
1,4,0,27,0,17.0,14
1,4,0,28,0,14.0,11
1,4,0,29,0,11.0,7
1,4,0,30,1,7.0,79
1,4,0,31,1,79.0,35
1,4,0,32,0,35.0,9
1,4,0,33,0,9.0,14
1,4,0,34,0,14.0,3
1,4,0,35,0,3.0,4
1,4,0,36,0,4.0,10
1,4,0,37,0,10.0,12
1,4,0,38,0,12.0,13
1,4,0,39,0,13.0,5
1,4,0,40,0,5.0,5
1,4,0,41,0,5.0,12
1,4,0,42,0,12.0,11
1,4,0,43,0,11.0,12
1,4,0,44,0,12.0,8
1,4,0,45,0,8.0,14
1,4,0,46,0,14.0,11
1,4,0,47,0,11.0,22
1,4,0,48,0,22.0,11
1,4,0,49,0,11.0,3
1,4,0,50,1,3.0,23
1,4,0,51,1,23.0,58
1,4,0,52,1,58.0,46
1,4,0,1,1,46.0,45
1,4,0,2,0,45.0,12
1,4,0,3,0,12.0,6
1,4,0,4,0,6.0,10
1,4,0,5,0,10.0,12
1,4,0,6,0,12.0,10
1,4,0,7,1,10.0,11
1,4,0,8,0,11.0,5
1,4,0,9,0,5.0,5
1,4,0,10,1,5.0,19
1,4,0,11,1,19.0,7
1,4,0,12,1,7.0,21
1,4,0,13,1,21.0,5
1,4,0,14,1,5.0,4
1,4,0,15,0,4.0,6
1,4,0,16,0,6.0,19
1,4,0,17,0,19.0,27
1,4,0,18,0,27.0,14
1,4,0,19,0,14.0,13
1,4,0,20,0,13.0,2
1,4,0,21,0,2.0,17
1,4,0,22,0,17.0,4
1,4,0,23,0,4.0,16
1,4,0,24,0,16.0,15
1,4,0,25,0,15.0,10
1,4,0,26,0,10.0,3
1,4,0,27,0,3.0,6
1,4,0,28,0,6.0,18
1,4,0,29,0,18.0,10
1,4,0,30,1,10.0,25
1,4,0,31,1,25.0,37
1,4,0,32,0,37.0,6
1,4,0,33,0,6.0,10
1,4,0,34,0,10.0,11
1,4,0,35,0,11.0,10
1,4,0,36,0,10.0,12
1,4,0,37,0,12.0,8
1,4,0,38,0,8.0,9
1,4,0,39,0,9.0,8
1,4,0,40,0,8.0,16
1,4,0,41,0,16.0,11
1,4,0,42,0,11.0,8
1,4,0,43,0,8.0,10
1,4,0,44,0,10.0,5
1,4,0,45,0,5.0,3
1,4,0,46,0,3.0,8
1,4,0,47,0,8.0,14
1,4,0,48,0,14.0,14
1,4,0,49,0,14.0,18
1,4,0,50,0,18.0,7
1,4,0,51,1,7.0,78
1,4,0,52,1,78.0,76
1,4,0,53,1,76.0,26
1,4,0,1,1,26.0,61
1,4,0,2,0,61.0,8
1,4,0,3,0,8.0,14
1,4,0,4,0,14.0,9
1,4,0,5,0,9.0,4
1,4,0,6,1,4.0,9
1,4,0,7,1,9.0,15
1,4,0,8,0,15.0,18
1,4,0,9,1,18.0,18
1,4,0,10,1,18.0,6
1,4,0,11,1,6.0,8
1,4,0,12,1,8.0,6
1,4,0,13,1,6.0,18
1,4,0,14,0,18.0,13
1,4,0,15,0,13.0,13
1,4,0,16,0,13.0,13
1,4,0,17,0,13.0,11
1,4,0,18,0,11.0,6
1,4,0,19,0,6.0,11
1,4,0,20,0,11.0,7
1,4,0,21,0,7.0,11
1,4,0,22,0,11.0,10
1,4,0,23,0,10.0,6
1,4,0,24,0,6.0,8
1,4,0,25,0,8.0,9
1,4,0,26,0,9.0,11
1,4,0,27,0,11.0,14
1,4,0,28,0,14.0,6
1,4,0,29,1,6.0,24
1,4,0,30,1,24.0,55
1,4,0,31,0,55.0,16
1,4,0,32,0,16.0,6
1,4,0,33,0,6.0,13
1,4,0,34,0,13.0,7
1,4,0,35,0,7.0,10
1,4,0,37,0,10.0,14
1,4,0,38,0,14.0,5
1,4,0,39,0,5.0,8
1,4,0,40,0,8.0,7
1,4,0,41,0,7.0,9
1,4,0,42,0,9.0,11
1,4,0,43,0,11.0,8
1,4,0,44,0,8.0,11
1,4,0,45,0,11.0,14
1,4,0,46,0,14.0,14
1,4,0,47,0,14.0,9
1,4,0,48,0,9.0,9
1,4,0,49,0,9.0,11
1,4,0,50,1,11.0,51
1,4,0,51,1,51.0,33
1,4,0,52,1,33.0,67
1,4,0,1,1,67.0,28
1,4,0,2,0,28.0,14
1,4,0,3,0,14.0,7
1,4,0,4,0,7.0,14
1,4,0,5,0,14.0,12
1,4,0,6,1,12.0,6
1,4,0,7,1,6.0,13
1,4,0,8,0,13.0,13
1,4,0,9,1,13.0,9
1,4,0,10,1,9.0,7
1,4,0,11,1,7.0,5
1,4,0,12,1,5.0,15
1,4,0,13,1,15.0,10
1,4,0,14,0,10.0,13
1,4,0,15,0,13.0,20
1,4,0,16,0,20.0,11
1,4,0,17,0,11.0,11
1,4,0,18,0,11.0,10
1,4,0,19,0,10.0,14
1,4,0,20,0,14.0,13
1,4,0,21,0,13.0,11
1,4,0,22,0,11.0,11
1,4,0,23,0,11.0,9
1,4,0,24,0,9.0,19
1,4,0,25,0,19.0,6
1,4,0,26,0,6.0,13
1,4,0,27,0,13.0,13
1,4,0,28,0,13.0,12
1,4,0,29,1,12.0,43
1,4,0,30,1,43.0,11
1,4,0,31,0,11.0,5
1,4,0,32,0,5.0,12
1,4,0,33,0,12.0,19
1,4,0,34,0,19.0,18
1,4,0,35,0,18.0,9
1,4,0,36,0,9.0,9
1,4,0,37,0,9.0,12
1,4,0,38,0,12.0,13
1,4,0,39,0,13.0,7
1,4,0,40,0,7.0,7
1,4,0,41,0,7.0,12
1,4,0,42,0,12.0,14
1,4,0,43,0,14.0,19
1,4,0,44,0,19.0,15
1,4,0,45,0,15.0,11
1,4,0,46,0,11.0,7
1,4,0,47,0,7.0,6
1,4,0,48,0,6.0,17
1,4,0,49,0,17.0,5
1,4,0,50,1,5.0,36
1,4,0,51,1,36.0,59
1,4,0,52,1,59.0,54
1,4,0,1,1,54.0,50
1,4,0,2,0,50.0,15
1,4,0,3,0,15.0,16
1,4,0,4,0,16.0,10
1,4,0,5,0,10.0,9
1,4,0,6,1,9.0,21
1,4,0,7,1,21.0,6
1,4,0,8,0,6.0,14
1,4,0,9,1,14.0,12
1,4,0,10,1,12.0,9
1,4,0,11,1,9.0,7
1,4,0,12,1,7.0,7
1,4,0,13,1,7.0,12
1,4,0,14,0,12.0,7
1,4,0,15,0,7.0,7
1,4,0,16,0,7.0,9
1,4,0,17,0,9.0,8
1,4,0,18,0,8.0,9
1,4,0,19,0,9.0,8
1,4,0,20,0,8.0,6
1,4,0,21,0,6.0,4
1,4,0,22,0,4.0,7
1,4,0,23,0,7.0,27
1,4,0,24,0,27.0,12
1,4,0,25,0,12.0,7
1,4,0,26,0,7.0,9
1,4,0,27,0,9.0,8
1,4,0,28,0,8.0,13
1,4,0,29,1,13.0,16
1,4,0,30,1,16.0,45
1,4,0,31,1,45.0,19
1,4,0,32,0,19.0,10
1,4,0,33,0,10.0,7
1,4,0,34,0,7.0,10
1,4,0,35,0,10.0,13
1,4,0,36,0,13.0,3
1,4,0,37,0,3.0,11
1,4,0,38,0,11.0,12
1,4,0,39,0,12.0,15
1,4,0,40,0,15.0,6
1,4,0,41,0,6.0,17
1,4,0,42,0,17.0,17
1,4,0,43,0,17.0,11
1,4,0,44,0,11.0,10
1,4,0,45,0,10.0,16
1,4,0,46,0,16.0,10
1,4,0,47,0,10.0,10
1,4,0,48,0,10.0,14
1,4,0,49,0,14.0,8
1,4,0,50,1,8.0,24
1,4,0,51,1,24.0,48
1,4,0,52,1,48.0,61
1,4,0,1,1,61.0,50
1,4,0,2,0,50.0,9
1,4,0,3,0,9.0,17
1,4,0,4,0,17.0,10
1,4,0,5,0,10.0,13
1,4,0,6,1,13.0,6
1,4,0,7,1,6.0,23
1,4,0,8,1,23.0,3
1,4,0,9,1,3.0,20
1,4,0,10,1,20.0,5
1,4,0,11,1,5.0,12
1,4,0,12,1,12.0,14
1,4,0,13,1,14.0,12
1,4,0,14,0,12.0,9
1,4,0,15,0,9.0,14
1,4,0,16,0,14.0,13
1,4,0,17,0,13.0,14
1,4,0,18,0,14.0,2
1,4,0,19,0,2.0,15
1,4,0,20,0,15.0,13
1,4,0,21,0,13.0,4
1,4,0,22,0,4.0,15
1,4,0,23,0,15.0,9
1,4,0,24,0,9.0,9
1,4,0,25,0,9.0,9
1,4,0,26,0,9.0,11
1,4,0,27,0,11.0,14
1,4,0,28,0,14.0,25
1,4,0,29,0,25.0,8
1,4,0,30,1,8.0,70
1,4,0,31,1,70.0,8
1,4,0,32,0,8.0,4
1,4,0,33,0,4.0,8
1,4,0,34,0,8.0,15
1,4,0,35,0,15.0,8
1,4,0,36,0,8.0,13
1,4,0,37,0,13.0,4
1,4,0,38,0,4.0,15
1,4,0,39,0,15.0,7
1,4,0,40,0,7.0,15
1,4,0,41,0,15.0,11
1,4,0,42,0,11.0,2
1,4,0,43,0,2.0,3
1,4,0,44,0,3.0,6
1,4,0,45,0,6.0,11
1,4,0,46,0,11.0,10
1,4,0,47,0,10.0,10
1,4,0,48,0,10.0,13
1,4,0,49,0,13.0,19
1,4,0,50,0,19.0,6
1,4,0,51,1,6.0,44
1,4,0,52,1,44.0,126
1,4,0,1,1,126.0,27
1,4,0,2,0,27.0,14
1,4,0,3,0,14.0,12
1,4,0,4,0,12.0,14
1,4,0,5,0,14.0,10
1,4,0,6,0,10.0,12
1,4,0,7,1,12.0,18
1,4,0,8,1,18.0,13
1,4,0,9,0,13.0,11
1,4,0,10,1,11.0,8
1,4,0,11,1,8.0,9
1,4,0,12,1,9.0,7
1,4,0,13,1,7.0,7
1,4,0,14,1,7.0,7
1,4,0,15,0,7.0,11
1,4,0,16,0,11.0,4
1,4,0,17,0,4.0,6
1,4,0,18,0,6.0,9
1,4,0,19,0,9.0,8
1,4,0,20,0,8.0,7
1,4,0,21,0,7.0,16
1,4,0,22,0,16.0,18
1,4,0,23,0,18.0,14
1,4,0,24,0,14.0,13
1,4,0,25,0,13.0,9
1,4,0,26,0,9.0,8
1,4,0,27,0,8.0,14
1,4,0,28,0,14.0,7
1,4,0,29,0,7.0,13
1,4,0,30,1,13.0,87
1,4,0,31,1,87.0,50
1,4,0,32,0,50.0,17
1,4,0,33,0,17.0,14
1,4,0,34,0,14.0,17
1,4,0,35,0,17.0,8
1,4,0,36,0,8.0,9
1,4,0,37,0,9.0,15
1,4,0,38,0,15.0,6
1,4,0,39,0,6.0,9
1,4,0,40,0,9.0,14
1,4,0,41,0,14.0,16
1,4,0,42,0,16.0,10
1,4,0,43,0,10.0,18
1,4,0,44,0,18.0,6
1,4,0,45,0,6.0,12
1,4,0,46,0,12.0,7
1,4,0,47,0,7.0,3
1,4,0,48,0,3.0,17
1,4,0,49,0,17.0,10
1,4,0,50,0,10.0,10
1,4,0,51,1,10.0,42
1,4,0,52,1,42.0,59
1,4,1,1,1,0.0,46
1,4,1,2,0,46.0,10
1,4,1,3,0,10.0,5
1,4,1,4,0,5.0,7
1,4,1,5,0,7.0,10
1,4,1,6,1,10.0,18
1,4,1,7,1,18.0,14
1,4,1,8,1,14.0,7
1,4,1,9,1,7.0,4
1,4,1,10,1,4.0,6
1,4,1,11,1,6.0,8
1,4,1,12,1,8.0,1
1,4,1,13,1,1.0,10
1,4,1,14,0,10.0,14
1,4,1,15,0,14.0,10
1,4,1,16,0,10.0,16
1,4,1,17,0,16.0,16
1,4,1,18,0,16.0,10
1,4,1,19,0,10.0,7
1,4,1,20,0,7.0,20
1,4,1,21,0,20.0,14
1,4,1,22,0,14.0,17
1,4,1,23,0,17.0,14
1,4,1,24,0,14.0,10
1,4,1,25,0,10.0,4
1,4,1,26,0,4.0,11
1,4,1,27,0,11.0,14
1,4,1,28,0,14.0,11
1,4,1,29,1,11.0,19
1,4,1,30,1,19.0,12
1,4,1,31,1,12.0,22
1,4,1,32,0,22.0,14
1,4,1,33,0,14.0,16
1,4,1,34,0,16.0,11
1,4,1,35,0,11.0,12
1,4,1,36,0,12.0,13
1,4,1,37,0,13.0,15
1,4,1,38,0,15.0,10
1,4,1,39,0,10.0,19
1,4,1,40,0,19.0,8
1,4,1,41,0,8.0,13
1,4,1,42,0,13.0,11
1,4,1,43,0,11.0,11
1,4,1,44,0,11.0,11
1,4,1,45,0,11.0,9
1,4,1,46,0,9.0,16
1,4,1,47,0,16.0,5
1,4,1,48,0,5.0,9
1,4,1,49,0,9.0,16
1,4,1,50,1,16.0,12
1,4,1,51,1,12.0,43
1,4,1,52,1,43.0,104
1,4,1,1,1,104.0,68
1,4,1,2,0,68.0,6
1,4,1,3,0,6.0,10
1,4,1,4,0,10.0,12
1,4,1,5,0,12.0,8
1,4,1,6,1,8.0,10
1,4,1,7,1,10.0,8
1,4,1,8,1,8.0,6
1,4,1,9,1,6.0,12
1,4,1,10,1,12.0,11
1,4,1,11,1,11.0,15
1,4,1,12,1,15.0,6
1,4,1,13,1,6.0,8
1,4,1,14,0,8.0,6
1,4,1,15,0,6.0,19
1,4,1,16,0,19.0,7
1,4,1,17,0,7.0,11
1,4,1,18,0,11.0,6
1,4,1,19,0,6.0,5
1,4,1,20,0,5.0,16
1,4,1,21,0,16.0,15
1,4,1,22,0,15.0,8
1,4,1,23,0,8.0,14
1,4,1,24,0,14.0,7
1,4,1,25,0,7.0,13
1,4,1,26,0,13.0,11
1,4,1,27,0,11.0,3
1,4,1,28,0,3.0,16
1,4,1,29,0,16.0,18
1,4,1,30,1,18.0,67
1,4,1,31,1,67.0,39
1,4,1,32,0,39.0,11
1,4,1,33,0,11.0,5
1,4,1,34,0,5.0,10
1,4,1,35,0,10.0,11
1,4,1,36,0,11.0,10
1,4,1,37,0,10.0,14
1,4,1,38,0,14.0,13
1,4,1,39,0,13.0,11
1,4,1,40,0,11.0,10
1,4,1,41,0,10.0,6
1,4,1,42,0,6.0,10
1,4,1,43,0,10.0,22
1,4,1,44,0,22.0,19
1,4,1,45,0,19.0,14
1,4,1,46,0,14.0,20
1,4,1,47,0,20.0,14
1,4,1,48,0,14.0,17
1,4,1,49,0,17.0,12
1,4,1,50,1,12.0,30
1,4,1,51,1,30.0,96
1,4,1,52,1,96.0,88
1,4,1,1,1,88.0,45
1,4,1,2,0,45.0,9
1,4,1,3,0,9.0,10
1,4,1,4,0,10.0,10
1,4,1,5,0,10.0,11
1,4,1,6,0,11.0,6
1,4,1,7,1,6.0,16
1,4,1,8,1,16.0,10
1,4,1,9,1,10.0,13
1,4,1,10,1,13.0,13
1,4,1,12,1,13.0,11
1,4,1,13,1,11.0,8
1,4,1,14,0,8.0,2
1,4,1,15,0,2.0,7
1,4,1,16,0,7.0,2
1,4,1,17,0,2.0,14
1,4,1,18,0,14.0,8
1,4,1,19,0,8.0,15
1,4,1,20,0,15.0,10
1,4,1,21,0,10.0,14
1,4,1,22,0,14.0,2
1,4,1,23,0,2.0,9
1,4,1,24,0,9.0,7
1,4,1,25,0,7.0,9
1,4,1,26,0,9.0,12
1,4,1,27,0,12.0,7
1,4,1,28,0,7.0,16
1,4,1,29,0,16.0,2
1,4,1,30,1,2.0,66
1,4,1,31,1,66.0,81
1,4,1,32,0,81.0,14
1,4,1,33,0,14.0,17
1,4,1,34,0,17.0,9
1,4,1,35,0,9.0,4
1,4,1,36,0,4.0,10
1,4,1,37,0,10.0,14
1,4,1,38,0,14.0,5
1,4,1,39,0,5.0,14
1,4,1,40,0,14.0,8
1,4,1,41,0,8.0,12
1,4,1,42,0,12.0,20
1,4,1,43,0,20.0,10
1,4,1,44,0,10.0,12
1,4,1,45,0,12.0,11
1,4,1,46,0,11.0,11
1,4,1,47,0,11.0,6
1,4,1,48,0,6.0,23
1,4,1,49,0,23.0,14
1,4,1,50,0,14.0,3
1,4,1,51,1,3.0,81
1,4,1,52,1,81.0,49
1,4,1,53,1,49.0,44
1,4,1,1,1,44.0,33
1,4,1,2,0,33.0,6
1,4,1,3,0,6.0,2
1,4,1,4,0,2.0,13
1,4,1,5,0,13.0,13
1,4,1,6,1,13.0,15
1,4,1,7,1,15.0,7
1,4,1,8,0,7.0,7
1,4,1,9,1,7.0,7
1,4,1,10,1,7.0,4
1,4,1,11,1,4.0,3
1,4,1,12,1,3.0,14
1,4,1,13,1,14.0,3
1,4,1,14,0,3.0,9
1,4,1,15,0,9.0,9
1,4,1,16,0,9.0,6
1,4,1,17,0,6.0,12
1,4,1,18,0,12.0,23
1,4,1,19,0,23.0,8
1,4,1,20,0,8.0,14
1,4,1,21,0,14.0,14
1,4,1,22,0,14.0,7
1,4,1,23,0,7.0,13
1,4,1,24,0,13.0,6
1,4,1,25,0,6.0,8
1,4,1,26,0,8.0,8
1,4,1,27,0,8.0,17
1,4,1,28,0,17.0,5
1,4,1,29,1,5.0,32
1,4,1,30,1,32.0,38
1,4,1,31,0,38.0,14
1,4,1,32,0,14.0,5
1,4,1,33,0,5.0,4
1,4,1,34,0,4.0,8
1,4,1,35,0,8.0,22
1,4,1,36,0,22.0,12
1,4,1,37,0,12.0,2
1,4,1,38,0,2.0,26
1,4,1,39,0,26.0,6
1,4,1,40,0,6.0,11
1,4,1,41,0,11.0,7
1,4,1,42,0,7.0,9
1,4,1,43,0,9.0,7
1,4,1,44,0,7.0,6
1,4,1,45,0,6.0,4
1,4,1,46,0,4.0,23
1,4,1,47,0,23.0,5
1,4,1,48,0,5.0,13
1,4,1,49,0,13.0,6
1,4,1,50,1,6.0,74
1,4,1,51,1,74.0,26
1,4,1,52,1,26.0,92
1,4,1,1,1,92.0,40
1,4,1,2,0,40.0,11
1,4,1,3,0,11.0,8
1,4,1,4,0,8.0,10
1,4,1,5,0,10.0,9
1,4,1,6,1,9.0,11
1,4,1,7,1,11.0,10
1,4,1,8,0,10.0,14
1,4,1,9,1,14.0,2
1,4,1,10,1,2.0,17
1,4,1,11,1,17.0,8
1,4,1,12,1,8.0,9
1,4,1,13,1,9.0,12
1,4,1,14,0,12.0,7
1,4,1,15,0,7.0,9
1,4,1,16,0,9.0,14
1,4,1,17,0,14.0,7
1,4,1,18,0,7.0,10
1,4,1,19,0,10.0,7
1,4,1,20,0,7.0,9
1,4,1,21,0,9.0,8
1,4,1,22,0,8.0,12
1,4,1,23,0,12.0,7
1,4,1,24,0,7.0,14
1,4,1,25,0,14.0,5
1,4,1,26,0,5.0,13
1,4,1,27,0,13.0,5
1,4,1,28,0,5.0,19
1,4,1,29,1,19.0,63
1,4,1,30,1,63.0,55
1,4,1,31,0,55.0,10
1,4,1,32,0,10.0,11
1,4,1,33,0,11.0,9
1,4,1,34,0,9.0,21
1,4,1,35,0,21.0,9
1,4,1,36,0,9.0,12
1,4,1,37,0,12.0,4
1,4,1,38,0,4.0,8
1,4,1,39,0,8.0,8
1,4,1,40,0,8.0,9
1,4,1,41,0,9.0,12
1,4,1,42,0,12.0,18
1,4,1,43,0,18.0,20
1,4,1,44,0,20.0,9
1,4,1,45,0,9.0,19
1,4,1,46,0,19.0,11
1,4,1,47,0,11.0,4
1,4,1,48,0,4.0,5
1,4,1,49,0,5.0,14
1,4,1,50,1,14.0,53
1,4,1,51,1,53.0,53
1,4,1,52,1,53.0,76
1,4,1,1,1,76.0,37
1,4,1,2,0,37.0,19
1,4,1,3,0,19.0,15
1,4,1,4,0,15.0,13
1,4,1,5,0,13.0,15
1,4,1,6,1,15.0,6
1,4,1,7,1,6.0,12
1,4,1,8,1,12.0,14
1,4,1,9,1,14.0,18
1,4,1,10,1,18.0,7
1,4,1,11,1,7.0,12
1,4,1,12,1,12.0,19
1,4,1,13,1,19.0,14
1,4,1,14,0,14.0,16
1,4,1,15,0,16.0,12
1,4,1,16,0,12.0,14
1,4,1,17,0,14.0,9
1,4,1,18,0,9.0,1
1,4,1,19,0,1.0,13
1,4,1,20,0,13.0,17
1,4,1,21,0,17.0,16
1,4,1,22,0,16.0,10
1,4,1,23,0,10.0,14
1,4,1,24,0,14.0,12
1,4,1,25,0,12.0,16
1,4,1,26,0,16.0,10
1,4,1,27,0,10.0,4
1,4,1,28,0,4.0,11
1,4,1,29,1,11.0,27
1,4,1,30,1,27.0,65
1,4,1,31,1,65.0,22
1,4,1,32,0,22.0,14
1,4,1,33,0,14.0,9
1,4,1,34,0,9.0,16
1,4,1,35,0,16.0,9
1,4,1,36,0,9.0,8
1,4,1,37,0,8.0,9
1,4,1,38,0,9.0,16
1,4,1,39,0,16.0,8
1,4,1,40,0,8.0,7
1,4,1,41,0,7.0,14
1,4,1,42,0,14.0,5
1,4,1,43,0,5.0,12
1,4,1,44,0,12.0,8
1,4,1,45,0,8.0,9
1,4,1,46,0,9.0,16
1,4,1,47,0,16.0,15
1,4,1,48,0,15.0,11
1,4,1,49,0,11.0,13
1,4,1,50,0,13.0,9
1,4,1,51,1,9.0,40
1,4,1,52,1,40.0,138
1,4,1,1,1,138.0,56
1,4,1,2,0,56.0,17
1,4,1,3,0,17.0,9
1,4,1,4,0,9.0,12
1,4,1,5,0,12.0,12
1,4,1,6,0,12.0,7
1,4,1,7,1,7.0,13
1,4,1,8,1,13.0,19
1,4,1,9,1,19.0,18
1,4,1,10,1,18.0,14
1,4,1,11,1,14.0,10
1,4,1,12,1,10.0,7
1,4,1,13,1,7.0,2
1,4,1,14,0,2.0,14
1,4,1,15,0,14.0,8
1,4,1,16,0,8.0,7
1,4,1,18,0,7.0,9
1,4,1,19,0,9.0,21
1,4,1,20,0,21.0,14
1,4,1,21,0,14.0,6
1,4,1,22,0,6.0,5
1,4,1,23,0,5.0,7
1,4,1,24,0,7.0,14
1,4,1,25,0,14.0,12
1,4,1,26,0,12.0,7
1,4,1,27,0,7.0,9
1,4,1,28,0,9.0,9
1,4,1,29,0,9.0,7
1,4,1,30,1,7.0,21
1,4,1,31,1,21.0,39
1,4,1,32,0,39.0,17
1,4,1,33,0,17.0,6
1,4,1,34,0,6.0,26
1,4,1,35,0,26.0,10
1,4,1,36,0,10.0,12
1,4,1,37,0,12.0,12
1,4,1,38,0,12.0,23
1,4,1,39,0,23.0,3
1,4,1,40,0,3.0,9
1,4,1,41,0,9.0,11
1,4,1,42,0,11.0,14
1,4,1,43,0,14.0,16
1,4,1,44,0,16.0,11
1,4,1,45,0,11.0,11
1,4,1,46,0,11.0,15
1,4,1,47,0,15.0,11
1,4,1,48,0,11.0,7
1,4,1,49,0,7.0,9
1,4,1,50,0,9.0,11
1,4,1,51,1,11.0,44
1,4,1,52,1,44.0,57
1,4,1,1,1,57.0,94
1,4,1,2,0,94.0,12
1,4,1,3,0,12.0,12
1,4,1,4,0,12.0,8
1,4,1,5,0,8.0,10
1,4,1,6,0,10.0,18
1,4,1,7,1,18.0,14
1,4,1,8,0,14.0,4
1,4,1,9,1,4.0,15
1,4,1,10,1,15.0,13
1,4,1,11,1,13.0,9
1,4,1,12,1,9.0,11
1,4,1,13,1,11.0,9
1,4,1,14,0,9.0,9
1,4,1,15,0,9.0,11
1,4,1,16,0,11.0,20
1,4,1,17,0,20.0,4
1,4,1,18,0,4.0,15
1,4,1,19,0,15.0,14
1,4,1,20,0,14.0,10
1,4,1,21,0,10.0,10
1,4,1,22,0,10.0,9
1,4,1,23,0,9.0,10
1,4,1,24,0,10.0,17
1,4,1,25,0,17.0,7
1,4,1,26,0,7.0,14
1,4,1,27,0,14.0,12
1,4,1,28,0,12.0,19
1,4,1,29,0,19.0,2
1,4,1,30,1,2.0,85
1,4,1,31,1,85.0,18
1,4,1,32,0,18.0,14
1,4,1,33,0,14.0,8
1,4,1,34,0,8.0,13
1,4,1,35,0,13.0,6
1,4,1,36,0,6.0,7
1,4,1,37,0,7.0,9
1,4,1,38,0,9.0,11
1,4,1,39,0,11.0,5
1,4,1,40,0,5.0,16
1,4,1,41,0,16.0,9
1,4,1,42,0,9.0,8
1,4,1,43,0,8.0,10
1,4,1,44,0,10.0,13
1,4,1,45,0,13.0,16
1,4,1,46,0,16.0,6
1,4,1,47,0,6.0,7
1,4,1,48,0,7.0,14
1,4,1,49,0,14.0,7
1,4,1,50,0,7.0,15
1,4,1,51,1,15.0,76
1,4,1,52,1,76.0,12
1,4,2,1,1,0.0,42
1,4,2,2,0,42.0,9
1,4,2,3,0,9.0,12
1,4,2,4,0,12.0,7
1,4,2,5,0,7.0,9
1,4,2,6,1,9.0,11
1,4,2,7,1,11.0,13
1,4,2,8,0,13.0,11
1,4,2,9,1,11.0,16
1,4,2,10,1,16.0,17
1,4,2,11,1,17.0,15
1,4,2,12,1,15.0,5
1,4,2,13,1,5.0,5
1,4,2,14,0,5.0,5
1,4,2,15,0,5.0,14
1,4,2,16,0,14.0,16
1,4,2,17,0,16.0,3
1,4,2,18,0,3.0,8
1,4,2,19,0,8.0,25
1,4,2,20,0,25.0,15
1,4,2,21,0,15.0,17
1,4,2,22,0,17.0,8
1,4,2,23,0,8.0,7
1,4,2,24,0,7.0,10
1,4,2,25,0,10.0,15
1,4,2,26,0,15.0,12
1,4,2,27,0,12.0,14
1,4,2,28,0,14.0,7
1,4,2,29,0,7.0,20
1,4,2,30,1,20.0,34
1,4,2,31,1,34.0,60
1,4,2,32,0,60.0,10
1,4,2,33,0,10.0,18
1,4,2,34,0,18.0,17
1,4,2,35,0,17.0,8
1,4,2,36,0,8.0,11
1,4,2,37,0,11.0,9
1,4,2,38,0,9.0,11
1,4,2,39,0,11.0,4
1,4,2,40,0,4.0,5
1,4,2,41,0,5.0,15
1,4,2,42,0,15.0,10
1,4,2,43,0,10.0,16
1,4,2,44,0,16.0,12
1,4,2,45,0,12.0,6
1,4,2,46,0,6.0,10
1,4,2,47,0,10.0,7
1,4,2,48,0,7.0,11
1,4,2,49,0,11.0,8
1,4,2,50,1,8.0,45
1,4,2,51,1,45.0,83
1,4,2,52,1,83.0,76
1,4,2,1,1,76.0,65
1,4,2,2,0,65.0,7
1,4,2,3,0,7.0,18
1,4,2,4,0,18.0,6
1,4,2,5,0,6.0,11
1,4,2,6,0,11.0,4
1,4,2,7,1,4.0,5
1,4,2,8,1,5.0,1
1,4,2,9,1,1.0,8
1,4,2,10,1,8.0,10
1,4,2,11,1,10.0,3
1,4,2,12,1,3.0,7
1,4,2,13,1,7.0,8
1,4,2,14,0,8.0,14
1,4,2,15,0,14.0,13
1,4,2,16,0,13.0,10
1,4,2,17,0,10.0,12
1,4,2,18,0,12.0,12
1,4,2,19,0,12.0,12
1,4,2,20,0,12.0,10
1,4,2,21,0,10.0,9
1,4,2,22,0,9.0,7
1,4,2,23,0,7.0,12
1,4,2,24,0,12.0,9
1,4,2,25,0,9.0,11
1,4,2,26,0,11.0,7
1,4,2,27,0,7.0,7
1,4,2,28,0,7.0,13
1,4,2,29,0,13.0,12
1,4,2,30,1,12.0,51
1,4,2,31,1,51.0,32
1,4,2,32,0,32.0,4
1,4,2,33,0,4.0,16
1,4,2,34,0,16.0,4
1,4,2,35,0,4.0,11
1,4,2,36,0,11.0,17
1,4,2,37,0,17.0,21
1,4,2,38,0,21.0,10
1,4,2,39,0,10.0,11
1,4,2,40,0,11.0,13
1,4,2,41,0,13.0,7
1,4,2,42,0,7.0,9
1,4,2,43,0,9.0,11
1,4,2,44,0,11.0,10
1,4,2,45,0,10.0,7
1,4,2,46,0,7.0,11
1,4,2,47,0,11.0,5
1,4,2,48,0,5.0,6
1,4,2,49,0,6.0,2
1,4,2,50,1,2.0,17
1,4,2,51,1,17.0,121
1,4,2,52,1,121.0,91
1,4,2,1,1,91.0,121
1,4,2,2,0,121.0,8
1,4,2,3,0,8.0,10
1,4,2,4,0,10.0,15
1,4,2,5,0,15.0,14
1,4,2,6,0,14.0,10
1,4,2,7,1,10.0,10
1,4,2,8,1,10.0,17
1,4,2,9,0,17.0,10
1,4,2,10,1,10.0,16
1,4,2,11,1,16.0,6
1,4,2,12,1,6.0,11
1,4,2,13,1,11.0,12
1,4,2,14,1,12.0,10
1,4,2,15,0,10.0,10
1,4,2,16,0,10.0,7
1,4,2,17,0,7.0,13
1,4,2,18,0,13.0,15
1,4,2,19,0,15.0,4
1,4,2,20,0,4.0,13
1,4,2,21,0,13.0,25
1,4,2,22,0,25.0,10
1,4,2,23,0,10.0,15
1,4,2,24,0,15.0,8
1,4,2,25,0,8.0,8
1,4,2,26,0,8.0,5
1,4,2,27,0,5.0,2
1,4,2,28,0,2.0,17
1,4,2,29,0,17.0,17
1,4,2,30,1,17.0,55
1,4,2,31,1,55.0,36
1,4,2,32,0,36.0,8
1,4,2,33,0,8.0,6
1,4,2,34,0,6.0,15
1,4,2,35,0,15.0,11
1,4,2,36,0,11.0,14
1,4,2,37,0,14.0,7
1,4,2,38,0,7.0,7
1,4,2,39,0,7.0,11
1,4,2,40,0,11.0,8
1,4,2,41,0,8.0,7
1,4,2,42,0,7.0,12
1,4,2,43,0,12.0,7
1,4,2,44,0,7.0,11
1,4,2,45,0,11.0,8
1,4,2,46,0,8.0,5
1,4,2,47,0,5.0,13
1,4,2,48,0,13.0,12
1,4,2,49,0,12.0,13
1,4,2,50,0,13.0,15
1,4,2,51,1,15.0,59
1,4,2,52,1,59.0,91
1,4,2,53,1,91.0,31
1,4,2,1,1,31.0,20
1,4,2,2,0,20.0,14
1,4,2,3,0,14.0,3
1,4,2,4,0,3.0,7
1,4,2,5,0,7.0,8
1,4,2,6,1,8.0,9
1,4,2,7,1,9.0,6
1,4,2,8,0,6.0,16
1,4,2,9,1,16.0,10
1,4,2,10,1,10.0,11
1,4,2,11,1,11.0,10
1,4,2,12,1,10.0,6
1,4,2,13,1,6.0,8
1,4,2,14,0,8.0,22
1,4,2,15,0,22.0,17
1,4,2,16,0,17.0,11
1,4,2,17,0,11.0,11
1,4,2,18,0,11.0,12
1,4,2,19,0,12.0,10
1,4,2,20,0,10.0,13
1,4,2,21,0,13.0,10
1,4,2,22,0,10.0,6
1,4,2,23,0,6.0,10
1,4,2,24,0,10.0,10
1,4,2,25,0,10.0,8
1,4,2,26,0,8.0,9
1,4,2,27,0,9.0,16
1,4,2,28,0,16.0,13
1,4,2,29,0,13.0,7
1,4,2,30,1,7.0,54
1,4,2,31,0,54.0,13
1,4,2,32,0,13.0,9
1,4,2,33,0,9.0,6
1,4,2,34,0,6.0,11
1,4,2,35,0,11.0,13
1,4,2,36,0,13.0,7
1,4,2,37,0,7.0,28
1,4,2,38,0,28.0,16
1,4,2,39,0,16.0,13
1,4,2,40,0,13.0,10
1,4,2,41,0,10.0,10
1,4,2,42,0,10.0,11
1,4,2,43,0,11.0,11
1,4,2,44,0,11.0,8
1,4,2,45,0,8.0,8
1,4,2,46,0,8.0,27
1,4,2,47,0,27.0,6
1,4,2,48,0,6.0,8
1,4,2,49,0,8.0,14
1,4,2,50,1,14.0,12
1,4,2,51,1,12.0,87
1,4,2,52,1,87.0,69
1,4,2,1,1,69.0,24
1,4,2,2,0,24.0,18
1,4,2,3,0,18.0,13
1,4,2,4,0,13.0,20
1,4,2,5,0,20.0,10
1,4,2,6,1,10.0,8
1,4,2,7,1,8.0,2
1,4,2,8,0,2.0,10
1,4,2,9,1,10.0,11
1,4,2,10,1,11.0,13
1,4,2,11,1,13.0,12
1,4,2,12,1,12.0,8
1,4,2,13,1,8.0,5
1,4,2,14,0,5.0,9
1,4,2,15,0,9.0,12
1,4,2,16,0,12.0,15
1,4,2,17,0,15.0,8
1,4,2,18,0,8.0,8
1,4,2,19,0,8.0,18
1,4,2,20,0,18.0,14
1,4,2,21,0,14.0,8
1,4,2,22,0,8.0,11
1,4,2,23,0,11.0,8
1,4,2,24,0,8.0,10
1,4,2,25,0,10.0,5
1,4,2,27,0,5.0,1
1,4,2,28,0,1.0,9
1,4,2,29,1,9.0,36
1,4,2,30,1,36.0,62
1,4,2,31,0,62.0,6
1,4,2,32,0,6.0,13
1,4,2,33,0,13.0,7
1,4,2,34,0,7.0,7
1,4,2,35,0,7.0,4
1,4,2,36,0,4.0,11
1,4,2,37,0,11.0,4
1,4,2,38,0,4.0,19
1,4,2,39,0,19.0,12
1,4,2,40,0,12.0,9
1,4,2,41,0,9.0,11
1,4,2,42,0,11.0,15
1,4,2,43,0,15.0,11
1,4,2,44,0,11.0,3
1,4,2,45,0,3.0,13
1,4,2,46,0,13.0,2
1,4,2,47,0,2.0,11
1,4,2,48,0,11.0,17
1,4,2,49,0,17.0,9
1,4,2,50,1,9.0,51
1,4,2,51,1,51.0,53
1,4,2,52,1,53.0,67
1,4,2,1,1,67.0,9
1,4,2,2,0,9.0,13
1,4,2,3,0,13.0,10
1,4,2,4,0,10.0,6
1,4,2,5,0,6.0,5
1,4,2,6,1,5.0,15
1,4,2,7,1,15.0,7
1,4,2,8,0,7.0,4
1,4,2,9,1,4.0,12
1,4,2,10,1,12.0,4
1,4,2,11,1,4.0,7
1,4,2,12,1,7.0,15
1,4,2,13,1,15.0,9
1,4,2,14,0,9.0,7
1,4,2,15,0,7.0,8
1,4,2,16,0,8.0,14
1,4,2,17,0,14.0,6
1,4,2,18,0,6.0,8
1,4,2,19,0,8.0,10
1,4,2,20,0,10.0,23
1,4,2,21,0,23.0,6
1,4,2,22,0,6.0,16
1,4,2,23,0,16.0,11
1,4,2,24,0,11.0,5
1,4,2,25,0,5.0,17
1,4,2,26,0,17.0,12
1,4,2,27,0,12.0,13
1,4,2,28,0,13.0,14
1,4,2,29,1,14.0,15
1,4,2,30,1,15.0,59
1,4,2,31,0,59.0,10
1,4,2,32,0,10.0,5
1,4,2,33,0,5.0,13
1,4,2,34,0,13.0,17
1,4,2,35,0,17.0,6
1,4,2,36,0,6.0,8
1,4,2,37,0,8.0,10
1,4,2,38,0,10.0,3
1,4,2,39,0,3.0,6
1,4,2,40,0,6.0,9
1,4,2,41,0,9.0,4
1,4,2,42,0,4.0,15
1,4,2,43,0,15.0,12
1,4,2,44,0,12.0,9
1,4,2,45,0,9.0,8
1,4,2,46,0,8.0,7
1,4,2,47,0,7.0,6
1,4,2,48,0,6.0,16
1,4,2,49,0,16.0,12
1,4,2,50,1,12.0,33
1,4,2,51,1,33.0,54
1,4,2,52,1,54.0,89
1,4,2,1,1,89.0,49
1,4,2,2,0,49.0,7
1,4,2,3,0,7.0,11
1,4,2,4,0,11.0,12
1,4,2,5,0,12.0,9
1,4,2,6,1,9.0,16
1,4,2,7,1,16.0,9
1,4,2,8,0,9.0,1
1,4,2,9,0,1.0,3
1,4,2,10,1,3.0,16
1,4,2,11,1,16.0,8
1,4,2,12,1,8.0,17
1,4,2,13,1,17.0,12
1,4,2,14,0,12.0,4
1,4,2,15,0,4.0,7
1,4,2,16,0,7.0,6
1,4,2,17,0,6.0,9
1,4,2,18,0,9.0,7
1,4,2,19,0,7.0,16
1,4,2,20,0,16.0,11
1,4,2,21,0,11.0,8
1,4,2,22,0,8.0,14
1,4,2,23,0,14.0,15
1,4,2,24,0,15.0,8
1,4,2,25,0,8.0,4
1,4,2,26,0,4.0,12
1,4,2,27,0,12.0,12
1,4,2,28,0,12.0,10
1,4,2,29,0,10.0,10
1,4,2,30,1,10.0,76
1,4,2,31,1,76.0,20
1,4,2,32,0,20.0,19
1,4,2,33,0,19.0,7
1,4,2,34,0,7.0,17
1,4,2,35,0,17.0,23
1,4,2,36,0,23.0,15
1,4,2,37,0,15.0,2
1,4,2,38,0,2.0,8
1,4,2,39,0,8.0,6
1,4,2,40,0,6.0,4
1,4,2,41,0,4.0,3
1,4,2,42,0,3.0,14
1,4,2,43,0,14.0,12
1,4,2,44,0,12.0,11
1,4,2,45,0,11.0,5
1,4,2,46,0,5.0,11
1,4,2,47,0,11.0,7
1,4,2,48,0,7.0,4
1,4,2,49,0,4.0,2
1,4,2,50,1,2.0,40
1,4,2,51,1,40.0,59
1,4,2,52,1,59.0,87
1,4,2,1,1,87.0,45
1,4,2,2,0,45.0,17
1,4,2,3,0,17.0,17
1,4,2,4,0,17.0,5
1,4,2,5,0,5.0,15
1,4,2,6,0,15.0,18
1,4,2,7,1,18.0,9
1,4,2,8,1,9.0,10
1,4,2,9,1,10.0,17
1,4,2,10,1,17.0,10
1,4,2,11,1,10.0,13
1,4,2,12,1,13.0,10
1,4,2,13,1,10.0,8
1,4,2,14,1,8.0,14
1,4,2,15,0,14.0,19
1,4,2,16,0,19.0,10
1,4,2,17,0,10.0,6
1,4,2,18,0,6.0,5
1,4,2,19,0,5.0,15
1,4,2,20,0,15.0,8
1,4,2,21,0,8.0,7
1,4,2,22,0,7.0,10
1,4,2,23,0,10.0,12
1,4,2,24,0,12.0,12
1,4,2,25,0,12.0,18
1,4,2,26,0,18.0,9
1,4,2,27,0,9.0,6
1,4,2,28,0,6.0,6
1,4,2,29,0,6.0,12
1,4,2,30,1,12.0,39
1,4,2,31,1,39.0,25
1,4,2,32,0,25.0,13
1,4,2,33,0,13.0,19
1,4,2,34,0,19.0,11
1,4,2,35,0,11.0,9
1,4,2,36,0,9.0,10
1,4,2,37,0,10.0,10
1,4,2,38,0,10.0,9
1,4,2,39,0,9.0,7
1,4,2,40,0,7.0,15
1,4,2,41,0,15.0,5
1,4,2,42,0,5.0,14
1,4,2,43,0,14.0,8
1,4,2,44,0,8.0,11
1,4,2,45,0,11.0,13
1,4,2,46,0,13.0,11
1,4,2,47,0,11.0,9
1,4,2,48,0,9.0,15
1,4,2,49,0,15.0,8
1,4,2,50,0,8.0,12
1,4,2,51,1,12.0,33
1,4,2,52,1,33.0,49
1,4,2,1,1,49.0,31
1,5,0,1,1,0.0,40
1,5,0,2,0,40.0,5
1,5,0,3,0,5.0,14
1,5,0,4,0,14.0,13
1,5,0,5,0,13.0,13
1,5,0,6,1,13.0,13
1,5,0,7,1,13.0,19
1,5,0,8,1,19.0,9
1,5,0,9,1,9.0,4
1,5,0,10,1,4.0,6
1,5,0,11,1,6.0,3
1,5,0,12,1,3.0,11
1,5,0,13,1,11.0,8
1,5,0,14,0,8.0,5
1,5,0,15,0,5.0,12
1,5,0,16,0,12.0,6
1,5,0,17,0,6.0,11
1,5,0,18,0,11.0,16
1,5,0,19,0,16.0,15
1,5,0,20,0,15.0,20
1,5,0,21,0,20.0,9
1,5,0,22,0,9.0,24
1,5,0,23,0,24.0,24
1,5,0,24,0,24.0,5
1,5,0,25,0,5.0,4
1,5,0,26,0,4.0,7
1,5,0,27,0,7.0,12
1,5,0,28,0,12.0,9
1,5,0,29,0,9.0,2
1,5,0,30,1,2.0,9
1,5,0,31,1,9.0,10
1,5,0,32,0,10.0,7
1,5,0,33,0,7.0,6
1,5,0,34,0,6.0,21
1,5,0,35,0,21.0,11
1,5,0,36,0,11.0,13
1,5,0,37,0,13.0,16
1,5,0,38,0,16.0,16
1,5,0,39,0,16.0,18
1,5,0,40,0,18.0,14
1,5,0,41,0,14.0,3
1,5,0,42,0,3.0,16
1,5,0,43,0,16.0,8
1,5,0,44,0,8.0,7
1,5,0,45,0,7.0,15
1,5,0,46,0,15.0,21
1,5,0,47,0,21.0,13
1,5,0,48,0,13.0,5
1,5,0,49,0,5.0,14
1,5,0,50,1,14.0,38
1,5,0,51,1,38.0,19
1,5,0,52,1,19.0,66
1,5,0,1,1,66.0,9
1,5,0,2,0,9.0,19
1,5,0,3,0,19.0,8
1,5,0,4,0,8.0,4
1,5,0,5,0,4.0,11
1,5,0,6,0,11.0,8
1,5,0,7,1,8.0,7
1,5,0,8,1,7.0,15
1,5,0,9,1,15.0,27
1,5,0,10,1,27.0,17
1,5,0,11,1,17.0,12
1,5,0,12,1,12.0,2
1,5,0,13,1,2.0,7
1,5,0,14,0,7.0,8
1,5,0,15,0,8.0,6
1,5,0,16,0,6.0,10
1,5,0,17,0,10.0,3
1,5,0,18,0,3.0,3
1,5,0,19,0,3.0,19
1,5,0,20,0,19.0,15
1,5,0,21,0,15.0,9
1,5,0,22,0,9.0,8
1,5,0,23,0,8.0,12
1,5,0,24,0,12.0,13
1,5,0,25,0,13.0,9
1,5,0,26,0,9.0,15
1,5,0,27,0,15.0,17
1,5,0,28,0,17.0,13
1,5,0,29,0,13.0,7
1,5,0,30,1,7.0,9
1,5,0,31,1,9.0,2
1,5,0,32,0,2.0,12
1,5,0,33,0,12.0,6
1,5,0,34,0,6.0,11
1,5,0,35,0,11.0,4
1,5,0,36,0,4.0,13
1,5,0,37,0,13.0,15
1,5,0,38,0,15.0,6
1,5,0,39,0,6.0,3
1,5,0,40,0,3.0,30
1,5,0,41,0,30.0,7
1,5,0,42,0,7.0,13
1,5,0,43,0,13.0,6
1,5,0,44,0,6.0,5
1,5,0,45,0,5.0,7
1,5,0,46,0,7.0,6
1,5,0,47,0,6.0,5
1,5,0,48,0,5.0,8
1,5,0,49,0,8.0,5
1,5,0,50,1,5.0,46
1,5,0,52,1,46.0,74
1,5,0,1,1,74.0,96
1,5,0,2,0,96.0,5
1,5,0,3,0,5.0,9
1,5,0,4,0,9.0,13
1,5,0,5,0,13.0,7
1,5,0,6,0,7.0,7
1,5,0,7,1,7.0,5
1,5,0,8,1,5.0,10
1,5,0,9,0,10.0,14
1,5,0,10,1,14.0,14
1,5,0,11,1,14.0,11
1,5,0,12,1,11.0,4
1,5,0,13,1,4.0,8
1,5,0,14,0,8.0,13
1,5,0,15,0,13.0,11
1,5,0,16,0,11.0,19
1,5,0,17,0,19.0,4
1,5,0,18,0,4.0,13
1,5,0,19,0,13.0,11
1,5,0,20,0,11.0,14
1,5,0,21,0,14.0,26
1,5,0,22,0,26.0,10
1,5,0,23,0,10.0,8
1,5,0,24,0,8.0,11
1,5,0,25,0,11.0,3
1,5,0,26,0,3.0,6
1,5,0,27,0,6.0,8
1,5,0,28,0,8.0,8
1,5,0,29,0,8.0,15
1,5,0,30,1,15.0,10
1,5,0,31,1,10.0,9
1,5,0,32,0,9.0,6
1,5,0,33,0,6.0,10
1,5,0,34,0,10.0,15
1,5,0,35,0,15.0,6
1,5,0,36,0,6.0,4
1,5,0,37,0,4.0,13
1,5,0,38,0,13.0,12
1,5,0,39,0,12.0,6
1,5,0,40,0,6.0,17
1,5,0,41,0,17.0,11
1,5,0,42,0,11.0,6
1,5,0,43,0,6.0,6
1,5,0,44,0,6.0,7
1,5,0,45,0,7.0,12
1,5,0,46,0,12.0,11
1,5,0,47,0,11.0,23
1,5,0,48,0,23.0,7
1,5,0,49,0,7.0,11
1,5,0,50,0,11.0,7
1,5,0,51,1,7.0,73
1,5,0,52,1,73.0,138
1,5,0,53,1,138.0,24
1,5,0,1,0,24.0,18
1,5,0,2,0,18.0,21
1,5,0,3,0,21.0,7
1,5,0,4,0,7.0,10
1,5,0,5,0,10.0,11
1,5,0,6,1,11.0,17
1,5,0,7,1,17.0,11
1,5,0,8,0,11.0,3
1,5,0,9,1,3.0,15
1,5,0,10,1,15.0,15
1,5,0,11,1,15.0,7
1,5,0,12,1,7.0,9
1,5,0,13,1,9.0,11
1,5,0,14,0,11.0,10
1,5,0,15,0,10.0,10
1,5,0,16,0,10.0,16
1,5,0,17,0,16.0,10
1,5,0,18,0,10.0,15
1,5,0,19,0,15.0,4
1,5,0,20,0,4.0,28
1,5,0,21,0,28.0,5
1,5,0,22,0,5.0,10
1,5,0,23,0,10.0,9
1,5,0,24,0,9.0,9
1,5,0,25,0,9.0,13
1,5,0,26,0,13.0,15
1,5,0,27,0,15.0,9
1,5,0,28,0,9.0,10
1,5,0,29,1,10.0,10
1,5,0,30,1,10.0,14
1,5,0,31,0,14.0,12
1,5,0,32,0,12.0,14
1,5,0,33,0,14.0,4
1,5,0,34,0,4.0,11
1,5,0,35,0,11.0,6
1,5,0,36,0,6.0,14
1,5,0,37,0,14.0,8
1,5,0,38,0,8.0,13
1,5,0,39,0,13.0,10
1,5,0,40,0,10.0,13
1,5,0,41,0,13.0,10
1,5,0,42,0,10.0,12
1,5,0,43,0,12.0,5
1,5,0,44,0,5.0,11
1,5,0,45,0,11.0,13
1,5,0,46,0,13.0,4
1,5,0,47,0,4.0,22
1,5,0,48,0,22.0,5
1,5,0,49,0,5.0,10
1,5,0,50,1,10.0,27
1,5,0,51,1,27.0,60
1,5,0,52,1,60.0,40
1,5,0,1,1,40.0,22
1,5,0,2,0,22.0,10
1,5,0,3,0,10.0,28
1,5,0,4,0,28.0,9
1,5,0,5,0,9.0,9
1,5,0,6,1,9.0,1
1,5,0,7,1,1.0,14
1,5,0,8,0,14.0,9
1,5,0,9,1,9.0,17
1,5,0,10,1,17.0,5
1,5,0,11,1,5.0,6
1,5,0,12,1,6.0,13
1,5,0,13,1,13.0,23
1,5,0,14,0,23.0,3
1,5,0,15,0,3.0,18
1,5,0,16,0,18.0,7
1,5,0,17,0,7.0,11
1,5,0,18,0,11.0,8
1,5,0,19,0,8.0,14
1,5,0,20,0,14.0,11
1,5,0,21,0,11.0,15
1,5,0,22,0,15.0,16
1,5,0,23,0,16.0,15
1,5,0,24,0,15.0,17
1,5,0,25,0,17.0,18
1,5,0,26,0,18.0,11
1,5,0,27,0,11.0,7
1,5,0,28,0,7.0,12
1,5,0,29,1,12.0,23
1,5,0,30,1,23.0,8
1,5,0,31,0,8.0,12
1,5,0,32,0,12.0,9
1,5,0,33,0,9.0,18
1,5,0,34,0,18.0,16
1,5,0,35,0,16.0,4
1,5,0,36,0,4.0,16
1,5,0,37,0,16.0,8
1,5,0,38,0,8.0,6
1,5,0,39,0,6.0,5
1,5,0,40,0,5.0,12
1,5,0,41,0,12.0,7
1,5,0,42,0,7.0,7
1,5,0,43,0,7.0,6
1,5,0,44,0,6.0,4
1,5,0,45,0,4.0,17
1,5,0,46,0,17.0,23
1,5,0,47,0,23.0,16
1,5,0,48,0,16.0,9
1,5,0,49,0,9.0,12
1,5,0,50,1,12.0,28
1,5,0,51,1,28.0,70
1,5,0,52,1,70.0,18
1,5,0,1,1,18.0,24
1,5,0,2,0,24.0,9
1,5,0,3,0,9.0,8
1,5,0,4,0,8.0,12
1,5,0,5,0,12.0,10
1,5,0,6,1,10.0,11
1,5,0,7,1,11.0,6
1,5,0,8,0,6.0,7
1,5,0,9,1,7.0,14
1,5,0,10,1,14.0,8
1,5,0,11,1,8.0,15
1,5,0,12,1,15.0,9
1,5,0,13,1,9.0,4
1,5,0,14,0,4.0,6
1,5,0,15,0,6.0,8
1,5,0,16,0,8.0,18
1,5,0,17,0,18.0,9
1,5,0,18,0,9.0,20
1,5,0,19,0,20.0,11
1,5,0,20,0,11.0,4
1,5,0,21,0,4.0,13
1,5,0,22,0,13.0,3
1,5,0,23,0,3.0,7
1,5,0,24,0,7.0,11
1,5,0,25,0,11.0,10
1,5,0,26,0,10.0,11
1,5,0,27,0,11.0,5
1,5,0,28,0,5.0,5
1,5,0,29,1,5.0,18
1,5,0,30,1,18.0,14
1,5,0,31,1,14.0,15
1,5,0,32,0,15.0,8
1,5,0,33,0,8.0,13
1,5,0,34,0,13.0,17
1,5,0,35,0,17.0,8
1,5,0,36,0,8.0,12
1,5,0,37,0,12.0,10
1,5,0,38,0,10.0,3
1,5,0,39,0,3.0,12
1,5,0,40,0,12.0,2
1,5,0,41,0,2.0,12
1,5,0,42,0,12.0,14
1,5,0,43,0,14.0,9
1,5,0,44,0,9.0,3
1,5,0,45,0,3.0,5
1,5,0,46,0,5.0,5
1,5,0,47,0,5.0,9
1,5,0,48,0,9.0,12
1,5,0,49,0,12.0,9
1,5,0,50,1,9.0,50
1,5,0,51,1,50.0,18
1,5,0,52,1,18.0,53
1,5,0,1,1,53.0,26
1,5,0,2,0,26.0,26
1,5,0,3,0,26.0,6
1,5,0,4,0,6.0,18
1,5,0,5,0,18.0,9
1,5,0,6,0,9.0,7
1,5,0,7,1,7.0,5
1,5,0,8,1,5.0,10
1,5,0,9,1,10.0,4
1,5,0,10,1,4.0,15
1,5,0,11,1,15.0,21
1,5,0,12,1,21.0,9
1,5,0,13,1,9.0,11
1,5,0,14,0,11.0,11
1,5,0,15,0,11.0,2
1,5,0,16,0,2.0,13
1,5,0,17,0,13.0,8
1,5,0,18,0,8.0,13
1,5,0,19,0,13.0,7
1,5,0,20,0,7.0,9
1,5,0,21,0,9.0,9
1,5,0,22,0,9.0,6
1,5,0,23,0,6.0,10
1,5,0,24,0,10.0,8
1,5,0,25,0,8.0,8
1,5,0,26,0,8.0,13
1,5,0,27,0,13.0,9
1,5,0,28,0,9.0,10
1,5,0,29,0,10.0,5
1,5,0,30,1,5.0,12
1,5,0,31,1,12.0,9
1,5,0,32,0,9.0,10
1,5,0,33,0,10.0,17
1,5,0,34,0,17.0,12
1,5,0,35,0,12.0,15
1,5,0,36,0,15.0,9
1,5,0,37,0,9.0,9
1,5,0,38,0,9.0,10
1,5,0,39,0,10.0,2
1,5,0,40,0,2.0,15
1,5,0,41,0,15.0,9
1,5,0,42,0,9.0,21
1,5,0,43,0,21.0,5
1,5,0,44,0,5.0,7
1,5,0,45,0,7.0,11
1,5,0,46,0,11.0,7
1,5,0,47,0,7.0,7
1,5,0,48,0,7.0,16
1,5,0,49,0,16.0,15
1,5,0,50,1,15.0,22
1,5,0,51,1,22.0,97
1,5,0,52,1,97.0,53
1,5,0,1,1,53.0,52
1,5,0,2,0,52.0,10
1,5,0,3,0,10.0,15
1,5,0,4,0,15.0,8
1,5,0,5,0,8.0,19
1,5,0,6,0,19.0,16
1,5,0,7,1,16.0,10
1,5,0,8,1,10.0,14
1,5,0,9,1,14.0,4
1,5,0,10,1,4.0,5
1,5,0,11,1,5.0,12
1,5,0,12,1,12.0,6
1,5,0,13,1,6.0,21
1,5,0,14,0,21.0,11
1,5,0,15,0,11.0,9
1,5,0,16,0,9.0,20
1,5,0,17,0,20.0,7
1,5,0,18,0,7.0,1
1,5,0,19,0,1.0,20
1,5,0,20,0,20.0,6
1,5,0,21,0,6.0,11
1,5,0,22,0,11.0,4
1,5,0,23,0,4.0,23
1,5,0,24,0,23.0,2
1,5,0,25,0,2.0,3
1,5,0,26,0,3.0,6
1,5,0,27,0,6.0,10
1,5,0,28,0,10.0,7
1,5,0,29,0,7.0,9
1,5,0,30,1,9.0,7
1,5,0,31,1,7.0,10
1,5,0,32,0,10.0,16
1,5,0,33,0,16.0,17
1,5,0,34,0,17.0,3
1,5,0,35,0,3.0,10
1,5,0,36,0,10.0,4
1,5,0,37,0,4.0,4
1,5,0,38,0,4.0,3
1,5,0,39,0,3.0,13
1,5,0,40,0,13.0,18
1,5,0,41,0,18.0,5
1,5,0,42,0,5.0,11
1,5,0,43,0,11.0,14
1,5,0,44,0,14.0,15
1,5,0,45,0,15.0,8
1,5,0,46,0,8.0,8
1,5,0,47,0,8.0,15
1,5,0,48,0,15.0,11
1,5,0,49,0,11.0,12
1,5,0,50,0,12.0,16
1,5,0,51,1,16.0,35
1,5,0,52,1,35.0,137
1,5,0,1,1,137.0,22
1,5,1,1,1,0.0,91
1,5,1,2,0,91.0,8
1,5,1,3,0,8.0,14
1,5,1,4,0,14.0,7
1,5,1,5,0,7.0,27
1,5,1,6,1,27.0,14
1,5,1,7,1,14.0,7
1,5,1,8,1,7.0,14
1,5,1,9,1,14.0,6
1,5,1,10,1,6.0,11
1,5,1,11,1,11.0,8
1,5,1,12,1,8.0,6
1,5,1,13,1,6.0,12
1,5,1,14,0,12.0,13
1,5,1,15,0,13.0,11
1,5,1,16,0,11.0,2
1,5,1,17,0,2.0,9
1,5,1,18,0,9.0,13
1,5,1,19,0,13.0,20
1,5,1,20,0,20.0,5
1,5,1,21,0,5.0,5
1,5,1,22,0,5.0,6
1,5,1,23,0,6.0,10
1,5,1,24,0,10.0,8
1,5,1,25,0,8.0,17
1,5,1,26,0,17.0,30
1,5,1,27,0,30.0,14
1,5,1,28,0,14.0,16
1,5,1,29,1,16.0,6
1,5,1,30,1,6.0,9
1,5,1,31,1,9.0,18
1,5,1,32,0,18.0,11
1,5,1,33,0,11.0,4
1,5,1,34,0,4.0,14
1,5,1,35,0,14.0,7
1,5,1,36,0,7.0,4
1,5,1,37,0,4.0,9
1,5,1,38,0,9.0,5
1,5,1,39,0,5.0,7
1,5,1,40,0,7.0,18
1,5,1,41,0,18.0,18
1,5,1,42,0,18.0,6
1,5,1,43,0,6.0,8
1,5,1,44,0,8.0,8
1,5,1,45,0,8.0,12
1,5,1,46,0,12.0,11
1,5,1,47,0,11.0,19
1,5,1,48,0,19.0,8
1,5,1,49,0,8.0,12
1,5,1,50,1,12.0,32
1,5,1,51,1,32.0,48
1,5,1,52,1,48.0,73
1,5,1,1,1,73.0,50
1,5,1,2,0,50.0,14
1,5,1,3,0,14.0,10
1,5,1,4,0,10.0,6
1,5,1,5,0,6.0,18
1,5,1,6,1,18.0,13
1,5,1,7,1,13.0,7
1,5,1,8,1,7.0,7
1,5,1,9,1,7.0,15
1,5,1,10,1,15.0,14
1,5,1,11,1,14.0,13
1,5,1,12,1,13.0,21
1,5,1,13,1,21.0,12
1,5,1,14,0,12.0,6
1,5,1,15,0,6.0,11
1,5,1,16,0,11.0,16
1,5,1,17,0,16.0,8
1,5,1,18,0,8.0,12
1,5,1,19,0,12.0,9
1,5,1,20,0,9.0,12
1,5,1,21,0,12.0,12
1,5,1,22,0,12.0,8
1,5,1,23,0,8.0,15
1,5,1,24,0,15.0,6
1,5,1,25,0,6.0,9
1,5,1,26,0,9.0,10
1,5,1,27,0,10.0,18
1,5,1,28,0,18.0,16
1,5,1,29,0,16.0,7
1,5,1,30,1,7.0,16
1,5,1,31,0,16.0,2
1,5,1,32,0,2.0,5
1,5,1,33,0,5.0,15
1,5,1,34,0,15.0,5
1,5,1,35,0,5.0,7
1,5,1,36,0,7.0,4
1,5,1,37,0,4.0,15
1,5,1,38,0,15.0,3
1,5,1,39,0,3.0,9
1,5,1,40,0,9.0,12
1,5,1,41,0,12.0,6
1,5,1,42,0,6.0,6
1,5,1,43,0,6.0,20
1,5,1,44,0,20.0,8
1,5,1,45,0,8.0,6
1,5,1,46,0,6.0,9
1,5,1,47,0,9.0,11
1,5,1,48,0,11.0,21
1,5,1,49,0,21.0,8
1,5,1,50,0,8.0,5
1,5,1,51,1,5.0,36
1,5,1,52,1,36.0,69
1,5,1,1,1,69.0,66
1,5,1,2,0,66.0,11
1,5,1,3,0,11.0,4
1,5,1,4,0,4.0,12
1,5,1,5,0,12.0,2
1,5,1,6,0,2.0,3
1,5,1,7,1,3.0,8
1,5,1,8,1,8.0,10
1,5,1,9,1,10.0,14
1,5,1,10,1,14.0,24
1,5,1,11,1,24.0,6
1,5,1,12,1,6.0,13
1,5,1,13,1,13.0,11
1,5,1,14,1,11.0,18
1,5,1,15,0,18.0,13
1,5,1,16,0,13.0,17
1,5,1,17,0,17.0,11
1,5,1,18,0,11.0,13
1,5,1,19,0,13.0,4
1,5,1,20,0,4.0,8
1,5,1,21,0,8.0,11
1,5,1,22,0,11.0,5
1,5,1,23,0,5.0,9
1,5,1,24,0,9.0,6
1,5,1,25,0,6.0,21
1,5,1,26,0,21.0,7
1,5,1,27,0,7.0,16
1,5,1,28,0,16.0,5
1,5,1,29,0,5.0,7
1,5,1,30,0,7.0,4
1,5,1,31,1,4.0,5
1,5,1,32,0,5.0,14
1,5,1,33,0,14.0,9
1,5,1,34,0,9.0,7
1,5,1,35,0,7.0,10
1,5,1,36,0,10.0,6
1,5,1,37,0,6.0,10
1,5,1,38,0,10.0,25
1,5,1,39,0,25.0,10
1,5,1,40,0,10.0,11
1,5,1,41,0,11.0,7
1,5,1,42,0,7.0,10
1,5,1,43,0,10.0,8
1,5,1,44,0,8.0,7
1,5,1,45,0,7.0,11
1,5,1,46,0,11.0,14
1,5,1,47,0,14.0,6
1,5,1,48,0,6.0,10
1,5,1,49,0,10.0,14
1,5,1,50,0,14.0,7
1,5,1,51,1,7.0,54
1,5,1,52,1,54.0,45
1,5,1,53,1,45.0,78
1,5,1,1,1,78.0,24
1,5,1,2,0,24.0,9
1,5,1,3,0,9.0,14
1,5,1,4,0,14.0,10
1,5,1,5,0,10.0,8
1,5,1,6,1,8.0,9
1,5,1,7,1,9.0,21
1,5,1,8,0,21.0,15
1,5,1,9,1,15.0,10
1,5,1,10,1,10.0,16
1,5,1,11,1,16.0,8
1,5,1,12,1,8.0,9
1,5,1,13,0,9.0,8
1,5,1,14,0,8.0,6
1,5,1,15,0,6.0,5
1,5,1,16,0,5.0,13
1,5,1,17,0,13.0,12
1,5,1,18,0,12.0,6
1,5,1,19,0,6.0,10
1,5,1,20,0,10.0,10
1,5,1,21,0,10.0,18
1,5,1,22,0,18.0,22
1,5,1,23,0,22.0,8
1,5,1,24,0,8.0,9
1,5,1,25,0,9.0,15
1,5,1,26,0,15.0,14
1,5,1,27,0,14.0,9
1,5,1,28,0,9.0,5
1,5,1,29,1,5.0,9
1,5,1,30,1,9.0,9
1,5,1,31,0,9.0,20
1,5,1,32,0,20.0,11
1,5,1,33,0,11.0,7
1,5,1,34,0,7.0,15
1,5,1,35,0,15.0,6
1,5,1,36,0,6.0,12
1,5,1,37,0,12.0,10
1,5,1,38,0,10.0,13
1,5,1,39,0,13.0,3
1,5,1,40,0,3.0,12
1,5,1,41,0,12.0,7
1,5,1,42,0,7.0,5
1,5,1,43,0,5.0,1
1,5,1,44,0,1.0,14
1,5,1,45,0,14.0,8
1,5,1,46,0,8.0,12
1,5,1,47,0,12.0,6
1,5,1,48,0,6.0,18
1,5,1,49,0,18.0,13
1,5,1,50,1,13.0,41
1,5,1,51,1,41.0,33
1,5,1,52,1,33.0,86
1,5,1,1,1,86.0,22
1,5,1,2,0,22.0,14
1,5,1,3,0,14.0,7
1,5,1,4,0,7.0,10
1,5,1,5,0,10.0,5
1,5,1,6,1,5.0,17
1,5,1,7,1,17.0,12
1,5,1,8,0,12.0,7
1,5,1,9,1,7.0,19
1,5,1,10,1,19.0,16
1,5,1,11,1,16.0,9
1,5,1,12,1,9.0,28
1,5,1,13,1,28.0,8
1,5,1,14,0,8.0,16
1,5,1,15,0,16.0,5
1,5,1,16,0,5.0,12
1,5,1,17,0,12.0,20
1,5,1,18,0,20.0,11
1,5,1,19,0,11.0,12
1,5,1,20,0,12.0,11
1,5,1,21,0,11.0,19
1,5,1,22,0,19.0,12
1,5,1,23,0,12.0,14
1,5,1,24,0,14.0,13
1,5,1,25,0,13.0,1
1,5,1,26,0,1.0,13
1,5,1,27,0,13.0,5
1,5,1,28,0,5.0,19
1,5,1,29,1,19.0,4
1,5,1,30,1,4.0,9
1,5,1,31,0,9.0,8
1,5,1,32,0,8.0,10
1,5,1,33,0,10.0,8
1,5,1,34,0,8.0,15
1,5,1,35,0,15.0,8
1,5,1,36,0,8.0,10
1,5,1,37,0,10.0,16
1,5,1,38,0,16.0,13
1,5,1,39,0,13.0,11
1,5,1,40,0,11.0,1
1,5,1,41,0,1.0,10
1,5,1,42,0,10.0,10
1,5,1,43,0,10.0,6
1,5,1,44,0,6.0,8
1,5,1,45,0,8.0,4
1,5,1,46,0,4.0,7
1,5,1,47,0,7.0,18
1,5,1,48,0,18.0,9
1,5,1,49,0,9.0,15
1,5,1,50,1,15.0,24
1,5,1,51,1,24.0,58
1,5,1,52,1,58.0,37
1,5,1,1,1,37.0,31
1,5,1,2,0,31.0,15
1,5,1,3,0,15.0,12
1,5,1,4,0,12.0,7
1,5,1,5,0,7.0,17
1,5,1,6,1,17.0,12
1,5,1,7,1,12.0,17
1,5,1,8,1,17.0,22
1,5,1,9,1,22.0,13
1,5,1,10,1,13.0,16
1,5,1,11,1,16.0,8
1,5,1,12,1,8.0,5
1,5,1,13,1,5.0,22
1,5,1,14,0,22.0,9
1,5,1,15,0,9.0,11
1,5,1,16,0,11.0,14
1,5,1,17,0,14.0,7
1,5,1,18,0,7.0,10
1,5,1,19,0,10.0,9
1,5,1,20,0,9.0,8
1,5,1,21,0,8.0,7
1,5,1,22,0,7.0,7
1,5,1,23,0,7.0,22
1,5,1,24,0,22.0,6
1,5,1,25,0,6.0,12
1,5,1,26,0,12.0,16
1,5,1,27,0,16.0,9
1,5,1,28,0,9.0,12
1,5,1,29,1,12.0,13
1,5,1,30,1,13.0,21
1,5,1,31,1,21.0,13
1,5,1,32,0,13.0,14
1,5,1,33,0,14.0,8
1,5,1,34,0,8.0,1
1,5,1,35,0,1.0,4
1,5,1,36,0,4.0,12
1,5,1,37,0,12.0,11
1,5,1,38,0,11.0,11
1,5,1,39,0,11.0,12
1,5,1,40,0,12.0,6
1,5,1,41,0,6.0,12
1,5,1,42,0,12.0,7
1,5,1,43,0,7.0,6
1,5,1,44,0,6.0,13
1,5,1,45,0,13.0,6
1,5,1,46,0,6.0,9
1,5,1,47,0,9.0,5
1,5,1,48,0,5.0,11
1,5,1,49,0,11.0,6
1,5,1,50,1,6.0,21
1,5,1,51,1,21.0,73
1,5,1,1,1,73.0,87
1,5,1,2,0,87.0,8
1,5,1,3,0,8.0,11
1,5,1,4,0,11.0,16
1,5,1,5,0,16.0,3
1,5,1,6,1,3.0,8
1,5,1,7,1,8.0,1
1,5,1,8,1,1.0,12
1,5,1,9,1,12.0,17
1,5,1,10,1,17.0,18
1,5,1,11,1,18.0,13
1,5,1,12,1,13.0,17
1,5,1,13,1,17.0,14
1,5,1,14,0,14.0,6
1,5,1,15,0,6.0,10
1,5,1,16,0,10.0,8
1,5,1,17,0,8.0,12
1,5,1,18,0,12.0,7
1,5,1,19,0,7.0,3
1,5,1,20,0,3.0,19
1,5,1,21,0,19.0,13
1,5,1,22,0,13.0,10
1,5,1,23,0,10.0,8
1,5,1,24,0,8.0,8
1,5,1,25,0,8.0,5
1,5,1,26,0,5.0,3
1,5,1,27,0,3.0,11
1,5,1,28,0,11.0,5
1,5,1,29,0,5.0,17
1,5,1,30,1,17.0,8
1,5,1,31,1,8.0,8
1,5,1,32,0,8.0,16
1,5,1,33,0,16.0,20
1,5,1,34,0,20.0,10
1,5,1,35,0,10.0,7
1,5,1,36,0,7.0,5
1,5,1,37,0,5.0,11
1,5,1,38,0,11.0,4
1,5,1,39,0,4.0,4
1,5,1,40,0,4.0,9
1,5,1,41,0,9.0,2
1,5,1,42,0,2.0,14
1,5,1,43,0,14.0,8
1,5,1,44,0,8.0,9
1,5,1,45,0,9.0,22
1,5,1,46,0,22.0,13
1,5,1,47,0,13.0,14
1,5,1,48,0,14.0,17
1,5,1,49,0,17.0,5
1,5,1,50,1,5.0,21
1,5,1,51,1,21.0,44
1,5,1,52,1,44.0,108
1,5,1,1,1,108.0,56
1,5,1,2,0,56.0,11
1,5,1,3,0,11.0,6
1,5,1,4,0,6.0,12
1,5,1,5,0,12.0,21
1,5,1,6,0,21.0,9
1,5,1,7,1,9.0,9
1,5,1,8,0,9.0,2
1,5,1,9,1,2.0,9
1,5,1,10,1,9.0,12
1,5,1,11,1,12.0,10
1,5,1,12,1,10.0,2
1,5,1,13,1,2.0,9
1,5,1,14,0,9.0,7
1,5,1,15,0,7.0,7
1,5,1,16,0,7.0,26
1,5,1,17,0,26.0,15
1,5,1,18,0,15.0,6
1,5,1,19,0,6.0,14
1,5,1,20,0,14.0,7
1,5,1,21,0,7.0,10
1,5,1,22,0,10.0,13
1,5,1,23,0,13.0,17
1,5,1,24,0,17.0,11
1,5,1,25,0,11.0,22
1,5,1,26,0,22.0,5
1,5,1,27,0,5.0,3
1,5,1,28,0,3.0,6
1,5,1,29,0,6.0,7
1,5,1,30,1,7.0,13
1,5,1,31,1,13.0,6
1,5,1,32,0,6.0,11
1,5,1,33,0,11.0,5
1,5,1,34,0,5.0,12
1,5,1,35,0,12.0,16
1,5,1,36,0,16.0,9
1,5,1,37,0,9.0,7
1,5,1,38,0,7.0,14
1,5,1,39,0,14.0,11
1,5,1,40,0,11.0,7
1,5,1,41,0,7.0,12
1,5,1,42,0,12.0,5
1,5,1,43,0,5.0,7
1,5,1,44,0,7.0,9
1,5,1,45,0,9.0,5
1,5,1,46,0,5.0,12
1,5,1,47,0,12.0,9
1,5,1,48,0,9.0,6
1,5,1,49,0,6.0,9
1,5,1,50,0,9.0,10
1,5,1,51,1,10.0,72
1,5,1,1,1,72.0,17
1,5,2,1,0,0.0,5
1,5,2,2,0,5.0,12
1,5,2,3,0,12.0,19
1,5,2,4,0,19.0,9
1,5,2,5,0,9.0,6
1,5,2,6,1,6.0,11
1,5,2,7,1,11.0,6
1,5,2,8,1,6.0,5
1,5,2,9,1,5.0,19
1,5,2,10,1,19.0,18
1,5,2,11,1,18.0,11
1,5,2,12,1,11.0,6
1,5,2,13,1,6.0,10
1,5,2,14,0,10.0,11
1,5,2,15,0,11.0,2
1,5,2,16,0,2.0,8
1,5,2,17,0,8.0,14
1,5,2,18,0,14.0,4
1,5,2,19,0,4.0,13
1,5,2,20,0,13.0,2
1,5,2,21,0,2.0,6
1,5,2,22,0,6.0,9
1,5,2,23,0,9.0,8
1,5,2,24,0,8.0,15
1,5,2,25,0,15.0,14
1,5,2,26,0,14.0,10
1,5,2,27,0,10.0,10
1,5,2,28,0,10.0,16
1,5,2,29,1,16.0,5
1,5,2,30,1,5.0,5
1,5,2,31,1,5.0,17
1,5,2,32,0,17.0,3
1,5,2,33,0,3.0,12
1,5,2,34,0,12.0,13
1,5,2,35,0,13.0,13
1,5,2,36,0,13.0,14
1,5,2,37,0,14.0,2
1,5,2,38,0,2.0,4
1,5,2,39,0,4.0,15
1,5,2,40,0,15.0,9
1,5,2,41,0,9.0,5
1,5,2,42,0,5.0,10
1,5,2,43,0,10.0,13
1,5,2,44,0,13.0,10
1,5,2,45,0,10.0,12
1,5,2,46,0,12.0,10
1,5,2,47,0,10.0,6
1,5,2,48,0,6.0,14
1,5,2,49,0,14.0,17
1,5,2,50,1,17.0,47
1,5,2,51,1,47.0,93
1,5,2,52,1,93.0,59
1,5,2,1,1,59.0,44
1,5,2,2,0,44.0,12
1,5,2,3,0,12.0,2
1,5,2,4,0,2.0,12
1,5,2,5,0,12.0,5
1,5,2,6,1,5.0,8
1,5,2,7,1,8.0,22
1,5,2,8,1,22.0,8
1,5,2,9,1,8.0,12
1,5,2,10,1,12.0,10
1,5,2,11,1,10.0,17
1,5,2,12,1,17.0,14
1,5,2,13,1,14.0,3
1,5,2,14,0,3.0,10
1,5,2,15,0,10.0,5
1,5,2,16,0,5.0,10
1,5,2,17,0,10.0,13
1,5,2,18,0,13.0,6
1,5,2,19,0,6.0,3
1,5,2,20,0,3.0,11
1,5,2,21,0,11.0,27
1,5,2,22,0,27.0,13
1,5,2,23,0,13.0,19
1,5,2,24,0,19.0,4
1,5,2,25,0,4.0,9
1,5,2,26,0,9.0,2
1,5,2,27,0,2.0,13
1,5,2,28,0,13.0,15
1,5,2,29,0,15.0,11
1,5,2,30,1,11.0,10
1,5,2,31,1,10.0,20
1,5,2,32,0,20.0,12
1,5,2,33,0,12.0,14
1,5,2,34,0,14.0,5
1,5,2,35,0,5.0,15
1,5,2,36,0,15.0,10
1,5,2,37,0,10.0,22
1,5,2,38,0,22.0,25
1,5,2,39,0,25.0,12
1,5,2,40,0,12.0,4
1,5,2,41,0,4.0,9
1,5,2,42,0,9.0,13
1,5,2,43,0,13.0,15
1,5,2,44,0,15.0,12
1,5,2,45,0,12.0,17
1,5,2,46,0,17.0,15
1,5,2,47,0,15.0,13
1,5,2,48,0,13.0,2
1,5,2,49,0,2.0,9
1,5,2,50,0,9.0,7
1,5,2,51,1,7.0,12
1,5,2,52,1,12.0,65
1,5,2,1,1,65.0,98
1,5,2,2,0,98.0,11
1,5,2,3,0,11.0,14
1,5,2,4,0,14.0,18
1,5,2,5,0,18.0,12
1,5,2,6,0,12.0,1
1,5,2,7,1,1.0,9
1,5,2,8,1,9.0,18
1,5,2,9,1,18.0,13
1,5,2,10,1,13.0,10
1,5,2,12,1,10.0,14
1,5,2,13,1,14.0,8
1,5,2,14,1,8.0,13
1,5,2,15,0,13.0,8
1,5,2,16,0,8.0,9
1,5,2,17,0,9.0,9
1,5,2,18,0,9.0,6
1,5,2,19,0,6.0,20
1,5,2,20,0,20.0,23
1,5,2,21,0,23.0,3
1,5,2,22,0,3.0,3
1,5,2,23,0,3.0,9
1,5,2,24,0,9.0,9
1,5,2,25,0,9.0,8
1,5,2,26,0,8.0,8
1,5,2,27,0,8.0,15
1,5,2,28,0,15.0,13
1,5,2,29,0,13.0,13
1,5,2,30,1,13.0,15
1,5,2,31,1,15.0,6
1,5,2,32,0,6.0,17
1,5,2,33,0,17.0,18
1,5,2,34,0,18.0,15
1,5,2,35,0,15.0,16
1,5,2,36,0,16.0,9
1,5,2,37,0,9.0,4
1,5,2,38,0,4.0,6
1,5,2,39,0,6.0,10
1,5,2,40,0,10.0,7
1,5,2,41,0,7.0,9
1,5,2,43,0,9.0,17
1,5,2,44,0,17.0,17
1,5,2,45,0,17.0,9
1,5,2,46,0,9.0,12
1,5,2,47,0,12.0,8
1,5,2,48,0,8.0,10
1,5,2,49,0,10.0,9
1,5,2,50,0,9.0,15
1,5,2,51,1,15.0,46
1,5,2,52,1,46.0,23
1,5,2,53,1,23.0,78
1,5,2,1,1,78.0,27
1,5,2,2,0,27.0,2
1,5,2,3,0,2.0,4
1,5,2,4,0,4.0,12
1,5,2,5,0,12.0,14
1,5,2,6,0,14.0,8
1,5,2,7,1,8.0,18
1,5,2,8,0,18.0,9
1,5,2,9,1,9.0,15
1,5,2,10,1,15.0,4
1,5,2,11,1,4.0,12
1,5,2,12,1,12.0,3
1,5,2,13,1,3.0,12
1,5,2,14,0,12.0,5
1,5,2,15,0,5.0,13
1,5,2,16,0,13.0,13
1,5,2,17,0,13.0,4
1,5,2,18,0,4.0,12
1,5,2,19,0,12.0,6
1,5,2,20,0,6.0,11
1,5,2,21,0,11.0,10
1,5,2,22,0,10.0,5
1,5,2,23,0,5.0,9
1,5,2,24,0,9.0,13
1,5,2,25,0,13.0,6
1,5,2,26,0,6.0,10
1,5,2,27,0,10.0,8
1,5,2,28,0,8.0,4
1,5,2,29,1,4.0,7
1,5,2,30,1,7.0,4
1,5,2,31,0,4.0,10
1,5,2,32,0,10.0,11
1,5,2,33,0,11.0,18
1,5,2,34,0,18.0,5
1,5,2,35,0,5.0,17
1,5,2,36,0,17.0,10
1,5,2,37,0,10.0,11
1,5,2,38,0,11.0,10
1,5,2,39,0,10.0,8
1,5,2,40,0,8.0,8
1,5,2,41,0,8.0,15
1,5,2,42,0,15.0,13
1,5,2,43,0,13.0,15
1,5,2,44,0,15.0,4
1,5,2,45,0,4.0,13
1,5,2,46,0,13.0,13
1,5,2,47,0,13.0,14
1,5,2,48,0,14.0,15
1,5,2,49,0,15.0,15
1,5,2,50,1,15.0,66
1,5,2,51,1,66.0,14
1,5,2,52,1,14.0,83
1,5,2,1,1,83.0,75
1,5,2,2,0,75.0,9
1,5,2,3,0,9.0,7
1,5,2,4,0,7.0,25
1,5,2,5,0,25.0,8
1,5,2,6,1,8.0,10
1,5,2,7,1,10.0,14
1,5,2,8,0,14.0,9
1,5,2,9,1,9.0,7
1,5,2,10,1,7.0,11
1,5,2,11,1,11.0,14
1,5,2,12,1,14.0,5
1,5,2,13,1,5.0,10
1,5,2,14,0,10.0,10
1,5,2,15,0,10.0,5
1,5,2,16,0,5.0,15
1,5,2,17,0,15.0,16
1,5,2,18,0,16.0,11
1,5,2,19,0,11.0,12
1,5,2,20,0,12.0,23
1,5,2,21,0,23.0,9
1,5,2,22,0,9.0,17
1,5,2,23,0,17.0,6
1,5,2,24,0,6.0,13
1,5,2,25,0,13.0,9
1,5,2,26,0,9.0,13
1,5,2,27,0,13.0,22
1,5,2,28,0,22.0,7
1,5,2,29,1,7.0,6
1,5,2,30,1,6.0,11
1,5,2,31,0,11.0,5
1,5,2,32,0,5.0,9
1,5,2,33,0,9.0,16
1,5,2,34,0,16.0,7
1,5,2,35,0,7.0,10
1,5,2,36,0,10.0,22
1,5,2,37,0,22.0,8
1,5,2,38,0,8.0,4
1,5,2,39,0,4.0,4
1,5,2,40,0,4.0,6
1,5,2,41,0,6.0,13
1,5,2,42,0,13.0,4
1,5,2,43,0,4.0,3
1,5,2,44,0,3.0,8
1,5,2,45,0,8.0,17
1,5,2,46,0,17.0,7
1,5,2,47,0,7.0,9
1,5,2,48,0,9.0,16
1,5,2,49,0,16.0,13
1,5,2,50,0,13.0,4
1,5,2,51,1,4.0,85
1,5,2,52,1,85.0,67
1,5,2,1,1,67.0,41
1,5,2,2,0,41.0,14
1,5,2,3,0,14.0,14
1,5,2,4,0,14.0,12
1,5,2,5,0,12.0,6
1,5,2,7,1,6.0,13
1,5,2,8,1,13.0,12
1,5,2,9,1,12.0,14
1,5,2,10,1,14.0,13
1,5,2,11,1,13.0,17
1,5,2,12,1,17.0,11
1,5,2,13,1,11.0,12
1,5,2,14,0,12.0,21
1,5,2,15,0,21.0,11
1,5,2,16,0,11.0,17
1,5,2,17,0,17.0,10
1,5,2,18,0,10.0,12
1,5,2,19,0,12.0,4
1,5,2,20,0,4.0,17
1,5,2,21,0,17.0,11
1,5,2,22,0,11.0,11
1,5,2,23,0,11.0,7
1,5,2,24,0,7.0,16
1,5,2,25,0,16.0,6
1,5,2,26,0,6.0,14
1,5,2,27,0,14.0,7
1,5,2,28,0,7.0,11
1,5,2,29,0,11.0,17
1,5,2,30,1,17.0,8
1,5,2,31,0,8.0,5
1,5,2,32,0,5.0,7
1,5,2,33,0,7.0,18
1,5,2,34,0,18.0,7
1,5,2,35,0,7.0,3
1,5,2,36,0,3.0,30
1,5,2,37,0,30.0,17
1,5,2,38,0,17.0,16
1,5,2,39,0,16.0,12
1,5,2,40,0,12.0,2
1,5,2,41,0,2.0,15
1,5,2,42,0,15.0,17
1,5,2,43,0,17.0,14
1,5,2,44,0,14.0,5
1,5,2,45,0,5.0,5
1,5,2,46,0,5.0,7
1,5,2,47,0,7.0,5
1,5,2,48,0,5.0,2
1,5,2,49,0,2.0,6
1,5,2,50,1,6.0,29
1,5,2,51,1,29.0,37
1,5,2,52,1,37.0,63
1,5,2,1,1,63.0,49
1,5,2,2,0,49.0,7
1,5,2,4,0,7.0,11
1,5,2,5,0,11.0,16
1,5,2,6,1,16.0,11
1,5,2,7,1,11.0,5
1,5,2,8,1,5.0,4
1,5,2,9,1,4.0,13
1,5,2,10,1,13.0,5
1,5,2,11,1,5.0,6
1,5,2,12,1,6.0,11
1,5,2,13,1,11.0,10
1,5,2,14,0,10.0,18
1,5,2,15,0,18.0,6
1,5,2,16,0,6.0,7
1,5,2,17,0,7.0,10
1,5,2,18,0,10.0,6
1,5,2,19,0,6.0,10
1,5,2,20,0,10.0,14
1,5,2,21,0,14.0,11
1,5,2,22,0,11.0,11
1,5,2,23,0,11.0,4
1,5,2,24,0,4.0,13
1,5,2,25,0,13.0,12
1,5,2,26,0,12.0,22
1,5,2,27,0,22.0,5
1,5,2,28,0,5.0,7
1,5,2,29,0,7.0,14
1,5,2,30,1,14.0,8
1,5,2,31,1,8.0,15
1,5,2,32,0,15.0,12
1,5,2,33,0,12.0,2
1,5,2,34,0,2.0,12
1,5,2,35,0,12.0,5
1,5,2,36,0,5.0,6
1,5,2,37,0,6.0,8
1,5,2,38,0,8.0,7
1,5,2,39,0,7.0,10
1,5,2,40,0,10.0,16
1,5,2,41,0,16.0,6
1,5,2,42,0,6.0,12
1,5,2,43,0,12.0,9
1,5,2,44,0,9.0,11
1,5,2,45,0,11.0,7
1,5,2,46,0,7.0,5
1,5,2,47,0,5.0,6
1,5,2,48,0,6.0,9
1,5,2,49,0,9.0,14
1,5,2,50,0,14.0,11
1,5,2,51,1,11.0,82
1,5,2,52,1,82.0,47
1,5,2,1,1,47.0,50
1,5,2,2,0,50.0,10
1,5,2,3,0,10.0,4
1,5,2,4,0,4.0,15
1,5,2,5,0,15.0,6
1,5,2,6,0,6.0,19
1,5,2,7,1,19.0,14
1,5,2,8,1,14.0,3
1,5,2,9,1,3.0,14
1,5,2,10,1,14.0,13
1,5,2,11,1,13.0,4
1,5,2,12,1,4.0,7
1,5,2,13,1,7.0,14
1,5,2,14,0,14.0,7
1,5,2,15,0,7.0,5
1,5,2,16,0,5.0,9
1,5,2,17,0,9.0,13
1,5,2,18,0,13.0,3
1,5,2,19,0,3.0,8
1,5,2,20,0,8.0,4
1,5,2,21,0,4.0,18
1,5,2,22,0,18.0,8
1,5,2,23,0,8.0,12
1,5,2,24,0,12.0,8
1,5,2,25,0,8.0,9
1,5,2,26,0,9.0,8
1,5,2,27,0,8.0,5
1,5,2,28,0,5.0,5
1,5,2,29,0,5.0,10
1,5,2,30,1,10.0,8
1,5,2,31,1,8.0,14
1,5,2,32,0,14.0,18
1,5,2,33,0,18.0,7
1,5,2,34,0,7.0,10
1,5,2,35,0,10.0,13
1,5,2,36,0,13.0,1
1,5,2,37,0,1.0,6
1,5,2,38,0,6.0,5
1,5,2,39,0,5.0,2
1,5,2,40,0,2.0,11
1,5,2,41,0,11.0,6
1,5,2,42,0,6.0,13
1,5,2,43,0,13.0,13
1,5,2,44,0,13.0,11
1,5,2,45,0,11.0,3
1,5,2,46,0,3.0,11
1,5,2,47,0,11.0,7
1,5,2,48,0,7.0,12
1,5,2,49,0,12.0,7
1,5,2,50,0,7.0,9
1,5,2,51,1,9.0,40
1,5,2,52,1,40.0,54
1,5,2,1,1,54.0,15
2,0,0,1,1,0.0,21
2,0,0,2,0,21.0,11
2,0,0,3,0,11.0,7
2,0,0,4,0,7.0,11
2,0,0,5,0,11.0,15
2,0,0,6,1,15.0,12
2,0,0,7,1,12.0,8
2,0,0,8,0,8.0,12
2,0,0,9,1,12.0,8
2,0,0,10,1,8.0,9
2,0,0,11,1,9.0,11
2,0,0,12,1,11.0,15
2,0,0,13,1,15.0,15
2,0,0,14,0,15.0,12
2,0,0,15,0,12.0,14
2,0,0,16,0,14.0,7
2,0,0,17,0,7.0,15
2,0,0,18,0,15.0,19
2,0,0,19,0,19.0,12
2,0,0,20,0,12.0,6
2,0,0,21,0,6.0,10
2,0,0,22,0,10.0,22
2,0,0,23,0,22.0,16
2,0,0,24,0,16.0,18
2,0,0,25,0,18.0,20
2,0,0,26,0,20.0,9
2,0,0,27,0,9.0,4
2,0,0,28,0,4.0,6
2,0,0,29,1,6.0,14
2,0,0,30,1,14.0,14
2,0,0,31,1,14.0,4
2,0,0,32,0,4.0,16
2,0,0,33,0,16.0,9
2,0,0,34,0,9.0,7
2,0,0,35,0,7.0,10
2,0,0,36,0,10.0,13
2,0,0,37,0,13.0,12
2,0,0,38,0,12.0,20
2,0,0,39,0,20.0,2
2,0,0,40,0,2.0,4
2,0,0,41,0,4.0,14
2,0,0,42,0,14.0,24
2,0,0,43,0,24.0,3
2,0,0,44,0,3.0,11
2,0,0,45,0,11.0,16
2,0,0,46,0,16.0,11
2,0,0,47,0,11.0,5
2,0,0,48,0,5.0,18
2,0,0,49,0,18.0,17
2,0,0,50,1,17.0,14
2,0,0,52,1,14.0,22
2,0,0,1,1,22.0,17
2,0,0,2,0,17.0,6
2,0,0,3,0,6.0,8
2,0,0,4,0,8.0,16
2,0,0,5,0,16.0,5
2,0,0,6,0,5.0,5
2,0,0,7,1,5.0,11
2,0,0,8,1,11.0,13
2,0,0,9,1,13.0,12
2,0,0,10,1,12.0,7
2,0,0,12,1,7.0,11
2,0,0,13,1,11.0,14
2,0,0,14,0,14.0,7
2,0,0,15,0,7.0,9
2,0,0,16,0,9.0,6
2,0,0,17,0,6.0,17
2,0,0,18,0,17.0,10
2,0,0,19,0,10.0,17
2,0,0,20,0,17.0,13
2,0,0,21,0,13.0,9
2,0,0,22,0,9.0,11
2,0,0,23,0,11.0,10
2,0,0,24,0,10.0,13
2,0,0,25,0,13.0,7
2,0,0,26,0,7.0,7
2,0,0,27,0,7.0,12
2,0,0,28,0,12.0,9
2,0,0,29,0,9.0,12
2,0,0,30,1,12.0,4
2,0,0,31,1,4.0,11
2,0,0,32,0,11.0,17
2,0,0,33,0,17.0,18
2,0,0,34,0,18.0,11
2,0,0,35,0,11.0,6
2,0,0,36,0,6.0,11
2,0,0,37,0,11.0,11
2,0,0,38,0,11.0,7
2,0,0,39,0,7.0,7
2,0,0,40,0,7.0,14
2,0,0,41,0,14.0,10
2,0,0,42,0,10.0,4
2,0,0,43,0,4.0,9
2,0,0,44,0,9.0,11
2,0,0,45,0,11.0,5
2,0,0,46,0,5.0,10
2,0,0,47,0,10.0,18
2,0,0,48,0,18.0,11
2,0,0,49,0,11.0,14
2,0,0,50,0,14.0,5
2,0,0,51,1,5.0,16
2,0,0,52,1,16.0,8
2,0,0,1,1,8.0,21
2,0,0,2,0,21.0,15
2,0,0,3,0,15.0,10
2,0,0,4,0,10.0,16
2,0,0,5,0,16.0,5
2,0,0,6,0,5.0,4
2,0,0,7,1,4.0,7
2,0,0,8,1,7.0,8
2,0,0,9,0,8.0,8
2,0,0,10,1,8.0,19
2,0,0,11,1,19.0,12
2,0,0,12,1,12.0,18
2,0,0,13,1,18.0,10
2,0,0,14,1,10.0,9
2,0,0,15,0,9.0,7
2,0,0,16,0,7.0,5
2,0,0,17,0,5.0,7
2,0,0,18,0,7.0,14
2,0,0,19,0,14.0,14
2,0,0,20,0,14.0,11
2,0,0,21,0,11.0,12
2,0,0,22,0,12.0,9
2,0,0,23,0,9.0,11
2,0,0,24,0,11.0,11
2,0,0,25,0,11.0,5
2,0,0,26,0,5.0,15
2,0,0,27,0,15.0,7
2,0,0,28,0,7.0,9
2,0,0,29,0,9.0,12
2,0,0,30,1,12.0,7
2,0,0,31,1,7.0,6
2,0,0,32,0,6.0,11
2,0,0,33,0,11.0,10
2,0,0,34,0,10.0,7
2,0,0,35,0,7.0,10
2,0,0,36,0,10.0,6
2,0,0,37,0,6.0,11
2,0,0,38,0,11.0,23
2,0,0,39,0,23.0,7
2,0,0,40,0,7.0,9
2,0,0,41,0,9.0,11
2,0,0,42,0,11.0,9
2,0,0,43,0,9.0,10
2,0,0,44,0,10.0,10
2,0,0,45,0,10.0,16
2,0,0,46,0,16.0,11
2,0,0,47,0,11.0,9
2,0,0,48,0,9.0,11
2,0,0,49,0,11.0,7
2,0,0,50,0,7.0,8
2,0,0,51,0,8.0,3
2,0,0,52,1,3.0,7
2,0,0,53,1,7.0,8
2,0,0,1,0,8.0,9
2,0,0,2,0,9.0,2
2,0,0,3,0,2.0,7
2,0,0,4,0,7.0,13
2,0,0,5,0,13.0,13
2,0,0,6,1,13.0,19
2,0,0,7,1,19.0,5
2,0,0,8,0,5.0,10
2,0,0,9,1,10.0,11
2,0,0,10,1,11.0,19
2,0,0,11,1,19.0,10
2,0,0,12,1,10.0,7
2,0,0,13,1,7.0,15
2,0,0,14,0,15.0,15
2,0,0,15,0,15.0,8
2,0,0,16,0,8.0,16
2,0,0,17,0,16.0,17
2,0,0,18,0,17.0,5
2,0,0,19,0,5.0,15
2,0,0,20,0,15.0,17
2,0,0,21,0,17.0,8
2,0,0,22,0,8.0,11
2,0,0,23,0,11.0,16
2,0,0,24,0,16.0,9
2,0,0,25,0,9.0,10
2,0,0,26,0,10.0,10
2,0,0,27,0,10.0,20
2,0,0,28,0,20.0,10
2,0,0,29,1,10.0,7
2,0,0,30,1,7.0,10
2,0,0,31,0,10.0,11
2,0,0,32,0,11.0,7
2,0,0,33,0,7.0,9
2,0,0,34,0,9.0,8
2,0,0,35,0,8.0,17
2,0,0,36,0,17.0,12
2,0,0,37,0,12.0,14
2,0,0,38,0,14.0,11
2,0,0,39,0,11.0,5
2,0,0,40,0,5.0,8
2,0,0,41,0,8.0,16
2,0,0,42,0,16.0,15
2,0,0,43,0,15.0,14
2,0,0,44,0,14.0,8
2,0,0,45,0,8.0,13
2,0,0,46,0,13.0,10
2,0,0,47,0,10.0,17
2,0,0,48,0,17.0,16
2,0,0,49,0,16.0,4
2,0,0,50,1,4.0,12
2,0,0,51,1,12.0,3
2,0,0,52,1,3.0,16
2,0,0,1,1,16.0,10
2,0,0,2,0,10.0,15
2,0,0,3,0,15.0,14
2,0,0,4,0,14.0,15
2,0,0,5,0,15.0,10
2,0,0,6,1,10.0,21
2,0,0,7,1,21.0,9
2,0,0,8,0,9.0,13
2,0,0,9,1,13.0,12
2,0,0,10,1,12.0,14
2,0,0,11,1,14.0,7
2,0,0,12,1,7.0,11
2,0,0,13,1,11.0,11
2,0,0,14,0,11.0,15
2,0,0,15,0,15.0,8
2,0,0,16,0,8.0,9
2,0,0,17,0,9.0,13
2,0,0,18,0,13.0,5
2,0,0,19,0,5.0,9
2,0,0,20,0,9.0,10
2,0,0,21,0,10.0,13
2,0,0,22,0,13.0,9
2,0,0,23,0,9.0,13
2,0,0,24,0,13.0,19
2,0,0,25,0,19.0,2
2,0,0,26,0,2.0,7
2,0,0,27,0,7.0,7
2,0,0,28,0,7.0,11
2,0,0,29,1,11.0,15
2,0,0,30,1,15.0,9
2,0,0,31,0,9.0,11
2,0,0,32,0,11.0,10
2,0,0,33,0,10.0,7
2,0,0,34,0,7.0,10
2,0,0,35,0,10.0,7
2,0,0,36,0,7.0,7
2,0,0,37,0,7.0,13
2,0,0,38,0,13.0,12
2,0,0,39,0,12.0,9
2,0,0,40,0,9.0,11
2,0,0,41,0,11.0,15
2,0,0,42,0,15.0,12
2,0,0,43,0,12.0,14
2,0,0,44,0,14.0,6
2,0,0,45,0,6.0,3
2,0,0,46,0,3.0,2
2,0,0,47,0,2.0,8
2,0,0,48,0,8.0,13
2,0,0,49,0,13.0,17
2,0,0,50,1,17.0,4
2,0,0,51,1,4.0,13
2,0,0,52,1,13.0,13
2,0,0,1,0,13.0,6
2,0,0,2,0,6.0,17
2,0,0,3,0,17.0,5
2,0,0,4,0,5.0,8
2,0,0,5,0,8.0,8
2,0,0,6,1,8.0,14
2,0,0,7,1,14.0,7
2,0,0,8,0,7.0,13
2,0,0,9,1,13.0,19
2,0,0,10,1,19.0,17
2,0,0,11,1,17.0,5
2,0,0,12,1,5.0,12
2,0,0,13,1,12.0,2
2,0,0,14,0,2.0,5
2,0,0,15,0,5.0,15
2,0,0,16,0,15.0,8
2,0,0,17,0,8.0,12
2,0,0,18,0,12.0,8
2,0,0,19,0,8.0,22
2,0,0,20,0,22.0,3
2,0,0,21,0,3.0,9
2,0,0,22,0,9.0,22
2,0,0,23,0,22.0,21
2,0,0,24,0,21.0,8
2,0,0,25,0,8.0,14
2,0,0,26,0,14.0,6
2,0,0,27,0,6.0,10
2,0,0,28,0,10.0,2
2,0,0,29,0,2.0,6
2,0,0,30,1,6.0,9
2,0,0,31,0,9.0,11
2,0,0,32,0,11.0,7
2,0,0,33,0,7.0,17
2,0,0,34,0,17.0,5
2,0,0,35,0,5.0,6
2,0,0,36,0,6.0,3
2,0,0,37,0,3.0,12
2,0,0,38,0,12.0,14
2,0,0,39,0,14.0,14
2,0,0,40,0,14.0,9
2,0,0,41,0,9.0,11
2,0,0,42,0,11.0,3
2,0,0,43,0,3.0,14
2,0,0,44,0,14.0,13
2,0,0,45,0,13.0,17
2,0,0,46,0,17.0,5
2,0,0,47,0,5.0,7
2,0,0,48,0,7.0,4
2,0,0,49,0,4.0,11
2,0,0,50,1,11.0,20
2,0,0,51,1,20.0,10
2,0,0,52,1,10.0,6
2,0,0,1,1,6.0,15
2,0,0,2,0,15.0,15
2,0,0,3,0,15.0,17
2,0,0,4,0,17.0,14
2,0,0,5,0,14.0,13
2,0,0,6,1,13.0,6
2,0,0,7,1,6.0,9
2,0,0,8,1,9.0,16
2,0,0,9,1,16.0,29
2,0,0,10,1,29.0,15
2,0,0,11,1,15.0,13
2,0,0,12,1,13.0,6
2,0,0,13,1,6.0,5
2,0,0,14,0,5.0,11
2,0,0,15,0,11.0,6
2,0,0,16,0,6.0,8
2,0,0,17,0,8.0,14
2,0,0,18,0,14.0,6
2,0,0,19,0,6.0,11
2,0,0,20,0,11.0,22
2,0,0,21,0,22.0,6
2,0,0,22,0,6.0,14
2,0,0,23,0,14.0,13
2,0,0,25,0,13.0,2
2,0,0,26,0,2.0,12
2,0,0,27,0,12.0,5
2,0,0,28,0,5.0,4
2,0,0,29,0,4.0,7
2,0,0,30,1,7.0,7
2,0,0,31,1,7.0,8
2,0,0,32,0,8.0,2
2,0,0,33,0,2.0,11
2,0,0,34,0,11.0,8
2,0,0,35,0,8.0,13
2,0,0,36,0,13.0,14
2,0,0,37,0,14.0,9
2,0,0,38,0,9.0,14
2,0,0,39,0,14.0,10
2,0,0,40,0,10.0,3
2,0,0,41,0,3.0,10
2,0,0,42,0,10.0,6
2,0,0,43,0,6.0,12
2,0,0,44,0,12.0,10
2,0,0,45,0,10.0,13
2,0,0,46,0,13.0,13
2,0,0,47,0,13.0,10
2,0,0,48,0,10.0,14
2,0,0,49,0,14.0,8
2,0,0,50,1,8.0,4
2,0,0,51,1,4.0,10
2,0,0,52,1,10.0,10
2,0,0,1,1,10.0,13
2,0,0,2,0,13.0,8
2,0,0,3,0,8.0,13
2,0,0,4,0,13.0,12
2,0,0,5,0,12.0,12
2,0,0,6,0,12.0,9
2,0,0,7,1,9.0,10
2,0,0,8,1,10.0,4
2,0,0,9,1,4.0,13
2,0,0,10,1,13.0,9
2,0,0,11,1,9.0,20
2,0,0,12,1,20.0,11
2,0,0,13,1,11.0,10
2,0,0,14,1,10.0,11
2,0,0,15,0,11.0,13
2,0,0,16,0,13.0,3
2,0,0,17,0,3.0,17
2,0,0,18,0,17.0,9
2,0,0,19,0,9.0,9
2,0,0,20,0,9.0,3
2,0,0,21,0,3.0,11
2,0,0,22,0,11.0,7
2,0,0,23,0,7.0,8
2,0,0,24,0,8.0,4
2,0,0,25,0,4.0,16
2,0,0,26,0,16.0,13
2,0,0,27,0,13.0,24
2,0,0,28,0,24.0,15
2,0,0,29,0,15.0,18
2,0,0,30,1,18.0,10
2,0,0,31,1,10.0,13
2,0,0,32,0,13.0,15
2,0,0,33,0,15.0,14
2,0,0,34,0,14.0,10
2,0,0,35,0,10.0,12
2,0,0,36,0,12.0,11
2,0,0,37,0,11.0,19
2,0,0,38,0,19.0,3
2,0,0,39,0,3.0,12
2,0,0,40,0,12.0,19
2,0,0,41,0,19.0,11
2,0,0,42,0,11.0,5
2,0,0,43,0,5.0,14
2,0,0,44,0,14.0,19
2,0,0,45,0,19.0,9
2,0,0,46,0,9.0,9
2,0,0,47,0,9.0,20
2,0,0,48,0,20.0,5
2,0,0,49,0,5.0,9
2,0,0,50,0,9.0,8
2,0,0,51,1,8.0,15
2,0,0,52,1,15.0,14
2,0,0,1,1,14.0,6
2,0,1,1,1,0.0,9
2,0,1,2,0,9.0,8
2,0,1,3,0,8.0,4
2,0,1,4,0,4.0,7
2,0,1,5,0,7.0,7
2,0,1,6,1,7.0,3
2,0,1,7,1,3.0,3
2,0,1,8,0,3.0,8
2,0,1,9,1,8.0,4
2,0,1,10,1,4.0,17
2,0,1,11,1,17.0,5
2,0,1,12,1,5.0,21
2,0,1,13,0,21.0,9
2,0,1,14,0,9.0,14
2,0,1,15,0,14.0,11
2,0,1,16,0,11.0,3
2,0,1,17,0,3.0,13
2,0,1,18,0,13.0,19
2,0,1,19,0,19.0,8
2,0,1,20,0,8.0,8
2,0,1,21,0,8.0,2
2,0,1,22,0,2.0,14
2,0,1,23,0,14.0,4
2,0,1,24,0,4.0,9
2,0,1,25,0,9.0,4
2,0,1,26,0,4.0,3
2,0,1,27,0,3.0,15
2,0,1,28,0,15.0,17
2,0,1,29,1,17.0,5
2,0,1,30,1,5.0,10
2,0,1,31,1,10.0,5
2,0,1,32,0,5.0,13
2,0,1,33,0,13.0,6
2,0,1,34,0,6.0,11
2,0,1,35,0,11.0,10
2,0,1,36,0,10.0,5
2,0,1,37,0,5.0,5
2,0,1,38,0,5.0,5
2,0,1,39,0,5.0,9
2,0,1,40,0,9.0,16
2,0,1,41,0,16.0,9
2,0,1,42,0,9.0,8
2,0,1,43,0,8.0,10
2,0,1,44,0,10.0,11
2,0,1,45,0,11.0,7
2,0,1,46,0,7.0,6
2,0,1,47,0,6.0,15
2,0,1,48,0,15.0,3
2,0,1,49,0,3.0,17
2,0,1,50,0,17.0,6
2,0,1,51,1,6.0,3
2,0,1,52,1,3.0,12
2,0,1,1,1,12.0,15
2,0,1,2,0,15.0,9
2,0,1,3,0,9.0,17
2,0,1,4,0,17.0,18
2,0,1,5,0,18.0,4
2,0,1,6,1,4.0,27
2,0,1,7,1,27.0,12
2,0,1,8,1,12.0,21
2,0,1,9,1,21.0,15
2,0,1,10,1,15.0,9
2,0,1,11,1,9.0,18
2,0,1,12,1,18.0,2
2,0,1,13,1,2.0,17
2,0,1,14,0,17.0,25
2,0,1,15,0,25.0,13
2,0,1,16,0,13.0,7
2,0,1,17,0,7.0,22
2,0,1,18,0,22.0,9
2,0,1,19,0,9.0,6
2,0,1,20,0,6.0,19
2,0,1,21,0,19.0,15
2,0,1,22,0,15.0,7
2,0,1,23,0,7.0,9
2,0,1,24,0,9.0,6
2,0,1,25,0,6.0,12
2,0,1,26,0,12.0,10
2,0,1,27,0,10.0,15
2,0,1,28,0,15.0,9
2,0,1,29,0,9.0,7
2,0,1,30,1,7.0,19
2,0,1,31,1,19.0,4
2,0,1,32,0,4.0,7
2,0,1,33,0,7.0,18
2,0,1,34,0,18.0,10
2,0,1,35,0,10.0,14
2,0,1,36,0,14.0,6
2,0,1,37,0,6.0,16
2,0,1,38,0,16.0,8
2,0,1,39,0,8.0,9
2,0,1,40,0,9.0,19
2,0,1,41,0,19.0,11
2,0,1,42,0,11.0,8
2,0,1,43,0,8.0,12
2,0,1,44,0,12.0,5
2,0,1,45,0,5.0,21
2,0,1,46,0,21.0,10
2,0,1,47,0,10.0,10
2,0,1,48,0,10.0,24
2,0,1,49,0,24.0,8
2,0,1,50,0,8.0,9
2,0,1,51,1,9.0,10
2,0,1,52,1,10.0,8
2,0,1,1,1,8.0,8
2,0,1,2,0,8.0,14
2,0,1,3,0,14.0,8
2,0,1,4,0,8.0,5
2,0,1,5,0,5.0,4
2,0,1,6,0,4.0,10
2,0,1,7,1,10.0,15
2,0,1,8,1,15.0,4
2,0,1,9,0,4.0,21
2,0,1,10,1,21.0,7
2,0,1,11,1,7.0,13
2,0,1,12,1,13.0,12
2,0,1,13,1,12.0,1
2,0,1,14,0,1.0,4
2,0,1,15,0,4.0,11
2,0,1,16,0,11.0,3
2,0,1,17,0,3.0,8
2,0,1,18,0,8.0,7
2,0,1,19,0,7.0,17
2,0,1,20,0,17.0,12
2,0,1,21,0,12.0,10
2,0,1,22,0,10.0,3
2,0,1,23,0,3.0,5
2,0,1,25,0,5.0,6
2,0,1,26,0,6.0,15
2,0,1,27,0,15.0,11
2,0,1,28,0,11.0,13
2,0,1,29,0,13.0,15
2,0,1,30,1,15.0,17
2,0,1,31,1,17.0,14
2,0,1,32,0,14.0,13
2,0,1,33,0,13.0,11
2,0,1,34,0,11.0,8
2,0,1,35,0,8.0,3
2,0,1,36,0,3.0,13
2,0,1,37,0,13.0,21
2,0,1,38,0,21.0,4
2,0,1,39,0,4.0,10
2,0,1,40,0,10.0,11
2,0,1,41,0,11.0,9
2,0,1,42,0,9.0,3
2,0,1,43,0,3.0,17
2,0,1,44,0,17.0,10
2,0,1,45,0,10.0,5
2,0,1,46,0,5.0,19
2,0,1,47,0,19.0,15
2,0,1,48,0,15.0,11
2,0,1,49,0,11.0,11
2,0,1,50,0,11.0,6
2,0,1,51,1,6.0,13
2,0,1,52,1,13.0,14
2,0,1,53,1,14.0,5
2,0,1,1,0,5.0,8
2,0,1,2,0,8.0,3
2,0,1,3,0,3.0,12
2,0,1,4,0,12.0,14
2,0,1,5,0,14.0,14
2,0,1,6,1,14.0,10
2,0,1,7,1,10.0,1
2,0,1,8,0,1.0,12
2,0,1,9,1,12.0,16
2,0,1,10,1,16.0,10
2,0,1,11,1,10.0,9
2,0,1,12,1,9.0,12
2,0,1,13,0,12.0,5
2,0,1,14,0,5.0,4
2,0,1,15,0,4.0,14
2,0,1,16,0,14.0,12
2,0,1,17,0,12.0,13
2,0,1,18,0,13.0,3
2,0,1,19,0,3.0,16
2,0,1,20,0,16.0,7
2,0,1,21,0,7.0,18
2,0,1,22,0,18.0,15
2,0,1,23,0,15.0,12
2,0,1,25,0,12.0,10
2,0,1,26,0,10.0,14
2,0,1,27,0,14.0,9
2,0,1,28,0,9.0,8
2,0,1,29,1,8.0,6
2,0,1,30,1,6.0,6
2,0,1,31,0,6.0,13
2,0,1,32,0,13.0,9
2,0,1,33,0,9.0,8
2,0,1,34,0,8.0,7
2,0,1,35,0,7.0,18
2,0,1,36,0,18.0,4
2,0,1,37,0,4.0,15
2,0,1,38,0,15.0,20
2,0,1,39,0,20.0,10
2,0,1,40,0,10.0,13
2,0,1,41,0,13.0,9
2,0,1,42,0,9.0,11
2,0,1,43,0,11.0,17
2,0,1,44,0,17.0,10
2,0,1,45,0,10.0,5
2,0,1,46,0,5.0,13
2,0,1,47,0,13.0,16
2,0,1,48,0,16.0,13
2,0,1,49,0,13.0,15
2,0,1,50,1,15.0,5
2,0,1,51,1,5.0,9
2,0,1,52,1,9.0,21
2,0,1,1,1,21.0,11
2,0,1,2,0,11.0,10
2,0,1,3,0,10.0,15
2,0,1,4,0,15.0,9
2,0,1,5,0,9.0,16
2,0,1,6,1,16.0,5
2,0,1,7,1,5.0,5
2,0,1,8,0,5.0,13
2,0,1,9,1,13.0,2
2,0,1,10,1,2.0,13
2,0,1,11,1,13.0,8
2,0,1,12,1,8.0,7
2,0,1,13,1,7.0,4
2,0,1,14,0,4.0,9
2,0,1,15,0,9.0,14
2,0,1,16,0,14.0,9
2,0,1,17,0,9.0,13
2,0,1,18,0,13.0,25
2,0,1,19,0,25.0,4
2,0,1,20,0,4.0,10
2,0,1,21,0,10.0,12
2,0,1,22,0,12.0,7
2,0,1,23,0,7.0,2
2,0,1,24,0,2.0,11
2,0,1,25,0,11.0,13
2,0,1,26,0,13.0,11
2,0,1,27,0,11.0,11
2,0,1,28,0,11.0,10
2,0,1,29,1,10.0,9
2,0,1,30,1,9.0,21
2,0,1,31,0,21.0,12
2,0,1,32,0,12.0,11
2,0,1,33,0,11.0,8
2,0,1,34,0,8.0,12
2,0,1,35,0,12.0,12
2,0,1,36,0,12.0,12
2,0,1,37,0,12.0,9
2,0,1,38,0,9.0,4
2,0,1,39,0,4.0,4
2,0,1,40,0,4.0,6
2,0,1,41,0,6.0,4
2,0,1,42,0,4.0,13
2,0,1,43,0,13.0,10
2,0,1,44,0,10.0,16
2,0,1,45,0,16.0,10
2,0,1,46,0,10.0,9
2,0,1,47,0,9.0,14
2,0,1,48,0,14.0,9
2,0,1,49,0,9.0,13
2,0,1,50,1,13.0,8
2,0,1,51,1,8.0,5
2,0,1,52,1,5.0,7
2,0,1,1,1,7.0,5
2,0,1,2,0,5.0,10
2,0,1,3,0,10.0,17
2,0,1,4,0,17.0,8
2,0,1,5,0,8.0,8
2,0,1,6,1,8.0,14
2,0,1,7,1,14.0,13
2,0,1,8,0,13.0,6
2,0,1,9,1,6.0,18
2,0,1,10,1,18.0,16
2,0,1,11,1,16.0,9
2,0,1,12,1,9.0,15
2,0,1,13,1,15.0,9
2,0,1,14,0,9.0,4
2,0,1,15,0,4.0,14
2,0,1,16,0,14.0,10
2,0,1,17,0,10.0,11
2,0,1,18,0,11.0,4
2,0,1,19,0,4.0,10
2,0,1,20,0,10.0,4
2,0,1,21,0,4.0,7
2,0,1,22,0,7.0,11
2,0,1,23,0,11.0,4
2,0,1,24,0,4.0,16
2,0,1,25,0,16.0,11
2,0,1,26,0,11.0,9
2,0,1,27,0,9.0,9
2,0,1,28,0,9.0,6
2,0,1,29,1,6.0,6
2,0,1,30,1,6.0,9
2,0,1,31,0,9.0,2
2,0,1,32,0,2.0,6
2,0,1,33,0,6.0,7
2,0,1,34,0,7.0,8
2,0,1,35,0,8.0,6
2,0,1,36,0,6.0,12
2,0,1,37,0,12.0,8
2,0,1,38,0,8.0,21
2,0,1,39,0,21.0,20
2,0,1,40,0,20.0,11
2,0,1,41,0,11.0,22
2,0,1,42,0,22.0,9
2,0,1,43,0,9.0,6
2,0,1,44,0,6.0,2
2,0,1,45,0,2.0,13
2,0,1,46,0,13.0,6
2,0,1,47,0,6.0,4
2,0,1,48,0,4.0,11
2,0,1,49,0,11.0,5
2,0,1,50,1,5.0,4
2,0,1,51,1,4.0,15
2,0,1,52,1,15.0,18
2,0,1,1,1,18.0,12
2,0,1,2,0,12.0,8
2,0,1,3,0,8.0,13
2,0,1,4,0,13.0,11
2,0,1,5,0,11.0,12
2,0,1,6,0,12.0,3
2,0,1,7,1,3.0,15
2,0,1,8,1,15.0,2
2,0,1,9,1,2.0,22
2,0,1,10,1,22.0,5
2,0,1,11,1,5.0,8
2,0,1,12,1,8.0,12
2,0,1,13,1,12.0,16
2,0,1,14,0,16.0,10
2,0,1,15,0,10.0,3
2,0,1,16,0,3.0,18
2,0,1,17,0,18.0,4
2,0,1,18,0,4.0,13
2,0,1,19,0,13.0,14
2,0,1,20,0,14.0,12
2,0,1,21,0,12.0,13
2,0,1,22,0,13.0,2
2,0,1,23,0,2.0,10
2,0,1,24,0,10.0,12
2,0,1,25,0,12.0,8
2,0,1,26,0,8.0,22
2,0,1,27,0,22.0,11
2,0,1,28,0,11.0,8
2,0,1,29,0,8.0,5
2,0,1,30,1,5.0,11
2,0,1,31,1,11.0,15
2,0,1,32,0,15.0,7
2,0,1,33,0,7.0,6
2,0,1,34,0,6.0,7
2,0,1,35,0,7.0,8
2,0,1,36,0,8.0,9
2,0,1,37,0,9.0,15
2,0,1,38,0,15.0,7
2,0,1,39,0,7.0,18
2,0,1,40,0,18.0,7
2,0,1,41,0,7.0,4
2,0,1,42,0,4.0,13
2,0,1,43,0,13.0,10
2,0,1,44,0,10.0,12
2,0,1,45,0,12.0,3
2,0,1,46,0,3.0,19
2,0,1,47,0,19.0,14
2,0,1,48,0,14.0,27
2,0,1,49,0,27.0,10
2,0,1,50,1,10.0,7
2,0,1,51,1,7.0,15
2,0,1,52,1,15.0,10
2,0,1,1,1,10.0,14
2,0,1,2,0,14.0,2
2,0,1,3,0,2.0,11
2,0,1,4,0,11.0,10
2,0,1,5,0,10.0,11
2,0,1,6,0,11.0,17
2,0,1,7,1,17.0,16
2,0,1,8,1,16.0,22
2,0,1,9,0,22.0,11
2,0,1,10,1,11.0,7
2,0,1,11,1,7.0,16
2,0,1,12,1,16.0,11
2,0,1,13,1,11.0,10
2,0,1,14,1,10.0,19
2,0,1,15,0,19.0,15
2,0,1,16,0,15.0,5
2,0,1,17,0,5.0,3
2,0,1,18,0,3.0,12
2,0,1,19,0,12.0,11
2,0,1,20,0,11.0,8
2,0,1,21,0,8.0,13
2,0,1,22,0,13.0,4
2,0,1,23,0,4.0,20
2,0,1,24,0,20.0,10
2,0,1,25,0,10.0,4
2,0,1,26,0,4.0,10
2,0,1,27,0,10.0,6
2,0,1,28,0,6.0,7
2,0,1,29,0,7.0,13
2,0,1,30,1,13.0,10
2,0,1,31,1,10.0,19
2,0,1,32,0,19.0,5
2,0,1,33,0,5.0,6
2,0,1,34,0,6.0,7
2,0,1,35,0,7.0,8
2,0,1,36,0,8.0,4
2,0,1,37,0,4.0,12
2,0,1,38,0,12.0,12
2,0,1,39,0,12.0,15
2,0,1,40,0,15.0,3
2,0,1,41,0,3.0,4
2,0,1,42,0,4.0,10
2,0,1,43,0,10.0,1
2,0,1,44,0,1.0,23
2,0,1,45,0,23.0,8
2,0,1,46,0,8.0,21
2,0,1,47,0,21.0,13
2,0,1,48,0,13.0,11
2,0,1,49,0,11.0,8
2,0,1,50,0,8.0,17
2,0,1,51,1,17.0,24
2,0,1,52,1,24.0,13
2,0,2,1,1,0.0,11
2,0,2,2,0,11.0,10
2,0,2,3,0,10.0,10
2,0,2,4,0,10.0,19
2,0,2,5,0,19.0,1
2,0,2,6,1,1.0,10
2,0,2,7,1,10.0,3
2,0,2,8,1,3.0,17
2,0,2,9,0,17.0,3
2,0,2,10,1,3.0,14
2,0,2,11,1,14.0,15
2,0,2,12,1,15.0,6
2,0,2,13,1,6.0,11
2,0,2,14,0,11.0,23
2,0,2,15,0,23.0,6
2,0,2,16,0,6.0,3
2,0,2,17,0,3.0,9
2,0,2,18,0,9.0,15
2,0,2,19,0,15.0,12
2,0,2,20,0,12.0,9
2,0,2,21,0,9.0,13
2,0,2,22,0,13.0,15
2,0,2,23,0,15.0,11
2,0,2,24,0,11.0,22
2,0,2,25,0,22.0,3
2,0,2,26,0,3.0,15
2,0,2,27,0,15.0,6
2,0,2,28,0,6.0,22
2,0,2,29,1,22.0,15
2,0,2,30,1,15.0,16
2,0,2,31,1,16.0,9
2,0,2,32,0,9.0,9
2,0,2,33,0,9.0,13
2,0,2,34,0,13.0,6
2,0,2,35,0,6.0,5
2,0,2,36,0,5.0,9
2,0,2,37,0,9.0,3
2,0,2,38,0,3.0,15
2,0,2,39,0,15.0,6
2,0,2,40,0,6.0,14
2,0,2,41,0,14.0,14
2,0,2,42,0,14.0,9
2,0,2,43,0,9.0,15
2,0,2,44,0,15.0,3
2,0,2,45,0,3.0,19
2,0,2,46,0,19.0,7
2,0,2,47,0,7.0,14
2,0,2,48,0,14.0,14
2,0,2,49,0,14.0,5
2,0,2,50,1,5.0,23
2,0,2,51,1,23.0,8
2,0,2,52,1,8.0,4
2,0,2,1,1,4.0,3
2,0,2,2,0,3.0,6
2,0,2,3,0,6.0,4
2,0,2,4,0,4.0,6
2,0,2,5,0,6.0,5
2,0,2,6,1,5.0,11
2,0,2,7,1,11.0,6
2,0,2,8,1,6.0,11
2,0,2,9,1,11.0,10
2,0,2,10,1,10.0,19
2,0,2,11,1,19.0,12
2,0,2,12,1,12.0,16
2,0,2,13,1,16.0,12
2,0,2,14,0,12.0,7
2,0,2,15,0,7.0,10
2,0,2,16,0,10.0,7
2,0,2,17,0,7.0,11
2,0,2,18,0,11.0,15
2,0,2,19,0,15.0,23
2,0,2,20,0,23.0,15
2,0,2,21,0,15.0,12
2,0,2,22,0,12.0,27
2,0,2,23,0,27.0,14
2,0,2,24,0,14.0,7
2,0,2,25,0,7.0,6
2,0,2,26,0,6.0,7
2,0,2,27,0,7.0,2
2,0,2,28,0,2.0,12
2,0,2,29,0,12.0,6
2,0,2,30,1,6.0,11
2,0,2,31,1,11.0,8
2,0,2,32,0,8.0,14
2,0,2,33,0,14.0,10
2,0,2,34,0,10.0,17
2,0,2,35,0,17.0,10
2,0,2,36,0,10.0,13
2,0,2,37,0,13.0,15
2,0,2,38,0,15.0,13
2,0,2,39,0,13.0,16
2,0,2,41,0,16.0,17
2,0,2,42,0,17.0,22
2,0,2,43,0,22.0,19
2,0,2,44,0,19.0,21
2,0,2,45,0,21.0,19
2,0,2,46,0,19.0,9
2,0,2,47,0,9.0,16
2,0,2,48,0,16.0,5
2,0,2,49,0,5.0,6
2,0,2,50,1,6.0,15
2,0,2,51,1,15.0,11
2,0,2,52,1,11.0,6
2,0,2,1,1,6.0,4
2,0,2,2,0,4.0,11
2,0,2,3,0,11.0,7
2,0,2,4,0,7.0,21
2,0,2,5,0,21.0,8
2,0,2,6,0,8.0,9
2,0,2,7,1,9.0,14
2,0,2,8,1,14.0,13
2,0,2,9,0,13.0,9
2,0,2,10,1,9.0,6
2,0,2,11,1,6.0,3
2,0,2,12,1,3.0,3
2,0,2,13,1,3.0,12
2,0,2,14,1,12.0,11
2,0,2,15,0,11.0,7
2,0,2,16,0,7.0,7
2,0,2,17,0,7.0,17
2,0,2,18,0,17.0,4
2,0,2,19,0,4.0,25
2,0,2,20,0,25.0,16
2,0,2,21,0,16.0,3
2,0,2,22,0,3.0,9
2,0,2,23,0,9.0,13
2,0,2,24,0,13.0,4
2,0,2,25,0,4.0,14
2,0,2,26,0,14.0,13
2,0,2,27,0,13.0,8
2,0,2,28,0,8.0,13
2,0,2,29,0,13.0,9
2,0,2,30,1,9.0,19
2,0,2,31,1,19.0,14
2,0,2,32,0,14.0,8
2,0,2,33,0,8.0,6
2,0,2,34,0,6.0,12
2,0,2,35,0,12.0,12
2,0,2,36,0,12.0,6
2,0,2,37,0,6.0,9
2,0,2,38,0,9.0,12
2,0,2,39,0,12.0,24
2,0,2,40,0,24.0,11
2,0,2,41,0,11.0,6
2,0,2,42,0,6.0,6
2,0,2,43,0,6.0,17
2,0,2,44,0,17.0,11
2,0,2,45,0,11.0,7
2,0,2,46,0,7.0,10
2,0,2,47,0,10.0,9
2,0,2,48,0,9.0,10
2,0,2,49,0,10.0,10
2,0,2,50,0,10.0,23
2,0,2,51,1,23.0,13
2,0,2,52,1,13.0,19
2,0,2,53,1,19.0,7
2,0,2,1,1,7.0,13
2,0,2,2,0,13.0,4
2,0,2,3,0,4.0,12
2,0,2,4,0,12.0,10
2,0,2,5,0,10.0,15
2,0,2,6,1,15.0,13
2,0,2,7,1,13.0,14
2,0,2,8,0,14.0,6
2,0,2,9,1,6.0,12
2,0,2,10,1,12.0,14
2,0,2,11,1,14.0,12
2,0,2,12,1,12.0,14
2,0,2,13,1,14.0,11
2,0,2,14,0,11.0,7
2,0,2,15,0,7.0,8
2,0,2,16,0,8.0,12
2,0,2,17,0,12.0,9
2,0,2,18,0,9.0,13
2,0,2,19,0,13.0,20
2,0,2,20,0,20.0,19
2,0,2,21,0,19.0,6
2,0,2,22,0,6.0,13
2,0,2,23,0,13.0,14
2,0,2,24,0,14.0,17
2,0,2,25,0,17.0,6
2,0,2,26,0,6.0,12
2,0,2,27,0,12.0,13
2,0,2,28,0,13.0,6
2,0,2,29,1,6.0,20
2,0,2,30,1,20.0,6
2,0,2,31,0,6.0,11
2,0,2,32,0,11.0,4
2,0,2,33,0,4.0,6
2,0,2,34,0,6.0,5
2,0,2,35,0,5.0,6
2,0,2,36,0,6.0,7
2,0,2,37,0,7.0,7
2,0,2,38,0,7.0,7
2,0,2,39,0,7.0,6
2,0,2,40,0,6.0,13
2,0,2,41,0,13.0,5
2,0,2,42,0,5.0,7
2,0,2,43,0,7.0,6
2,0,2,44,0,6.0,11
2,0,2,45,0,11.0,8
2,0,2,46,0,8.0,14
2,0,2,47,0,14.0,2
2,0,2,48,0,2.0,20
2,0,2,49,0,20.0,8
2,0,2,50,1,8.0,11
2,0,2,51,1,11.0,19
2,0,2,52,1,19.0,9
2,0,2,1,1,9.0,10
2,0,2,2,0,10.0,18
2,0,2,3,0,18.0,7
2,0,2,4,0,7.0,15
2,0,2,5,0,15.0,10
2,0,2,6,1,10.0,14
2,0,2,7,1,14.0,6
2,0,2,8,0,6.0,19
2,0,2,9,1,19.0,13
2,0,2,10,1,13.0,5
2,0,2,11,1,5.0,16
2,0,2,12,1,16.0,11
2,0,2,13,1,11.0,8
2,0,2,14,0,8.0,12
2,0,2,15,0,12.0,5
2,0,2,16,0,5.0,8
2,0,2,17,0,8.0,13
2,0,2,18,0,13.0,13
2,0,2,19,0,13.0,8
2,0,2,20,0,8.0,12
2,0,2,21,0,12.0,11
2,0,2,22,0,11.0,11
2,0,2,23,0,11.0,3
2,0,2,24,0,3.0,7
2,0,2,25,0,7.0,10
2,0,2,26,0,10.0,19
2,0,2,27,0,19.0,8
2,0,2,28,0,8.0,9
2,0,2,29,0,9.0,3
2,0,2,30,1,3.0,9
2,0,2,31,0,9.0,5
2,0,2,32,0,5.0,12
2,0,2,33,0,12.0,11
2,0,2,34,0,11.0,16
2,0,2,35,0,16.0,16
2,0,2,36,0,16.0,2
2,0,2,37,0,2.0,15
2,0,2,38,0,15.0,13
2,0,2,39,0,13.0,11
2,0,2,40,0,11.0,15
2,0,2,41,0,15.0,8
2,0,2,42,0,8.0,8
2,0,2,43,0,8.0,21
2,0,2,44,0,21.0,11
2,0,2,45,0,11.0,11
2,0,2,46,0,11.0,14
2,0,2,47,0,14.0,12
2,0,2,48,0,12.0,4
2,0,2,49,0,4.0,12
2,0,2,50,1,12.0,12
2,0,2,51,1,12.0,16
2,0,2,52,1,16.0,6
2,0,2,1,1,6.0,8
2,0,2,2,0,8.0,7
2,0,2,3,0,7.0,4
2,0,2,4,0,4.0,9
2,0,2,5,0,9.0,3
2,0,2,6,1,3.0,7
2,0,2,7,1,7.0,15
2,0,2,8,1,15.0,16
2,0,2,9,1,16.0,13
2,0,2,10,1,13.0,19
2,0,2,11,1,19.0,10
2,0,2,12,1,10.0,6
2,0,2,13,1,6.0,16
2,0,2,14,0,16.0,13
2,0,2,15,0,13.0,8
2,0,2,16,0,8.0,15
2,0,2,17,0,15.0,8
2,0,2,18,0,8.0,6
2,0,2,19,0,6.0,14
2,0,2,20,0,14.0,10
2,0,2,21,0,10.0,19
2,0,2,22,0,19.0,9
2,0,2,23,0,9.0,13
2,0,2,24,0,13.0,25
2,0,2,25,0,25.0,3
2,0,2,26,0,3.0,6
2,0,2,27,0,6.0,11
2,0,2,28,0,11.0,11
2,0,2,29,1,11.0,17
2,0,2,30,1,17.0,20
2,0,2,31,1,20.0,10
2,0,2,32,0,10.0,4
2,0,2,33,0,4.0,14
2,0,2,34,0,14.0,5
2,0,2,35,0,5.0,3
2,0,2,36,0,3.0,18
2,0,2,37,0,18.0,5
2,0,2,38,0,5.0,20
2,0,2,39,0,20.0,17
2,0,2,41,0,17.0,21
2,0,2,42,0,21.0,9
2,0,2,43,0,9.0,11
2,0,2,44,0,11.0,4
2,0,2,45,0,4.0,11
2,0,2,46,0,11.0,3
2,0,2,47,0,3.0,12
2,0,2,48,0,12.0,14
2,0,2,49,0,14.0,12
2,0,2,50,1,12.0,9
2,0,2,51,1,9.0,11
2,0,2,52,1,11.0,3
2,0,2,1,1,3.0,11
2,0,2,2,0,11.0,5
2,0,2,3,0,5.0,17
2,0,2,4,0,17.0,15
2,0,2,5,0,15.0,19
2,0,2,6,1,19.0,8
2,0,2,7,1,8.0,10
2,0,2,8,1,10.0,15
2,0,2,9,0,15.0,4
2,0,2,10,1,4.0,8
2,0,2,11,1,8.0,15
2,0,2,12,1,15.0,4
2,0,2,13,1,4.0,9
2,0,2,14,0,9.0,2
2,0,2,15,0,2.0,15
2,0,2,16,0,15.0,11
2,0,2,17,0,11.0,10
2,0,2,18,0,10.0,4
2,0,2,19,0,4.0,7
2,0,2,20,0,7.0,4
2,0,2,21,0,4.0,9
2,0,2,22,0,9.0,10
2,0,2,23,0,10.0,6
2,0,2,24,0,6.0,13
2,0,2,25,0,13.0,16
2,0,2,26,0,16.0,15
2,0,2,27,0,15.0,15
2,0,2,28,0,15.0,14
2,0,2,29,0,14.0,7
2,0,2,30,1,7.0,22
2,0,2,31,1,22.0,15
2,0,2,32,0,15.0,15
2,0,2,33,0,15.0,13
2,0,2,34,0,13.0,12
2,0,2,35,0,12.0,13
2,0,2,36,0,13.0,16
2,0,2,37,0,16.0,4
2,0,2,38,0,4.0,9
2,0,2,39,0,9.0,11
2,0,2,40,0,11.0,8
2,0,2,41,0,8.0,10
2,0,2,42,0,10.0,14
2,0,2,43,0,14.0,6
2,0,2,44,0,6.0,7
2,0,2,45,0,7.0,13
2,0,2,46,0,13.0,15
2,0,2,47,0,15.0,7
2,0,2,48,0,7.0,6
2,0,2,49,0,6.0,20
2,0,2,50,1,20.0,8
2,0,2,51,1,8.0,6
2,0,2,52,1,6.0,19
2,0,2,1,1,19.0,3
2,0,2,2,0,3.0,10
2,0,2,3,0,10.0,10
2,0,2,4,0,10.0,8
2,0,2,5,0,8.0,5
2,0,2,6,0,5.0,9
2,0,2,7,1,9.0,12
2,0,2,8,1,12.0,5
2,0,2,9,0,5.0,6
2,0,2,10,1,6.0,8
2,0,2,11,1,8.0,6
2,0,2,12,1,6.0,8
2,0,2,13,1,8.0,12
2,0,2,14,1,12.0,8
2,0,2,15,0,8.0,7
2,0,2,16,0,7.0,7
2,0,2,17,0,7.0,16
2,0,2,18,0,16.0,8
2,0,2,19,0,8.0,17
2,0,2,20,0,17.0,11
2,0,2,21,0,11.0,4
2,0,2,22,0,4.0,10
2,0,2,23,0,10.0,9
2,0,2,24,0,9.0,8
2,0,2,25,0,8.0,9
2,0,2,26,0,9.0,10
2,0,2,27,0,10.0,12
2,0,2,28,0,12.0,21
2,0,2,29,0,21.0,7
2,0,2,30,1,7.0,10
2,0,2,31,1,10.0,10
2,0,2,32,0,10.0,6
2,0,2,33,0,6.0,3
2,0,2,34,0,3.0,5
2,0,2,35,0,5.0,3
2,0,2,36,0,3.0,17
2,0,2,37,0,17.0,11
2,0,2,38,0,11.0,14
2,0,2,39,0,14.0,17
2,0,2,40,0,17.0,12
2,0,2,41,0,12.0,15
2,0,2,42,0,15.0,15
2,0,2,43,0,15.0,17
2,0,2,44,0,17.0,16
2,0,2,46,0,16.0,18
2,0,2,47,0,18.0,8
2,0,2,48,0,8.0,19
2,0,2,49,0,19.0,13
2,0,2,50,0,13.0,13
2,0,2,51,1,13.0,11
2,0,2,52,1,11.0,11
2,0,2,1,1,11.0,4
2,1,0,1,1,0.0,8
2,1,0,2,0,8.0,8
2,1,0,3,0,8.0,13
2,1,0,4,0,13.0,6
2,1,0,5,0,6.0,23
2,1,0,6,0,23.0,8
2,1,0,7,1,8.0,9
2,1,0,8,1,9.0,5
2,1,0,9,1,5.0,18
2,1,0,10,1,18.0,5
2,1,0,11,1,5.0,7
2,1,0,12,1,7.0,12
2,1,0,13,1,12.0,10
2,1,0,14,0,10.0,4
2,1,0,15,0,4.0,11
2,1,0,16,0,11.0,9
2,1,0,17,0,9.0,9
2,1,0,18,0,9.0,13
2,1,0,19,0,13.0,9
2,1,0,20,0,9.0,10
2,1,0,21,0,10.0,6
2,1,0,22,0,6.0,8
2,1,0,23,0,8.0,16
2,1,0,24,0,16.0,9
2,1,0,25,0,9.0,23
2,1,0,26,0,23.0,8
2,1,0,27,0,8.0,5
2,1,0,28,0,5.0,7
2,1,0,29,1,7.0,12
2,1,0,30,1,12.0,68
2,1,0,31,0,68.0,6
2,1,0,32,0,6.0,7
2,1,0,33,0,7.0,18
2,1,0,34,0,18.0,12
2,1,0,35,0,12.0,9
2,1,0,36,0,9.0,3
2,1,0,37,0,3.0,8
2,1,0,38,0,8.0,18
2,1,0,39,0,18.0,11
2,1,0,40,0,11.0,8
2,1,0,41,0,8.0,8
2,1,0,42,0,8.0,12
2,1,0,44,0,12.0,17
2,1,0,45,0,17.0,9
2,1,0,46,0,9.0,8
2,1,0,47,0,8.0,7
2,1,0,48,0,7.0,7
2,1,0,49,0,7.0,21
2,1,0,50,0,21.0,12
2,1,0,51,1,12.0,19
2,1,0,52,1,19.0,11
2,1,0,1,1,11.0,13
2,1,0,2,0,13.0,19
2,1,0,3,0,19.0,12
2,1,0,4,0,12.0,6
2,1,0,5,0,6.0,7
2,1,0,6,1,7.0,3
2,1,0,7,1,3.0,5
2,1,0,8,1,5.0,8
2,1,0,9,1,8.0,6
2,1,0,10,1,6.0,18
2,1,0,11,1,18.0,4
2,1,0,12,1,4.0,5
2,1,0,13,1,5.0,8
2,1,0,14,0,8.0,5
2,1,0,15,0,5.0,3
2,1,0,16,0,3.0,19
2,1,0,17,0,19.0,13
2,1,0,18,0,13.0,12
2,1,0,19,0,12.0,8
2,1,0,20,0,8.0,10
2,1,0,21,0,10.0,14
2,1,0,22,0,14.0,8
2,1,0,23,0,8.0,9
2,1,0,24,0,9.0,19
2,1,0,25,0,19.0,8
2,1,0,26,0,8.0,5
2,1,0,27,0,5.0,7
2,1,0,28,0,7.0,18
2,1,0,29,0,18.0,15
2,1,0,30,1,15.0,30
2,1,0,31,1,30.0,31
2,1,0,32,0,31.0,3
2,1,0,33,0,3.0,5
2,1,0,34,0,5.0,16
2,1,0,35,0,16.0,5
2,1,0,36,0,5.0,3
2,1,0,37,0,3.0,3
2,1,0,38,0,3.0,8
2,1,0,39,0,8.0,7
2,1,0,40,0,7.0,7
2,1,0,41,0,7.0,16
2,1,0,42,0,16.0,14
2,1,0,43,0,14.0,19
2,1,0,44,0,19.0,17
2,1,0,45,0,17.0,15
2,1,0,46,0,15.0,11
2,1,0,47,0,11.0,16
2,1,0,48,0,16.0,14
2,1,0,49,0,14.0,11
2,1,0,50,0,11.0,5
2,1,0,51,1,5.0,10
2,1,0,52,1,10.0,6
2,1,0,1,1,6.0,16
2,1,0,2,0,16.0,16
2,1,0,3,0,16.0,11
2,1,0,4,0,11.0,14
2,1,0,5,0,14.0,5
2,1,0,6,0,5.0,9
2,1,0,7,1,9.0,15
2,1,0,8,1,15.0,12
2,1,0,9,0,12.0,10
2,1,0,10,1,10.0,9
2,1,0,11,1,9.0,5
2,1,0,12,1,5.0,13
2,1,0,13,1,13.0,14
2,1,0,14,1,14.0,13
2,1,0,15,0,13.0,24
2,1,0,16,0,24.0,4
2,1,0,17,0,4.0,9
2,1,0,18,0,9.0,7
2,1,0,19,0,7.0,6
2,1,0,20,0,6.0,19
2,1,0,21,0,19.0,18
2,1,0,22,0,18.0,19
2,1,0,23,0,19.0,4
2,1,0,24,0,4.0,10
2,1,0,25,0,10.0,16
2,1,0,26,0,16.0,13
2,1,0,27,0,13.0,10
2,1,0,28,0,10.0,8
2,1,0,29,0,8.0,5
2,1,0,30,1,5.0,32
2,1,0,31,1,32.0,40
2,1,0,32,0,40.0,13
2,1,0,33,0,13.0,12
2,1,0,34,0,12.0,10
2,1,0,35,0,10.0,19
2,1,0,36,0,19.0,16
2,1,0,37,0,16.0,11
2,1,0,38,0,11.0,11
2,1,0,39,0,11.0,7
2,1,0,40,0,7.0,6
2,1,0,41,0,6.0,16
2,1,0,42,0,16.0,17
2,1,0,43,0,17.0,10
2,1,0,44,0,10.0,17
2,1,0,45,0,17.0,19
2,1,0,46,0,19.0,14
2,1,0,47,0,14.0,7
2,1,0,48,0,7.0,14
2,1,0,49,0,14.0,9
2,1,0,50,0,9.0,20
2,1,0,51,1,20.0,36
2,1,0,52,1,36.0,8
2,1,0,53,1,8.0,7
2,1,0,1,1,7.0,16
2,1,0,2,0,16.0,3
2,1,0,3,0,3.0,7
2,1,0,4,0,7.0,4
2,1,0,5,0,4.0,11
2,1,0,6,1,11.0,16
2,1,0,7,1,16.0,8
2,1,0,8,0,8.0,15
2,1,0,9,1,15.0,11
2,1,0,10,1,11.0,15
2,1,0,11,1,15.0,20
2,1,0,12,1,20.0,9
2,1,0,13,1,9.0,14
2,1,0,14,0,14.0,6
2,1,0,15,0,6.0,12
2,1,0,16,0,12.0,11
2,1,0,17,0,11.0,8
2,1,0,18,0,8.0,9
2,1,0,19,0,9.0,8
2,1,0,20,0,8.0,6
2,1,0,21,0,6.0,8
2,1,0,22,0,8.0,5
2,1,0,23,0,5.0,10
2,1,0,24,0,10.0,11
2,1,0,25,0,11.0,12
2,1,0,26,0,12.0,4
2,1,0,27,0,4.0,5
2,1,0,28,0,5.0,14
2,1,0,29,1,14.0,44
2,1,0,30,1,44.0,54
2,1,0,31,0,54.0,9
2,1,0,32,0,9.0,3
2,1,0,33,0,3.0,15
2,1,0,34,0,15.0,4
2,1,0,35,0,4.0,10
2,1,0,36,0,10.0,7
2,1,0,37,0,7.0,9
2,1,0,38,0,9.0,18
2,1,0,39,0,18.0,16
2,1,0,40,0,16.0,8
2,1,0,41,0,8.0,2
2,1,0,42,0,2.0,3
2,1,0,43,0,3.0,11
2,1,0,44,0,11.0,7
2,1,0,45,0,7.0,10
2,1,0,46,0,10.0,9
2,1,0,47,0,9.0,8
2,1,0,48,0,8.0,7
2,1,0,49,0,7.0,7
2,1,0,50,1,7.0,7
2,1,0,51,1,7.0,14
2,1,0,52,1,14.0,11
2,1,0,1,1,11.0,12
2,1,0,2,0,12.0,2
2,1,0,3,0,2.0,15
2,1,0,4,0,15.0,11
2,1,0,5,0,11.0,9
2,1,0,6,0,9.0,8
2,1,0,7,1,8.0,5
2,1,0,8,0,5.0,20
2,1,0,9,1,20.0,12
2,1,0,10,1,12.0,4
2,1,0,11,1,4.0,6
2,1,0,12,1,6.0,8
2,1,0,13,1,8.0,15
2,1,0,14,0,15.0,11
2,1,0,15,0,11.0,5
2,1,0,16,0,5.0,11
2,1,0,17,0,11.0,9
2,1,0,18,0,9.0,13
2,1,0,19,0,13.0,5
2,1,0,20,0,5.0,10
2,1,0,21,0,10.0,5
2,1,0,22,0,5.0,7
2,1,0,23,0,7.0,16
2,1,0,24,0,16.0,9
2,1,0,25,0,9.0,5
2,1,0,26,0,5.0,24
2,1,0,27,0,24.0,9
2,1,0,28,0,9.0,8
2,1,0,29,0,8.0,4
2,1,0,30,1,4.0,47
2,1,0,31,0,47.0,13
2,1,0,32,0,13.0,19
2,1,0,33,0,19.0,4
2,1,0,34,0,4.0,12
2,1,0,35,0,12.0,8
2,1,0,36,0,8.0,4
2,1,0,37,0,4.0,9
2,1,0,38,0,9.0,13
2,1,0,39,0,13.0,14
2,1,0,40,0,14.0,14
2,1,0,41,0,14.0,8
2,1,0,42,0,8.0,18
2,1,0,43,0,18.0,4
2,1,0,44,0,4.0,15
2,1,0,45,0,15.0,7
2,1,0,46,0,7.0,7
2,1,0,47,0,7.0,10
2,1,0,48,0,10.0,15
2,1,0,49,0,15.0,11
2,1,0,50,1,11.0,10
2,1,0,51,1,10.0,14
2,1,0,52,1,14.0,20
2,1,0,1,1,20.0,7
2,1,0,2,0,7.0,8
2,1,0,3,0,8.0,9
2,1,0,4,0,9.0,8
2,1,0,5,0,8.0,10
2,1,0,6,1,10.0,13
2,1,0,7,1,13.0,9
2,1,0,8,1,9.0,22
2,1,0,9,1,22.0,13
2,1,0,10,1,13.0,5
2,1,0,11,1,5.0,5
2,1,0,12,1,5.0,12
2,1,0,13,1,12.0,14
2,1,0,14,0,14.0,13
2,1,0,15,0,13.0,25
2,1,0,16,0,25.0,11
2,1,0,17,0,11.0,8
2,1,0,18,0,8.0,6
2,1,0,19,0,6.0,16
2,1,0,20,0,16.0,20
2,1,0,21,0,20.0,10
2,1,0,22,0,10.0,15
2,1,0,23,0,15.0,11
2,1,0,24,0,11.0,15
2,1,0,25,0,15.0,5
2,1,0,26,0,5.0,15
2,1,0,27,0,15.0,8
2,1,0,28,0,8.0,7
2,1,0,29,1,7.0,34
2,1,0,30,1,34.0,46
2,1,0,31,1,46.0,16
2,1,0,32,0,16.0,19
2,1,0,33,0,19.0,15
2,1,0,34,0,15.0,19
2,1,0,35,0,19.0,12
2,1,0,36,0,12.0,16
2,1,0,37,0,16.0,9
2,1,0,38,0,9.0,8
2,1,0,39,0,8.0,9
2,1,0,40,0,9.0,11
2,1,0,41,0,11.0,7
2,1,0,42,0,7.0,14
2,1,0,43,0,14.0,10
2,1,0,44,0,10.0,4
2,1,0,45,0,4.0,13
2,1,0,46,0,13.0,3
2,1,0,47,0,3.0,6
2,1,0,48,0,6.0,22
2,1,0,49,0,22.0,20
2,1,0,50,1,20.0,12
2,1,0,51,1,12.0,8
2,1,0,52,1,8.0,7
2,1,0,1,0,7.0,1
2,1,0,2,0,1.0,8
2,1,0,3,0,8.0,13
2,1,0,4,0,13.0,12
2,1,0,5,0,12.0,10
2,1,0,6,1,10.0,18
2,1,0,7,1,18.0,14
2,1,0,8,0,14.0,13
2,1,0,9,1,13.0,18
2,1,0,10,1,18.0,7
2,1,0,11,1,7.0,10
2,1,0,12,1,10.0,10
2,1,0,13,1,10.0,10
2,1,0,14,0,10.0,7
2,1,0,15,0,7.0,5
2,1,0,16,0,5.0,1
2,1,0,17,0,1.0,7
2,1,0,18,0,7.0,16
2,1,0,19,0,16.0,6
2,1,0,20,0,6.0,7
2,1,0,21,0,7.0,10
2,1,0,22,0,10.0,6
2,1,0,23,0,6.0,5
2,1,0,24,0,5.0,15
2,1,0,25,0,15.0,17
2,1,0,26,0,17.0,9
2,1,0,27,0,9.0,4
2,1,0,28,0,4.0,4
2,1,0,29,0,4.0,11
2,1,0,30,1,11.0,26
2,1,0,31,1,26.0,31
2,1,0,32,0,31.0,16
2,1,0,33,0,16.0,14
2,1,0,34,0,14.0,11
2,1,0,35,0,11.0,13
2,1,0,36,0,13.0,15
2,1,0,37,0,15.0,6
2,1,0,38,0,6.0,10
2,1,0,39,0,10.0,8
2,1,0,40,0,8.0,15
2,1,0,41,0,15.0,19
2,1,0,42,0,19.0,5
2,1,0,43,0,5.0,5
2,1,0,44,0,5.0,17
2,1,0,45,0,17.0,9
2,1,0,46,0,9.0,7
2,1,0,47,0,7.0,5
2,1,0,48,0,5.0,5
2,1,0,49,0,5.0,15
2,1,0,50,1,15.0,21
2,1,0,51,1,21.0,3
2,1,0,52,1,3.0,12
2,1,0,1,1,12.0,4
2,1,0,2,0,4.0,17
2,1,0,3,0,17.0,11
2,1,0,4,0,11.0,9
2,1,0,5,0,9.0,15
2,1,0,6,0,15.0,11
2,1,0,7,1,11.0,13
2,1,0,8,1,13.0,4
2,1,0,9,1,4.0,12
2,1,0,10,1,12.0,9
2,1,0,11,1,9.0,18
2,1,0,12,1,18.0,4
2,1,0,13,1,4.0,10
2,1,0,14,1,10.0,7
2,1,0,15,0,7.0,4
2,1,0,16,0,4.0,14
2,1,0,17,0,14.0,19
2,1,0,18,0,19.0,3
2,1,0,19,0,3.0,11
2,1,0,20,0,11.0,11
2,1,0,21,0,11.0,7
2,1,0,22,0,7.0,24
2,1,0,23,0,24.0,12
2,1,0,24,0,12.0,16
2,1,0,25,0,16.0,20
2,1,0,26,0,20.0,6
2,1,0,27,0,6.0,4
2,1,0,28,0,4.0,7
2,1,0,29,0,7.0,12
2,1,0,30,1,12.0,47
2,1,0,31,1,47.0,28
2,1,0,32,0,28.0,20
2,1,0,33,0,20.0,4
2,1,0,34,0,4.0,12
2,1,0,35,0,12.0,12
2,1,0,36,0,12.0,16
2,1,0,37,0,16.0,6
2,1,0,38,0,6.0,7
2,1,0,39,0,7.0,11
2,1,0,40,0,11.0,8
2,1,0,41,0,8.0,9
2,1,0,42,0,9.0,5
2,1,0,43,0,5.0,13
2,1,0,44,0,13.0,17
2,1,0,45,0,17.0,8
2,1,0,46,0,8.0,15
2,1,0,47,0,15.0,16
2,1,0,48,0,16.0,14
2,1,0,49,0,14.0,8
2,1,0,50,0,8.0,14
2,1,0,51,1,14.0,17
2,1,0,52,1,17.0,12
2,1,0,1,1,12.0,3
2,1,1,1,1,0.0,3
2,1,1,2,0,3.0,12
2,1,1,3,0,12.0,11
2,1,1,4,0,11.0,5
2,1,1,5,0,5.0,10
2,1,1,6,1,10.0,9
2,1,1,7,1,9.0,12
2,1,1,8,1,12.0,9
2,1,1,9,1,9.0,8
2,1,1,10,1,8.0,13
2,1,1,11,1,13.0,6
2,1,1,12,1,6.0,3
2,1,1,13,1,3.0,9
2,1,1,14,0,9.0,17
2,1,1,15,0,17.0,10
2,1,1,16,0,10.0,14
2,1,1,17,0,14.0,10
2,1,1,18,0,10.0,11
2,1,1,19,0,11.0,8
2,1,1,20,0,8.0,13
2,1,1,21,0,13.0,15
2,1,1,22,0,15.0,21
2,1,1,23,0,21.0,8
2,1,1,24,0,8.0,11
2,1,1,25,0,11.0,11
2,1,1,26,0,11.0,6
2,1,1,27,0,6.0,13
2,1,1,28,0,13.0,11
2,1,1,29,0,11.0,16
2,1,1,30,1,16.0,25
2,1,1,31,0,25.0,3
2,1,1,33,0,3.0,10
2,1,1,34,0,10.0,6
2,1,1,35,0,6.0,6
2,1,1,36,0,6.0,18
2,1,1,37,0,18.0,18
2,1,1,38,0,18.0,12
2,1,1,39,0,12.0,14
2,1,1,40,0,14.0,1
2,1,1,41,0,1.0,14
2,1,1,42,0,14.0,10
2,1,1,43,0,10.0,15
2,1,1,44,0,15.0,11
2,1,1,45,0,11.0,9
2,1,1,46,0,9.0,8
2,1,1,47,0,8.0,11
2,1,1,48,0,11.0,4
2,1,1,49,0,4.0,12
2,1,1,50,1,12.0,10
2,1,1,51,1,10.0,12
2,1,1,52,1,12.0,12
2,1,1,1,1,12.0,11
2,1,1,2,0,11.0,13
2,1,1,3,0,13.0,6
2,1,1,4,0,6.0,23
2,1,1,5,0,23.0,7
2,1,1,6,0,7.0,6
2,1,1,7,1,6.0,18
2,1,1,8,1,18.0,18
2,1,1,9,1,18.0,13
2,1,1,10,1,13.0,8
2,1,1,11,1,8.0,15
2,1,1,12,1,15.0,2
2,1,1,13,1,2.0,5
2,1,1,14,0,5.0,17
2,1,1,15,0,17.0,4
2,1,1,16,0,4.0,24
2,1,1,17,0,24.0,8
2,1,1,18,0,8.0,17
2,1,1,19,0,17.0,15
2,1,1,20,0,15.0,14
2,1,1,21,0,14.0,14
2,1,1,22,0,14.0,4
2,1,1,23,0,4.0,3
2,1,1,24,0,3.0,6
2,1,1,25,0,6.0,10
2,1,1,26,0,10.0,8
2,1,1,27,0,8.0,18
2,1,1,28,0,18.0,10
2,1,1,29,0,10.0,13
2,1,1,30,1,13.0,53
2,1,1,31,1,53.0,41
2,1,1,32,0,41.0,8
2,1,1,33,0,8.0,19
2,1,1,34,0,19.0,12
2,1,1,35,0,12.0,11
2,1,1,36,0,11.0,12
2,1,1,37,0,12.0,11
2,1,1,38,0,11.0,6
2,1,1,39,0,6.0,15
2,1,1,40,0,15.0,18
2,1,1,41,0,18.0,22
2,1,1,42,0,22.0,22
2,1,1,43,0,22.0,5
2,1,1,44,0,5.0,14
2,1,1,45,0,14.0,17
2,1,1,46,0,17.0,10
2,1,1,47,0,10.0,13
2,1,1,48,0,13.0,7
2,1,1,49,0,7.0,14
2,1,1,50,1,14.0,9
2,1,1,51,1,9.0,14
2,1,1,52,1,14.0,7
2,1,1,1,1,7.0,22
2,1,1,2,0,22.0,14
2,1,1,3,0,14.0,10
2,1,1,4,0,10.0,16
2,1,1,5,0,16.0,17
2,1,1,6,0,17.0,13
2,1,1,7,1,13.0,6
2,1,1,8,1,6.0,12
2,1,1,9,1,12.0,14
2,1,1,10,1,14.0,18
2,1,1,11,1,18.0,8
2,1,1,12,1,8.0,16
2,1,1,13,1,16.0,13
2,1,1,14,1,13.0,9
2,1,1,15,0,9.0,7
2,1,1,16,0,7.0,9
2,1,1,17,0,9.0,18
2,1,1,18,0,18.0,11
2,1,1,19,0,11.0,9
2,1,1,20,0,9.0,13
2,1,1,21,0,13.0,11
2,1,1,22,0,11.0,12
2,1,1,23,0,12.0,9
2,1,1,24,0,9.0,8
2,1,1,25,0,8.0,10
2,1,1,26,0,10.0,6
2,1,1,27,0,6.0,9
2,1,1,28,0,9.0,3
2,1,1,29,0,3.0,11
2,1,1,30,1,11.0,12
2,1,1,31,1,12.0,29
2,1,1,32,0,29.0,12
2,1,1,33,0,12.0,4
2,1,1,34,0,4.0,16
2,1,1,35,0,16.0,8
2,1,1,36,0,8.0,20
2,1,1,37,0,20.0,10
2,1,1,38,0,10.0,7
2,1,1,39,0,7.0,9
2,1,1,40,0,9.0,12
2,1,1,41,0,12.0,18
2,1,1,42,0,18.0,4
2,1,1,43,0,4.0,12
2,1,1,44,0,12.0,2
2,1,1,45,0,2.0,8
2,1,1,46,0,8.0,7
2,1,1,47,0,7.0,7
2,1,1,48,0,7.0,7
2,1,1,49,0,7.0,13
2,1,1,50,0,13.0,5
2,1,1,51,1,5.0,13
2,1,1,52,1,13.0,15
2,1,1,53,1,15.0,20
2,1,1,1,1,20.0,10
2,1,1,2,0,10.0,14
2,1,1,3,0,14.0,19
2,1,1,4,0,19.0,7
2,1,1,5,0,7.0,15
2,1,1,6,1,15.0,14
2,1,1,7,1,14.0,9
2,1,1,8,0,9.0,10
2,1,1,9,1,10.0,16
2,1,1,10,1,16.0,11
2,1,1,11,1,11.0,9
2,1,1,12,1,9.0,13
2,1,1,13,1,13.0,23
2,1,1,14,0,23.0,3
2,1,1,15,0,3.0,10
2,1,1,16,0,10.0,9
2,1,1,17,0,9.0,23
2,1,1,18,0,23.0,8
2,1,1,19,0,8.0,12
2,1,1,20,0,12.0,22
2,1,1,21,0,22.0,7
2,1,1,22,0,7.0,8
2,1,1,23,0,8.0,12
2,1,1,24,0,12.0,9
2,1,1,25,0,9.0,6
2,1,1,26,0,6.0,6
2,1,1,27,0,6.0,7
2,1,1,28,0,7.0,7
2,1,1,29,1,7.0,26
2,1,1,30,1,26.0,21
2,1,1,31,0,21.0,7
2,1,1,32,0,7.0,17
2,1,1,33,0,17.0,6
2,1,1,34,0,6.0,13
2,1,1,35,0,13.0,14
2,1,1,36,0,14.0,11
2,1,1,37,0,11.0,4
2,1,1,38,0,4.0,8
2,1,1,39,0,8.0,13
2,1,1,40,0,13.0,19
2,1,1,41,0,19.0,1
2,1,1,42,0,1.0,2
2,1,1,43,0,2.0,17
2,1,1,44,0,17.0,9
2,1,1,45,0,9.0,11
2,1,1,46,0,11.0,5
2,1,1,47,0,5.0,7
2,1,1,48,0,7.0,14
2,1,1,49,0,14.0,7
2,1,1,50,1,7.0,16
2,1,1,51,1,16.0,12
2,1,1,52,1,12.0,10
2,1,1,1,1,10.0,16
2,1,1,2,0,16.0,14
2,1,1,3,0,14.0,3
2,1,1,4,0,3.0,9
2,1,1,5,0,9.0,17
2,1,1,6,1,17.0,5
2,1,1,7,1,5.0,10
2,1,1,8,0,10.0,6
2,1,1,9,1,6.0,8
2,1,1,10,1,8.0,23
2,1,1,11,1,23.0,14
2,1,1,12,1,14.0,12
2,1,1,13,1,12.0,6
2,1,1,14,0,6.0,8
2,1,1,15,0,8.0,7
2,1,1,16,0,7.0,13
2,1,1,17,0,13.0,9
2,1,1,18,0,9.0,11
2,1,1,19,0,11.0,12
2,1,1,20,0,12.0,12
2,1,1,21,0,12.0,13
2,1,1,22,0,13.0,21
2,1,1,23,0,21.0,12
2,1,1,24,0,12.0,10
2,1,1,25,0,10.0,12
2,1,1,26,0,12.0,13
2,1,1,27,0,13.0,15
2,1,1,28,0,15.0,6
2,1,1,29,1,6.0,17
2,1,1,30,1,17.0,32
2,1,1,31,0,32.0,11
2,1,1,32,0,11.0,11
2,1,1,33,0,11.0,12
2,1,1,34,0,12.0,18
2,1,1,35,0,18.0,14
2,1,1,36,0,14.0,7
2,1,1,37,0,7.0,11
2,1,1,38,0,11.0,7
2,1,1,39,0,7.0,21
2,1,1,40,0,21.0,8
2,1,1,41,0,8.0,12
2,1,1,42,0,12.0,13
2,1,1,43,0,13.0,12
2,1,1,44,0,12.0,9
2,1,1,45,0,9.0,15
2,1,1,46,0,15.0,12
2,1,1,47,0,12.0,7
2,1,1,48,0,7.0,12
2,1,1,49,0,12.0,13
2,1,1,50,1,13.0,8
2,1,1,51,1,8.0,8
2,1,1,52,1,8.0,21
2,1,1,1,1,21.0,8
2,1,1,2,0,8.0,8
2,1,1,3,0,8.0,11
2,1,1,4,0,11.0,7
2,1,1,5,0,7.0,10
2,1,1,6,1,10.0,15
2,1,1,7,1,15.0,4
2,1,1,8,1,4.0,5
2,1,1,9,1,5.0,11
2,1,1,10,1,11.0,14
2,1,1,11,1,14.0,11
2,1,1,12,1,11.0,9
2,1,1,13,1,9.0,6
2,1,1,14,0,6.0,14
2,1,1,15,0,14.0,12
2,1,1,16,0,12.0,18
2,1,1,17,0,18.0,7
2,1,1,18,0,7.0,2
2,1,1,19,0,2.0,8
2,1,1,20,0,8.0,22
2,1,1,21,0,22.0,6
2,1,1,22,0,6.0,5
2,1,1,23,0,5.0,11
2,1,1,24,0,11.0,8
2,1,1,25,0,8.0,8
2,1,1,26,0,8.0,12
2,1,1,27,0,12.0,3
2,1,1,28,0,3.0,19
2,1,1,29,1,19.0,41
2,1,1,30,1,41.0,27
2,1,1,31,0,27.0,13
2,1,1,32,0,13.0,7
2,1,1,33,0,7.0,14
2,1,1,34,0,14.0,10
2,1,1,35,0,10.0,22
2,1,1,36,0,22.0,10
2,1,1,37,0,10.0,10
2,1,1,38,0,10.0,14
2,1,1,39,0,14.0,12
2,1,1,40,0,12.0,11
2,1,1,41,0,11.0,9
2,1,1,42,0,9.0,8
2,1,1,43,0,8.0,2
2,1,1,44,0,2.0,13
2,1,1,45,0,13.0,13
2,1,1,46,0,13.0,8
2,1,1,47,0,8.0,14
2,1,1,48,0,14.0,6
2,1,1,49,0,6.0,8
2,1,1,50,1,8.0,14
2,1,1,51,1,14.0,8
2,1,1,52,1,8.0,7
2,1,1,1,1,7.0,8
2,1,1,2,0,8.0,11
2,1,1,3,0,11.0,10
2,1,1,4,0,10.0,31
2,1,1,5,0,31.0,17
2,1,1,6,1,17.0,10
2,1,1,7,1,10.0,16
2,1,1,8,1,16.0,5
2,1,1,9,1,5.0,13
2,1,1,10,1,13.0,10
2,1,1,11,1,10.0,11
2,1,1,12,1,11.0,10
2,1,1,13,1,10.0,17
2,1,1,14,0,17.0,8
2,1,1,15,0,8.0,9
2,1,1,16,0,9.0,14
2,1,1,17,0,14.0,6
2,1,1,18,0,6.0,17
2,1,1,19,0,17.0,11
2,1,1,20,0,11.0,10
2,1,1,21,0,10.0,20
2,1,1,22,0,20.0,9
2,1,1,23,0,9.0,20
2,1,1,24,0,20.0,12
2,1,1,25,0,12.0,4
2,1,1,26,0,4.0,16
2,1,1,27,0,16.0,12
2,1,1,28,0,12.0,5
2,1,1,29,0,5.0,11
2,1,1,30,1,11.0,75
2,1,1,31,0,75.0,1
2,1,1,32,0,1.0,12
2,1,1,33,0,12.0,6
2,1,1,34,0,6.0,11
2,1,1,35,0,11.0,11
2,1,1,36,0,11.0,13
2,1,1,37,0,13.0,17
2,1,1,38,0,17.0,7
2,1,1,39,0,7.0,7
2,1,1,40,0,7.0,20
2,1,1,41,0,20.0,12
2,1,1,42,0,12.0,24
2,1,1,43,0,24.0,4
2,1,1,44,0,4.0,4
2,1,1,45,0,4.0,9
2,1,1,46,0,9.0,11
2,1,1,47,0,11.0,13
2,1,1,48,0,13.0,24
2,1,1,49,0,24.0,3
2,1,1,50,1,3.0,10
2,1,1,51,1,10.0,6
2,1,1,52,1,6.0,10
2,1,1,1,1,10.0,14
2,1,1,2,0,14.0,15
2,1,1,3,0,15.0,5
2,1,1,4,0,5.0,8
2,1,1,5,0,8.0,18
2,1,1,6,0,18.0,7
2,1,1,7,1,7.0,11
2,1,1,8,1,11.0,13
2,1,1,9,1,13.0,16
2,1,1,10,1,16.0,11
2,1,1,11,1,11.0,14
2,1,1,12,1,14.0,21
2,1,1,13,1,21.0,23
2,1,1,14,0,23.0,8
2,1,1,15,0,8.0,7
2,1,1,16,0,7.0,8
2,1,1,17,0,8.0,8
2,1,1,18,0,8.0,8
2,1,1,19,0,8.0,6
2,1,1,20,0,6.0,30
2,1,1,21,0,30.0,8
2,1,1,22,0,8.0,10
2,1,1,23,0,10.0,6
2,1,1,24,0,6.0,19
2,1,1,25,0,19.0,12
2,1,1,26,0,12.0,10
2,1,1,27,0,10.0,22
2,1,1,28,0,22.0,8
2,1,1,29,0,8.0,9
2,1,1,30,1,9.0,55
2,1,1,31,1,55.0,21
2,1,1,32,0,21.0,7
2,1,1,33,0,7.0,2
2,1,1,34,0,2.0,12
2,1,1,35,0,12.0,23
2,1,1,36,0,23.0,5
2,1,1,37,0,5.0,7
2,1,1,38,0,7.0,7
2,1,1,39,0,7.0,23
2,1,1,40,0,23.0,8
2,1,1,41,0,8.0,14
2,1,1,42,0,14.0,6
2,1,1,43,0,6.0,3
2,1,1,44,0,3.0,10
2,1,1,45,0,10.0,14
2,1,1,46,0,14.0,10
2,1,1,47,0,10.0,4
2,1,1,48,0,4.0,2
2,1,1,49,0,2.0,16
2,1,1,50,0,16.0,8
2,1,1,51,1,8.0,7
2,1,1,52,1,7.0,4
2,1,1,1,1,4.0,1
2,1,2,1,1,0.0,12
2,1,2,2,0,12.0,1
2,1,2,3,0,1.0,11
2,1,2,4,0,11.0,11
2,1,2,5,0,11.0,13
2,1,2,6,0,13.0,5
2,1,2,7,1,5.0,12
2,1,2,8,1,12.0,12
2,1,2,9,1,12.0,7
2,1,2,10,1,7.0,11
2,1,2,11,1,11.0,19
2,1,2,12,1,19.0,13
2,1,2,13,1,13.0,12
2,1,2,14,0,12.0,2
2,1,2,15,0,2.0,5
2,1,2,16,0,5.0,6
2,1,2,17,0,6.0,16
2,1,2,18,0,16.0,7
2,1,2,19,0,7.0,6
2,1,2,20,0,6.0,4
2,1,2,21,0,4.0,12
2,1,2,22,0,12.0,11
2,1,2,23,0,11.0,14
2,1,2,24,0,14.0,14
2,1,2,25,0,14.0,22
2,1,2,26,0,22.0,7
2,1,2,27,0,7.0,12
2,1,2,28,0,12.0,8
2,1,2,30,1,8.0,50
2,1,2,31,0,50.0,10
2,1,2,32,0,10.0,7
2,1,2,33,0,7.0,7
2,1,2,34,0,7.0,13
2,1,2,35,0,13.0,15
2,1,2,36,0,15.0,12
2,1,2,37,0,12.0,3
2,1,2,38,0,3.0,13
2,1,2,39,0,13.0,16
2,1,2,40,0,16.0,13
2,1,2,41,0,13.0,23
2,1,2,42,0,23.0,7
2,1,2,43,0,7.0,9
2,1,2,44,0,9.0,14
2,1,2,45,0,14.0,27
2,1,2,46,0,27.0,4
2,1,2,47,0,4.0,8
2,1,2,48,0,8.0,6
2,1,2,49,0,6.0,15
2,1,2,50,1,15.0,4
2,1,2,51,1,4.0,8
2,1,2,52,1,8.0,7
2,1,2,1,1,7.0,11
2,1,2,2,0,11.0,13
2,1,2,3,0,13.0,14
2,1,2,4,0,14.0,18
2,1,2,5,0,18.0,6
2,1,2,6,1,6.0,10
2,1,2,7,1,10.0,16
2,1,2,8,1,16.0,12
2,1,2,9,1,12.0,20
2,1,2,10,1,20.0,11
2,1,2,11,1,11.0,5
2,1,2,12,1,5.0,19
2,1,2,13,1,19.0,7
2,1,2,14,0,7.0,12
2,1,2,15,0,12.0,5
2,1,2,16,0,5.0,17
2,1,2,17,0,17.0,9
2,1,2,18,0,9.0,10
2,1,2,19,0,10.0,14
2,1,2,20,0,14.0,21
2,1,2,21,0,21.0,13
2,1,2,22,0,13.0,11
2,1,2,23,0,11.0,5
2,1,2,24,0,5.0,13
2,1,2,25,0,13.0,9
2,1,2,26,0,9.0,14
2,1,2,27,0,14.0,19
2,1,2,28,0,19.0,6
2,1,2,29,0,6.0,18
2,1,2,30,1,18.0,50
2,1,2,31,1,50.0,35
2,1,2,32,0,35.0,16
2,1,2,33,0,16.0,7
2,1,2,34,0,7.0,5
2,1,2,35,0,5.0,18
2,1,2,36,0,18.0,18
2,1,2,37,0,18.0,2
2,1,2,38,0,2.0,11
2,1,2,39,0,11.0,15
2,1,2,40,0,15.0,9
2,1,2,41,0,9.0,11
2,1,2,42,0,11.0,10
2,1,2,43,0,10.0,11
2,1,2,44,0,11.0,9
2,1,2,45,0,9.0,7
2,1,2,46,0,7.0,22
2,1,2,47,0,22.0,21
2,1,2,48,0,21.0,20
2,1,2,49,0,20.0,11
2,1,2,50,1,11.0,8
2,1,2,51,1,8.0,27
2,1,2,52,1,27.0,23
2,1,2,1,1,23.0,8
2,1,2,2,0,8.0,10
2,1,2,3,0,10.0,14
2,1,2,4,0,14.0,10
2,1,2,5,0,10.0,11
2,1,2,6,0,11.0,16
2,1,2,7,1,16.0,11
2,1,2,8,1,11.0,15
2,1,2,9,0,15.0,16
2,1,2,10,1,16.0,11
2,1,2,11,1,11.0,10
2,1,2,12,1,10.0,9
2,1,2,13,1,9.0,18
2,1,2,14,1,18.0,5
2,1,2,15,0,5.0,14
2,1,2,16,0,14.0,8
2,1,2,17,0,8.0,18
2,1,2,18,0,18.0,8
2,1,2,19,0,8.0,11
2,1,2,20,0,11.0,7
2,1,2,21,0,7.0,4
2,1,2,22,0,4.0,7
2,1,2,23,0,7.0,13
2,1,2,24,0,13.0,7
2,1,2,25,0,7.0,3
2,1,2,26,0,3.0,22
2,1,2,27,0,22.0,2
2,1,2,28,0,2.0,8
2,1,2,29,0,8.0,15
2,1,2,30,1,15.0,29
2,1,2,31,1,29.0,19
2,1,2,32,0,19.0,20
2,1,2,33,0,20.0,12
2,1,2,34,0,12.0,7
2,1,2,35,0,7.0,12
2,1,2,36,0,12.0,19
2,1,2,37,0,19.0,5
2,1,2,38,0,5.0,9
2,1,2,39,0,9.0,9
2,1,2,40,0,9.0,13
2,1,2,41,0,13.0,8
2,1,2,42,0,8.0,9
2,1,2,43,0,9.0,9
2,1,2,44,0,9.0,11
2,1,2,45,0,11.0,8
2,1,2,46,0,8.0,5
2,1,2,47,0,5.0,15
2,1,2,48,0,15.0,1
2,1,2,49,0,1.0,9
2,1,2,50,0,9.0,22
2,1,2,51,1,22.0,10
2,1,2,52,1,10.0,15
2,1,2,53,1,15.0,10
2,1,2,1,1,10.0,8
2,1,2,2,0,8.0,14
2,1,2,3,0,14.0,5
2,1,2,4,0,5.0,15
2,1,2,5,0,15.0,10
2,1,2,6,1,10.0,18
2,1,2,7,1,18.0,25
2,1,2,8,0,25.0,3
2,1,2,9,1,3.0,17
2,1,2,10,1,17.0,11
2,1,2,11,1,11.0,9
2,1,2,12,1,9.0,10
2,1,2,13,1,10.0,6
2,1,2,14,0,6.0,7
2,1,2,15,0,7.0,9
2,1,2,16,0,9.0,18
2,1,2,17,0,18.0,13
2,1,2,18,0,13.0,10
2,1,2,19,0,10.0,5
2,1,2,20,0,5.0,3
2,1,2,21,0,3.0,9
2,1,2,22,0,9.0,23
2,1,2,23,0,23.0,10
2,1,2,24,0,10.0,8
2,1,2,25,0,8.0,8
2,1,2,26,0,8.0,4
2,1,2,27,0,4.0,5
2,1,2,28,0,5.0,12
2,1,2,29,1,12.0,23
2,1,2,30,1,23.0,66
2,1,2,31,0,66.0,18
2,1,2,32,0,18.0,7
2,1,2,33,0,7.0,8
2,1,2,34,0,8.0,10
2,1,2,35,0,10.0,13
2,1,2,36,0,13.0,11
2,1,2,37,0,11.0,12
2,1,2,38,0,12.0,9
2,1,2,39,0,9.0,7
2,1,2,40,0,7.0,5
2,1,2,41,0,5.0,8
2,1,2,42,0,8.0,12
2,1,2,43,0,12.0,11
2,1,2,44,0,11.0,8
2,1,2,45,0,8.0,18
2,1,2,46,0,18.0,8
2,1,2,47,0,8.0,3
2,1,2,48,0,3.0,18
2,1,2,49,0,18.0,12
2,1,2,50,1,12.0,14
2,1,2,51,1,14.0,4
2,1,2,52,1,4.0,15
2,1,2,1,1,15.0,19
2,1,2,2,0,19.0,12
2,1,2,3,0,12.0,8
2,1,2,4,0,8.0,16
2,1,2,5,0,16.0,7
2,1,2,6,1,7.0,15
2,1,2,7,1,15.0,7
2,1,2,8,0,7.0,19
2,1,2,9,1,19.0,10
2,1,2,10,1,10.0,14
2,1,2,11,1,14.0,19
2,1,2,12,1,19.0,6
2,1,2,13,1,6.0,10
2,1,2,14,0,10.0,9
2,1,2,15,0,9.0,12
2,1,2,16,0,12.0,2
2,1,2,17,0,2.0,4
2,1,2,18,0,4.0,7
2,1,2,19,0,7.0,12
2,1,2,20,0,12.0,11
2,1,2,21,0,11.0,7
2,1,2,22,0,7.0,8
2,1,2,24,0,8.0,12
2,1,2,25,0,12.0,13
2,1,2,26,0,13.0,5
2,1,2,27,0,5.0,4
2,1,2,28,0,4.0,14
2,1,2,29,1,14.0,28
2,1,2,30,1,28.0,39
2,1,2,31,0,39.0,10
2,1,2,32,0,10.0,8
2,1,2,33,0,8.0,9
2,1,2,34,0,9.0,7
2,1,2,35,0,7.0,9
2,1,2,36,0,9.0,6
2,1,2,37,0,6.0,2
2,1,2,38,0,2.0,12
2,1,2,39,0,12.0,12
2,1,2,40,0,12.0,4
2,1,2,41,0,4.0,13
2,1,2,42,0,13.0,16
2,1,2,43,0,16.0,9
2,1,2,44,0,9.0,10
2,1,2,45,0,10.0,19
2,1,2,46,0,19.0,18
2,1,2,47,0,18.0,11
2,1,2,48,0,11.0,4
2,1,2,49,0,4.0,9
2,1,2,50,1,9.0,8
2,1,2,51,1,8.0,11
2,1,2,52,1,11.0,4
2,1,2,1,1,4.0,7
2,1,2,2,0,7.0,5
2,1,2,3,0,5.0,7
2,1,2,4,0,7.0,7
2,1,2,5,0,7.0,9
2,1,2,6,1,9.0,11
2,1,2,7,1,11.0,11
2,1,2,8,0,11.0,10
2,1,2,9,1,10.0,7
2,1,2,10,1,7.0,18
2,1,2,11,1,18.0,11
2,1,2,12,1,11.0,6
2,1,2,13,1,6.0,9
2,1,2,14,0,9.0,5
2,1,2,15,0,5.0,4
2,1,2,16,0,4.0,12
2,1,2,17,0,12.0,4
2,1,2,18,0,4.0,9
2,1,2,19,0,9.0,7
2,1,2,20,0,7.0,10
2,1,2,21,0,10.0,9
2,1,2,22,0,9.0,6
2,1,2,23,0,6.0,19
2,1,2,24,0,19.0,14
2,1,2,25,0,14.0,10
2,1,2,26,0,10.0,10
2,1,2,27,0,10.0,20
2,1,2,28,0,20.0,21
2,1,2,29,1,21.0,34
2,1,2,30,1,34.0,97
2,1,2,31,0,97.0,11
2,1,2,32,0,11.0,15
2,1,2,33,0,15.0,10
2,1,2,34,0,10.0,16
2,1,2,35,0,16.0,14
2,1,2,36,0,14.0,6
2,1,2,37,0,6.0,17
2,1,2,38,0,17.0,5
2,1,2,39,0,5.0,15
2,1,2,40,0,15.0,15
2,1,2,41,0,15.0,14
2,1,2,42,0,14.0,7
2,1,2,43,0,7.0,18
2,1,2,44,0,18.0,2
2,1,2,45,0,2.0,12
2,1,2,46,0,12.0,10
2,1,2,47,0,10.0,8
2,1,2,48,0,8.0,5
2,1,2,49,0,5.0,11
2,1,2,50,1,11.0,14
2,1,2,51,1,14.0,15
2,1,2,52,1,15.0,9
2,1,2,1,1,9.0,14
2,1,2,2,0,14.0,15
2,1,2,3,0,15.0,10
2,1,2,5,0,10.0,8
2,1,2,6,1,8.0,3
2,1,2,7,1,3.0,7
2,1,2,8,1,7.0,13
2,1,2,9,1,13.0,3
2,1,2,10,1,3.0,7
2,1,2,11,1,7.0,10
2,1,2,12,1,10.0,4
2,1,2,13,1,4.0,2
2,1,2,14,0,2.0,11
2,1,2,15,0,11.0,9
2,1,2,16,0,9.0,13
2,1,2,17,0,13.0,11
2,1,2,18,0,11.0,8
2,1,2,19,0,8.0,13
2,1,2,20,0,13.0,23
2,1,2,21,0,23.0,10
2,1,2,22,0,10.0,17
2,1,2,23,0,17.0,10
2,1,2,24,0,10.0,10
2,1,2,25,0,10.0,10
2,1,2,26,0,10.0,14
2,1,2,27,0,14.0,13
2,1,2,28,0,13.0,9
2,1,2,29,0,9.0,4
2,1,2,30,1,4.0,75
2,1,2,31,1,75.0,36
2,1,2,32,0,36.0,9
2,1,2,33,0,9.0,8
2,1,2,34,0,8.0,13
2,1,2,35,0,13.0,13
2,1,2,36,0,13.0,9
2,1,2,37,0,9.0,13
2,1,2,38,0,13.0,14
2,1,2,39,0,14.0,6
2,1,2,40,0,6.0,7
2,1,2,41,0,7.0,11
2,1,2,42,0,11.0,11
2,1,2,43,0,11.0,3
2,1,2,44,0,3.0,21
2,1,2,45,0,21.0,16
2,1,2,46,0,16.0,5
2,1,2,47,0,5.0,14
2,1,2,48,0,14.0,10
2,1,2,49,0,10.0,6
2,1,2,50,0,6.0,7
2,1,2,51,1,7.0,11
2,1,2,52,1,11.0,6
2,1,2,1,1,6.0,8
2,1,2,2,0,8.0,7
2,1,2,3,0,7.0,8
2,1,2,4,0,8.0,6
2,1,2,5,0,6.0,14
2,1,2,6,0,14.0,5
2,1,2,7,1,5.0,5
2,1,2,8,1,5.0,17
2,1,2,9,1,17.0,8
2,1,2,10,1,8.0,4
2,1,2,11,1,4.0,10
2,1,2,12,1,10.0,12
2,1,2,13,1,12.0,3
2,1,2,14,0,3.0,13
2,1,2,15,0,13.0,12
2,1,2,16,0,12.0,6
2,1,2,17,0,6.0,12
2,1,2,18,0,12.0,5
2,1,2,19,0,5.0,13
2,1,2,20,0,13.0,7
2,1,2,21,0,7.0,13
2,1,2,22,0,13.0,7
2,1,2,23,0,7.0,6
2,1,2,24,0,6.0,3
2,1,2,25,0,3.0,11
2,1,2,26,0,11.0,17
2,1,2,27,0,17.0,9
2,1,2,28,0,9.0,12
2,1,2,29,0,12.0,11
2,1,2,30,1,11.0,17
2,1,2,31,1,17.0,29
2,1,2,32,0,29.0,22
2,1,2,33,0,22.0,17
2,1,2,34,0,17.0,20
2,1,2,35,0,20.0,12
2,1,2,36,0,12.0,15
2,1,2,37,0,15.0,2
2,1,2,38,0,2.0,15
2,1,2,39,0,15.0,11
2,1,2,40,0,11.0,5
2,1,2,41,0,5.0,12
2,1,2,42,0,12.0,6
2,1,2,43,0,6.0,5
2,1,2,44,0,5.0,7
2,1,2,45,0,7.0,3
2,1,2,46,0,3.0,11
2,1,2,47,0,11.0,15
2,1,2,48,0,15.0,11
2,1,2,49,0,11.0,18
2,1,2,50,0,18.0,7
2,1,2,51,1,7.0,6
2,1,2,52,1,6.0,10
2,1,2,1,1,10.0,3
2,2,0,1,1,0.0,12
2,2,0,2,0,12.0,9
2,2,0,3,0,9.0,12
2,2,0,4,0,12.0,16
2,2,0,5,0,16.0,10
2,2,0,6,1,10.0,34
2,2,0,7,1,34.0,79
2,2,0,8,1,79.0,29
2,2,0,9,1,29.0,10
2,2,0,10,1,10.0,7
2,2,0,11,1,7.0,12
2,2,0,12,1,12.0,1
2,2,0,13,1,1.0,23
2,2,0,14,0,23.0,9
2,2,0,15,0,9.0,9
2,2,0,16,0,9.0,9
2,2,0,17,0,9.0,7
2,2,0,18,0,7.0,6
2,2,0,19,0,6.0,8
2,2,0,20,0,8.0,11
2,2,0,21,0,11.0,11
2,2,0,22,0,11.0,13
2,2,0,23,0,13.0,22
2,2,0,24,0,22.0,5
2,2,0,25,0,5.0,15
2,2,0,26,0,15.0,6
2,2,0,27,0,6.0,10
2,2,0,28,0,10.0,11
2,2,0,29,1,11.0,4
2,2,0,30,1,4.0,10
2,2,0,31,1,10.0,18
2,2,0,32,0,18.0,11
2,2,0,33,0,11.0,10
2,2,0,34,0,10.0,5
2,2,0,35,0,5.0,12
2,2,0,36,0,12.0,17
2,2,0,37,0,17.0,5
2,2,0,38,0,5.0,16
2,2,0,39,0,16.0,5
2,2,0,40,0,5.0,1
2,2,0,41,0,1.0,21
2,2,0,42,0,21.0,5
2,2,0,43,0,5.0,6
2,2,0,44,0,6.0,20
2,2,0,45,0,20.0,18
2,2,0,46,0,18.0,16
2,2,0,47,0,16.0,16
2,2,0,48,0,16.0,16
2,2,0,49,0,16.0,16
2,2,0,50,0,16.0,6
2,2,0,51,1,6.0,14
2,2,0,52,1,14.0,11
2,2,0,1,1,11.0,12
2,2,0,2,0,12.0,7
2,2,0,3,0,7.0,10
2,2,0,4,0,10.0,10
2,2,0,5,0,10.0,3
2,2,0,6,1,3.0,22
2,2,0,7,1,22.0,59
2,2,0,8,1,59.0,48
2,2,0,9,1,48.0,10
2,2,0,10,1,10.0,13
2,2,0,11,1,13.0,7
2,2,0,12,1,7.0,2
2,2,0,13,1,2.0,16
2,2,0,14,0,16.0,9
2,2,0,15,0,9.0,5
2,2,0,16,0,5.0,9
2,2,0,17,0,9.0,10
2,2,0,18,0,10.0,14
2,2,0,19,0,14.0,8
2,2,0,20,0,8.0,13
2,2,0,21,0,13.0,6
2,2,0,22,0,6.0,13
2,2,0,23,0,13.0,8
2,2,0,24,0,8.0,15
2,2,0,25,0,15.0,9
2,2,0,26,0,9.0,13
2,2,0,27,0,13.0,16
2,2,0,28,0,16.0,11
2,2,0,29,0,11.0,21
2,2,0,30,1,21.0,21
2,2,0,31,1,21.0,17
2,2,0,32,0,17.0,7
2,2,0,33,0,7.0,9
2,2,0,34,0,9.0,10
2,2,0,35,0,10.0,5
2,2,0,36,0,5.0,13
2,2,0,37,0,13.0,6
2,2,0,38,0,6.0,3
2,2,0,39,0,3.0,13
2,2,0,40,0,13.0,9
2,2,0,41,0,9.0,4
2,2,0,42,0,4.0,15
2,2,0,43,0,15.0,16
2,2,0,44,0,16.0,5
2,2,0,45,0,5.0,18
2,2,0,46,0,18.0,4
2,2,0,47,0,4.0,6
2,2,0,48,0,6.0,7
2,2,0,49,0,7.0,13
2,2,0,50,1,13.0,3
2,2,0,51,1,3.0,19
2,2,0,52,1,19.0,18
2,2,0,1,1,18.0,14
2,2,0,2,0,14.0,11
2,2,0,3,0,11.0,17
2,2,0,4,0,17.0,10
2,2,0,5,0,10.0,6
2,2,0,6,0,6.0,5
2,2,0,7,1,5.0,31
2,2,0,8,1,31.0,59
2,2,0,9,0,59.0,7
2,2,0,10,1,7.0,11
2,2,0,11,1,11.0,14
2,2,0,12,1,14.0,11
2,2,0,13,1,11.0,5
2,2,0,14,0,5.0,11
2,2,0,15,0,11.0,10
2,2,0,16,0,10.0,11
2,2,0,17,0,11.0,12
2,2,0,18,0,12.0,15
2,2,0,19,0,15.0,12
2,2,0,20,0,12.0,5
2,2,0,21,0,5.0,14
2,2,0,22,0,14.0,10
2,2,0,23,0,10.0,25
2,2,0,24,0,25.0,2
2,2,0,25,0,2.0,20
2,2,0,26,0,20.0,3
2,2,0,27,0,3.0,3
2,2,0,28,0,3.0,10
2,2,0,29,0,10.0,19
2,2,0,30,1,19.0,6
2,2,0,31,1,6.0,13
2,2,0,32,0,13.0,6
2,2,0,33,0,6.0,10
2,2,0,34,0,10.0,15
2,2,0,35,0,15.0,20
2,2,0,36,0,20.0,6
2,2,0,37,0,6.0,15
2,2,0,38,0,15.0,10
2,2,0,39,0,10.0,21
2,2,0,40,0,21.0,10
2,2,0,41,0,10.0,16
2,2,0,42,0,16.0,7
2,2,0,43,0,7.0,16
2,2,0,44,0,16.0,3
2,2,0,45,0,3.0,11
2,2,0,46,0,11.0,7
2,2,0,47,0,7.0,6
2,2,0,48,0,6.0,10
2,2,0,49,0,10.0,14
2,2,0,50,0,14.0,28
2,2,0,51,1,28.0,18
2,2,0,52,1,18.0,5
2,2,0,53,1,5.0,14
2,2,0,1,1,14.0,12
2,2,0,2,0,12.0,26
2,2,0,3,0,26.0,3
2,2,0,4,0,3.0,13
2,2,0,5,0,13.0,4
2,2,0,7,1,4.0,117
2,2,0,8,0,117.0,1
2,2,0,9,1,1.0,9
2,2,0,10,1,9.0,8
2,2,0,11,1,8.0,12
2,2,0,12,1,12.0,10
2,2,0,13,1,10.0,11
2,2,0,14,0,11.0,17
2,2,0,15,0,17.0,8
2,2,0,16,0,8.0,8
2,2,0,17,0,8.0,5
2,2,0,18,0,5.0,6
2,2,0,19,0,6.0,3
2,2,0,20,0,3.0,9
2,2,0,21,0,9.0,11
2,2,0,22,0,11.0,18
2,2,0,23,0,18.0,10
2,2,0,24,0,10.0,5
2,2,0,25,0,5.0,7
2,2,0,26,0,7.0,1
2,2,0,27,0,1.0,9
2,2,0,28,0,9.0,11
2,2,0,29,1,11.0,19
2,2,0,30,1,19.0,11
2,2,0,31,0,11.0,3
2,2,0,32,0,3.0,14
2,2,0,33,0,14.0,7
2,2,0,34,0,7.0,18
2,2,0,35,0,18.0,9
2,2,0,36,0,9.0,8
2,2,0,37,0,8.0,10
2,2,0,38,0,10.0,6
2,2,0,39,0,6.0,13
2,2,0,40,0,13.0,10
2,2,0,41,0,10.0,21
2,2,0,42,0,21.0,13
2,2,0,43,0,13.0,6
2,2,0,44,0,6.0,14
2,2,0,45,0,14.0,18
2,2,0,46,0,18.0,9
2,2,0,47,0,9.0,14
2,2,0,48,0,14.0,8
2,2,0,49,0,8.0,3
2,2,0,50,1,3.0,6
2,2,0,51,1,6.0,17
2,2,0,52,1,17.0,17
2,2,0,1,1,17.0,9
2,2,0,2,0,9.0,10
2,2,0,3,0,10.0,5
2,2,0,4,0,5.0,4
2,2,0,5,0,4.0,5
2,2,0,6,1,5.0,91
2,2,0,7,1,91.0,109
2,2,0,8,0,109.0,3
2,2,0,9,1,3.0,13
2,2,0,10,1,13.0,8
2,2,0,11,1,8.0,12
2,2,0,12,1,12.0,16
2,2,0,13,1,16.0,8
2,2,0,14,0,8.0,4
2,2,0,15,0,4.0,5
2,2,0,16,0,5.0,18
2,2,0,17,0,18.0,9
2,2,0,18,0,9.0,12
2,2,0,19,0,12.0,16
2,2,0,20,0,16.0,8
2,2,0,21,0,8.0,10
2,2,0,22,0,10.0,6
2,2,0,23,0,6.0,8
2,2,0,24,0,8.0,14
2,2,0,25,0,14.0,6
2,2,0,26,0,6.0,24
2,2,0,27,0,24.0,10
2,2,0,28,0,10.0,6
2,2,0,29,1,6.0,15
2,2,0,30,1,15.0,9
2,2,0,31,0,9.0,11
2,2,0,32,0,11.0,13
2,2,0,33,0,13.0,16
2,2,0,34,0,16.0,3
2,2,0,35,0,3.0,12
2,2,0,36,0,12.0,5
2,2,0,37,0,5.0,16
2,2,0,38,0,16.0,8
2,2,0,39,0,8.0,18
2,2,0,40,0,18.0,14
2,2,0,41,0,14.0,17
2,2,0,42,0,17.0,14
2,2,0,43,0,14.0,8
2,2,0,44,0,8.0,16
2,2,0,45,0,16.0,7
2,2,0,46,0,7.0,16
2,2,0,47,0,16.0,9
2,2,0,49,0,9.0,5
2,2,0,50,1,5.0,12
2,2,0,51,1,12.0,7
2,2,0,52,1,7.0,10
2,2,0,1,1,10.0,15
2,2,0,2,0,15.0,3
2,2,0,3,0,3.0,10
2,2,0,4,0,10.0,15
2,2,0,5,0,15.0,5
2,2,0,6,1,5.0,55
2,2,0,7,1,55.0,144
2,2,0,8,1,144.0,24
2,2,0,9,1,24.0,12
2,2,0,10,1,12.0,15
2,2,0,11,1,15.0,3
2,2,0,12,1,3.0,9
2,2,0,13,1,9.0,7
2,2,0,14,0,7.0,9
2,2,0,15,0,9.0,9
2,2,0,16,0,9.0,18
2,2,0,17,0,18.0,15
2,2,0,18,0,15.0,14
2,2,0,19,0,14.0,3
2,2,0,20,0,3.0,16
2,2,0,21,0,16.0,11
2,2,0,22,0,11.0,4
2,2,0,23,0,4.0,13
2,2,0,24,0,13.0,9
2,2,0,25,0,9.0,11
2,2,0,26,0,11.0,7
2,2,0,27,0,7.0,12
2,2,0,28,0,12.0,5
2,2,0,29,0,5.0,5
2,2,0,30,1,5.0,9
2,2,0,31,1,9.0,6
2,2,0,32,0,6.0,13
2,2,0,33,0,13.0,9
2,2,0,34,0,9.0,9
2,2,0,35,0,9.0,4
2,2,0,36,0,4.0,11
2,2,0,37,0,11.0,12
2,2,0,38,0,12.0,7
2,2,0,39,0,7.0,12
2,2,0,40,0,12.0,14
2,2,0,41,0,14.0,8
2,2,0,42,0,8.0,6
2,2,0,43,0,6.0,27
2,2,0,44,0,27.0,9
2,2,0,45,0,9.0,17
2,2,0,46,0,17.0,2
2,2,0,47,0,2.0,6
2,2,0,48,0,6.0,6
2,2,0,49,0,6.0,10
2,2,0,50,1,10.0,6
2,2,0,51,1,6.0,11
2,2,0,52,1,11.0,14
2,2,0,1,1,14.0,9
2,2,0,2,0,9.0,7
2,2,0,3,0,7.0,9
2,2,0,4,0,9.0,11
2,2,0,5,0,11.0,15
2,2,0,6,1,15.0,16
2,2,0,7,1,16.0,74
2,2,0,8,0,74.0,12
2,2,0,9,1,12.0,11
2,2,0,10,1,11.0,23
2,2,0,11,1,23.0,12
2,2,0,12,1,12.0,9
2,2,0,13,1,9.0,5
2,2,0,14,0,5.0,12
2,2,0,15,0,12.0,4
2,2,0,16,0,4.0,13
2,2,0,17,0,13.0,8
2,2,0,18,0,8.0,13
2,2,0,19,0,13.0,7
2,2,0,20,0,7.0,12
2,2,0,21,0,12.0,14
2,2,0,22,0,14.0,10
2,2,0,23,0,10.0,5
2,2,0,24,0,5.0,13
2,2,0,25,0,13.0,5
2,2,0,26,0,5.0,12
2,2,0,27,0,12.0,12
2,2,0,28,0,12.0,16
2,2,0,29,0,16.0,12
2,2,0,30,1,12.0,22
2,2,0,31,1,22.0,14
2,2,0,32,0,14.0,19
2,2,0,33,0,19.0,12
2,2,0,34,0,12.0,14
2,2,0,35,0,14.0,11
2,2,0,36,0,11.0,4
2,2,0,37,0,4.0,16
2,2,0,38,0,16.0,16
2,2,0,39,0,16.0,15
2,2,0,40,0,15.0,14
2,2,0,41,0,14.0,9
2,2,0,42,0,9.0,19
2,2,0,43,0,19.0,11
2,2,0,44,0,11.0,15
2,2,0,45,0,15.0,5
2,2,0,46,0,5.0,10
2,2,0,47,0,10.0,10
2,2,0,48,0,10.0,12
2,2,0,49,0,12.0,25
2,2,0,50,0,25.0,5
2,2,0,51,1,5.0,7
2,2,0,52,1,7.0,11
2,2,0,1,1,11.0,10
2,2,0,2,0,10.0,18
2,2,0,3,0,18.0,6
2,2,0,4,0,6.0,8
2,2,0,5,0,8.0,9
2,2,0,6,0,9.0,22
2,2,0,7,1,22.0,83
2,2,0,8,1,83.0,63
2,2,0,9,0,63.0,7
2,2,0,10,1,7.0,9
2,2,0,11,1,9.0,5
2,2,0,12,1,5.0,10
2,2,0,13,1,10.0,8
2,2,0,14,1,8.0,11
2,2,0,15,0,11.0,4
2,2,0,16,0,4.0,16
2,2,0,17,0,16.0,9
2,2,0,18,0,9.0,4
2,2,0,19,0,4.0,6
2,2,0,20,0,6.0,13
2,2,0,21,0,13.0,16
2,2,0,22,0,16.0,4
2,2,0,23,0,4.0,7
2,2,0,24,0,7.0,9
2,2,0,25,0,9.0,17
2,2,0,26,0,17.0,9
2,2,0,27,0,9.0,10
2,2,0,28,0,10.0,12
2,2,0,29,0,12.0,12
2,2,0,30,1,12.0,12
2,2,0,31,1,12.0,17
2,2,0,32,0,17.0,8
2,2,0,33,0,8.0,16
2,2,0,34,0,16.0,9
2,2,0,35,0,9.0,19
2,2,0,36,0,19.0,3
2,2,0,37,0,3.0,13
2,2,0,38,0,13.0,6
2,2,0,39,0,6.0,9
2,2,0,40,0,9.0,11
2,2,0,41,0,11.0,18
2,2,0,42,0,18.0,11
2,2,0,43,0,11.0,10
2,2,0,45,0,10.0,15
2,2,0,46,0,15.0,10
2,2,0,47,0,10.0,17
2,2,0,48,0,17.0,14
2,2,0,49,0,14.0,10
2,2,0,50,0,10.0,3
2,2,0,51,1,3.0,5
2,2,0,52,1,5.0,21
2,2,0,1,1,21.0,5
2,2,1,1,1,0.0,13
2,2,1,2,0,13.0,8
2,2,1,3,0,8.0,12
2,2,1,4,0,12.0,10
2,2,1,5,0,10.0,10
2,2,1,6,1,10.0,48
2,2,1,7,1,48.0,85
2,2,1,8,1,85.0,40
2,2,1,9,1,40.0,8
2,2,1,10,1,8.0,7
2,2,1,11,1,7.0,10
2,2,1,12,1,10.0,10
2,2,1,13,1,10.0,14
2,2,1,14,0,14.0,13
2,2,1,15,0,13.0,11
2,2,1,16,0,11.0,3
2,2,1,17,0,3.0,8
2,2,1,18,0,8.0,12
2,2,1,19,0,12.0,4
2,2,1,20,0,4.0,9
2,2,1,21,0,9.0,21
2,2,1,22,0,21.0,1
2,2,1,23,0,1.0,11
2,2,1,24,0,11.0,2
2,2,1,25,0,2.0,3
2,2,1,26,0,3.0,16
2,2,1,27,0,16.0,10
2,2,1,28,0,10.0,15
2,2,1,29,1,15.0,5
2,2,1,30,1,5.0,7
2,2,1,31,1,7.0,20
2,2,1,32,0,20.0,12
2,2,1,33,0,12.0,2
2,2,1,34,0,2.0,12
2,2,1,35,0,12.0,4
2,2,1,36,0,4.0,7
2,2,1,37,0,7.0,9
2,2,1,38,0,9.0,18
2,2,1,39,0,18.0,9
2,2,1,40,0,9.0,13
2,2,1,41,0,13.0,12
2,2,1,42,0,12.0,10
2,2,1,43,0,10.0,8
2,2,1,44,0,8.0,6
2,2,1,45,0,6.0,19
2,2,1,46,0,19.0,9
2,2,1,47,0,9.0,16
2,2,1,48,0,16.0,4
2,2,1,49,0,4.0,18
2,2,1,50,1,18.0,6
2,2,1,51,1,6.0,14
2,2,1,52,1,14.0,20
2,2,1,1,1,20.0,17
2,2,1,2,0,17.0,2
2,2,1,3,0,2.0,11
2,2,1,4,0,11.0,4
2,2,1,5,0,4.0,9
2,2,1,6,1,9.0,40
2,2,1,7,1,40.0,129
2,2,1,8,1,129.0,74
2,2,1,9,1,74.0,12
2,2,1,10,1,12.0,21
2,2,1,11,1,21.0,16
2,2,1,12,1,16.0,8
2,2,1,13,1,8.0,4
2,2,1,14,0,4.0,10
2,2,1,15,0,10.0,12
2,2,1,16,0,12.0,10
2,2,1,18,0,10.0,8
2,2,1,19,0,8.0,12
2,2,1,20,0,12.0,7
2,2,1,21,0,7.0,13
2,2,1,22,0,13.0,6
2,2,1,23,0,6.0,7
2,2,1,24,0,7.0,12
2,2,1,25,0,12.0,20
2,2,1,26,0,20.0,12
2,2,1,27,0,12.0,17
2,2,1,28,0,17.0,6
2,2,1,29,0,6.0,6
2,2,1,30,1,6.0,19
2,2,1,31,0,19.0,2
2,2,1,32,0,2.0,7
2,2,1,33,0,7.0,10
2,2,1,34,0,10.0,24
2,2,1,35,0,24.0,4
2,2,1,36,0,4.0,16
2,2,1,37,0,16.0,6
2,2,1,38,0,6.0,6
2,2,1,39,0,6.0,11
2,2,1,40,0,11.0,11
2,2,1,41,0,11.0,3
2,2,1,42,0,3.0,12
2,2,1,43,0,12.0,11
2,2,1,44,0,11.0,12
2,2,1,45,0,12.0,1
2,2,1,46,0,1.0,11
2,2,1,47,0,11.0,17
2,2,1,48,0,17.0,7
2,2,1,49,0,7.0,5
2,2,1,50,1,5.0,17
2,2,1,51,1,17.0,9
2,2,1,52,1,9.0,10
2,2,1,1,1,10.0,4
2,2,1,2,0,4.0,21
2,2,1,3,0,21.0,5
2,2,1,4,0,5.0,15
2,2,1,5,0,15.0,7
2,2,1,6,0,7.0,16
2,2,1,7,1,16.0,141
2,2,1,8,1,141.0,57
2,2,1,9,1,57.0,20
2,2,1,10,1,20.0,12
2,2,1,11,1,12.0,9
2,2,1,12,1,9.0,9
2,2,1,13,1,9.0,16
2,2,1,14,0,16.0,13
2,2,1,15,0,13.0,7
2,2,1,16,0,7.0,14
2,2,1,17,0,14.0,3
2,2,1,18,0,3.0,12
2,2,1,19,0,12.0,8
2,2,1,20,0,8.0,12
2,2,1,21,0,12.0,10
2,2,1,22,0,10.0,14
2,2,1,23,0,14.0,6
2,2,1,24,0,6.0,10
2,2,1,25,0,10.0,11
2,2,1,26,0,11.0,13
2,2,1,27,0,13.0,1
2,2,1,28,0,1.0,18
2,2,1,29,0,18.0,1
2,2,1,30,1,1.0,10
2,2,1,31,1,10.0,13
2,2,1,32,0,13.0,8
2,2,1,33,0,8.0,12
2,2,1,34,0,12.0,14
2,2,1,35,0,14.0,13
2,2,1,36,0,13.0,10
2,2,1,37,0,10.0,10
2,2,1,38,0,10.0,26
2,2,1,39,0,26.0,9
2,2,1,40,0,9.0,11
2,2,1,41,0,11.0,12
2,2,1,42,0,12.0,19
2,2,1,43,0,19.0,5
2,2,1,44,0,5.0,5
2,2,1,45,0,5.0,8
2,2,1,46,0,8.0,9
2,2,1,47,0,9.0,15
2,2,1,48,0,15.0,8
2,2,1,49,0,8.0,22
2,2,1,50,0,22.0,16
2,2,1,51,1,16.0,18
2,2,1,52,1,18.0,14
2,2,1,53,1,14.0,4
2,2,1,1,1,4.0,10
2,2,1,2,0,10.0,9
2,2,1,3,0,9.0,4
2,2,1,4,0,4.0,9
2,2,1,5,0,9.0,13
2,2,1,6,1,13.0,15
2,2,1,7,1,15.0,20
2,2,1,8,0,20.0,8
2,2,1,9,1,8.0,20
2,2,1,10,1,20.0,12
2,2,1,11,1,12.0,7
2,2,1,12,1,7.0,11
2,2,1,13,1,11.0,7
2,2,1,14,0,7.0,8
2,2,1,15,0,8.0,12
2,2,1,16,0,12.0,3
2,2,1,17,0,3.0,7
2,2,1,18,0,7.0,11
2,2,1,19,0,11.0,4
2,2,1,20,0,4.0,9
2,2,1,21,0,9.0,10
2,2,1,22,0,10.0,10
2,2,1,23,0,10.0,5
2,2,1,24,0,5.0,3
2,2,1,25,0,3.0,19
2,2,1,26,0,19.0,16
2,2,1,27,0,16.0,7
2,2,1,28,0,7.0,12
2,2,1,29,1,12.0,12
2,2,1,30,1,12.0,8
2,2,1,31,0,8.0,8
2,2,1,32,0,8.0,10
2,2,1,33,0,10.0,13
2,2,1,34,0,13.0,4
2,2,1,35,0,4.0,15
2,2,1,36,0,15.0,12
2,2,1,37,0,12.0,15
2,2,1,38,0,15.0,4
2,2,1,39,0,4.0,13
2,2,1,40,0,13.0,7
2,2,1,41,0,7.0,19
2,2,1,42,0,19.0,18
2,2,1,43,0,18.0,20
2,2,1,44,0,20.0,13
2,2,1,45,0,13.0,21
2,2,1,46,0,21.0,7
2,2,1,47,0,7.0,13
2,2,1,48,0,13.0,7
2,2,1,49,0,7.0,6
2,2,1,50,1,6.0,10
2,2,1,51,1,10.0,12
2,2,1,52,1,12.0,14
2,2,1,1,1,14.0,7
2,2,1,2,0,7.0,17
2,2,1,3,0,17.0,19
2,2,1,4,0,19.0,10
2,2,1,5,0,10.0,12
2,2,1,6,1,12.0,77
2,2,1,7,1,77.0,47
2,2,1,8,0,47.0,8
2,2,1,9,1,8.0,8
2,2,1,10,1,8.0,9
2,2,1,11,1,9.0,6
2,2,1,12,1,6.0,9
2,2,1,13,1,9.0,11
2,2,1,14,0,11.0,7
2,2,1,15,0,7.0,17
2,2,1,16,0,17.0,5
2,2,1,17,0,5.0,7
2,2,1,18,0,7.0,11
2,2,1,19,0,11.0,10
2,2,1,20,0,10.0,11
2,2,1,21,0,11.0,11
2,2,1,22,0,11.0,14
2,2,1,23,0,14.0,5
2,2,1,24,0,5.0,12
2,2,1,25,0,12.0,14
2,2,1,26,0,14.0,22
2,2,1,27,0,22.0,12
2,2,1,28,0,12.0,13
2,2,1,29,0,13.0,4
2,2,1,30,1,4.0,14
2,2,1,31,0,14.0,8
2,2,1,32,0,8.0,4
2,2,1,33,0,4.0,8
2,2,1,34,0,8.0,18
2,2,1,35,0,18.0,8
2,2,1,36,0,8.0,9
2,2,1,37,0,9.0,8
2,2,1,38,0,8.0,16
2,2,1,39,0,16.0,4
2,2,1,40,0,4.0,5
2,2,1,41,0,5.0,11
2,2,1,42,0,11.0,14
2,2,1,43,0,14.0,12
2,2,1,44,0,12.0,22
2,2,1,45,0,22.0,7
2,2,1,46,0,7.0,11
2,2,1,47,0,11.0,14
2,2,1,48,0,14.0,10
2,2,1,49,0,10.0,4
2,2,1,50,1,4.0,7
2,2,1,51,1,7.0,11
2,2,1,52,1,11.0,10
2,2,1,1,1,10.0,11
2,2,1,2,0,11.0,9
2,2,1,3,0,9.0,6
2,2,1,4,0,6.0,18
2,2,1,5,0,18.0,10
2,2,1,6,1,10.0,22
2,2,1,7,1,22.0,93
2,2,1,8,1,93.0,31
2,2,1,9,1,31.0,8
2,2,1,10,1,8.0,13
2,2,1,11,1,13.0,5
2,2,1,12,1,5.0,10
2,2,1,13,1,10.0,7
2,2,1,14,0,7.0,3
2,2,1,15,0,3.0,10
2,2,1,16,0,10.0,5
2,2,1,17,0,5.0,16
2,2,1,18,0,16.0,14
2,2,1,19,0,14.0,5
2,2,1,20,0,5.0,7
2,2,1,21,0,7.0,6
2,2,1,22,0,6.0,14
2,2,1,23,0,14.0,3
2,2,1,24,0,3.0,13
2,2,1,25,0,13.0,9
2,2,1,26,0,9.0,7
2,2,1,27,0,7.0,8
2,2,1,28,0,8.0,9
2,2,1,29,1,9.0,15
2,2,1,30,1,15.0,5
2,2,1,31,0,5.0,7
2,2,1,32,0,7.0,8
2,2,1,33,0,8.0,2
2,2,1,34,0,2.0,17
2,2,1,35,0,17.0,12
2,2,1,36,0,12.0,5
2,2,1,37,0,5.0,7
2,2,1,38,0,7.0,14
2,2,1,39,0,14.0,11
2,2,1,40,0,11.0,20
2,2,1,41,0,20.0,11
2,2,1,42,0,11.0,20
2,2,1,43,0,20.0,6
2,2,1,44,0,6.0,8
2,2,1,45,0,8.0,11
2,2,1,46,0,11.0,6
2,2,1,47,0,6.0,11
2,2,1,48,0,11.0,19
2,2,1,49,0,19.0,19
2,2,1,50,1,19.0,18
2,2,1,51,1,18.0,3
2,2,1,52,1,3.0,8
2,2,1,1,1,8.0,4
2,2,1,2,0,4.0,4
2,2,1,3,0,4.0,12
2,2,1,4,0,12.0,5
2,2,1,5,0,5.0,17
2,2,1,6,1,17.0,23
2,2,1,7,1,23.0,76
2,2,1,8,1,76.0,17
2,2,1,9,1,17.0,11
2,2,1,10,1,11.0,7
2,2,1,11,1,7.0,24
2,2,1,12,1,24.0,15
2,2,1,13,1,15.0,15
2,2,1,14,0,15.0,7
2,2,1,15,0,7.0,16
2,2,1,16,0,16.0,7
2,2,1,17,0,7.0,7
2,2,1,18,0,7.0,2
2,2,1,19,0,2.0,19
2,2,1,20,0,19.0,10
2,2,1,21,0,10.0,13
2,2,1,22,0,13.0,18
2,2,1,23,0,18.0,11
2,2,1,24,0,11.0,14
2,2,1,25,0,14.0,9
2,2,1,26,0,9.0,5
2,2,1,27,0,5.0,10
2,2,1,28,0,10.0,16
2,2,1,29,0,16.0,12
2,2,1,30,1,12.0,7
2,2,1,31,1,7.0,13
2,2,1,32,0,13.0,22
2,2,1,33,0,22.0,11
2,2,1,34,0,11.0,7
2,2,1,35,0,7.0,11
2,2,1,36,0,11.0,7
2,2,1,37,0,7.0,4
2,2,1,38,0,4.0,8
2,2,1,39,0,8.0,5
2,2,1,40,0,5.0,13
2,2,1,41,0,13.0,7
2,2,1,42,0,7.0,9
2,2,1,43,0,9.0,3
2,2,1,44,0,3.0,7
2,2,1,45,0,7.0,13
2,2,1,46,0,13.0,7
2,2,1,47,0,7.0,7
2,2,1,48,0,7.0,7
2,2,1,49,0,7.0,15
2,2,1,50,1,15.0,8
2,2,1,51,1,8.0,14
2,2,1,52,1,14.0,19
2,2,1,1,1,19.0,4
2,2,1,2,0,4.0,11
2,2,1,3,0,11.0,20
2,2,1,4,0,20.0,15
2,2,1,5,0,15.0,23
2,2,1,6,0,23.0,14
2,2,1,7,1,14.0,95
2,2,1,8,1,95.0,40
2,2,1,9,1,40.0,15
2,2,1,10,1,15.0,3
2,2,1,11,1,3.0,7
2,2,1,12,1,7.0,15
2,2,1,13,1,15.0,10
2,2,1,14,1,10.0,9
2,2,1,15,0,9.0,10
2,2,1,17,0,10.0,12
2,2,1,18,0,12.0,13
2,2,1,19,0,13.0,8
2,2,1,20,0,8.0,3
2,2,1,21,0,3.0,18
2,2,1,22,0,18.0,1
2,2,1,23,0,1.0,11
2,2,1,24,0,11.0,6
2,2,1,25,0,6.0,6
2,2,1,26,0,6.0,3
2,2,1,27,0,3.0,9
2,2,1,28,0,9.0,13
2,2,1,29,0,13.0,10
2,2,1,30,1,10.0,7
2,2,1,31,1,7.0,10
2,2,1,32,0,10.0,7
2,2,1,33,0,7.0,13
2,2,1,34,0,13.0,12
2,2,1,35,0,12.0,6
2,2,1,36,0,6.0,14
2,2,1,37,0,14.0,4
2,2,1,38,0,4.0,7
2,2,1,39,0,7.0,13
2,2,1,40,0,13.0,6
2,2,1,41,0,6.0,10
2,2,1,42,0,10.0,7
2,2,1,43,0,7.0,10
2,2,1,44,0,10.0,11
2,2,1,45,0,11.0,9
2,2,1,46,0,9.0,17
2,2,1,47,0,17.0,4
2,2,1,48,0,4.0,13
2,2,1,49,0,13.0,15
2,2,1,50,0,15.0,16
2,2,1,51,1,16.0,19
2,2,1,52,1,19.0,7
2,2,1,1,1,7.0,6
2,2,2,1,1,0.0,19
2,2,2,2,0,19.0,9
2,2,2,3,0,9.0,14
2,2,2,4,0,14.0,17
2,2,2,5,0,17.0,11
2,2,2,6,1,11.0,41
2,2,2,7,1,41.0,150
2,2,2,8,1,150.0,32
2,2,2,9,1,32.0,16
2,2,2,10,1,16.0,12
2,2,2,11,1,12.0,9
2,2,2,12,1,9.0,12
2,2,2,13,1,12.0,10
2,2,2,14,0,10.0,15
2,2,2,15,0,15.0,14
2,2,2,16,0,14.0,12
2,2,2,17,0,12.0,7
2,2,2,18,0,7.0,18
2,2,2,19,0,18.0,15
2,2,2,20,0,15.0,9
2,2,2,21,0,9.0,12
2,2,2,22,0,12.0,15
2,2,2,23,0,15.0,8
2,2,2,24,0,8.0,20
2,2,2,25,0,20.0,10
2,2,2,26,0,10.0,16
2,2,2,27,0,16.0,9
2,2,2,28,0,9.0,12
2,2,2,29,1,12.0,20
2,2,2,30,1,20.0,3
2,2,2,31,1,3.0,5
2,2,2,32,0,5.0,7
2,2,2,33,0,7.0,14
2,2,2,34,0,14.0,8
2,2,2,35,0,8.0,9
2,2,2,36,0,9.0,24
2,2,2,37,0,24.0,15
2,2,2,38,0,15.0,11
2,2,2,39,0,11.0,12
2,2,2,40,0,12.0,13
2,2,2,41,0,13.0,10
2,2,2,42,0,10.0,12
2,2,2,43,0,12.0,7
2,2,2,44,0,7.0,9
2,2,2,45,0,9.0,10
2,2,2,46,0,10.0,21
2,2,2,47,0,21.0,4
2,2,2,48,0,4.0,6
2,2,2,49,0,6.0,17
2,2,2,50,1,17.0,16
2,2,2,51,1,16.0,11
2,2,2,52,1,11.0,13
2,2,2,1,1,13.0,5
2,2,2,2,0,5.0,11
2,2,2,3,0,11.0,1
2,2,2,4,0,1.0,18
2,2,2,5,0,18.0,8
2,2,2,6,0,8.0,11
2,2,2,7,1,11.0,115
2,2,2,8,1,115.0,17
2,2,2,9,1,17.0,23
2,2,2,10,1,23.0,5
2,2,2,11,1,5.0,10
2,2,2,12,1,10.0,2
2,2,2,13,1,2.0,12
2,2,2,14,0,12.0,21
2,2,2,15,0,21.0,19
2,2,2,16,0,19.0,8
2,2,2,17,0,8.0,5
2,2,2,18,0,5.0,15
2,2,2,19,0,15.0,12
2,2,2,20,0,12.0,6
2,2,2,21,0,6.0,12
2,2,2,22,0,12.0,8
2,2,2,23,0,8.0,12
2,2,2,24,0,12.0,13
2,2,2,25,0,13.0,9
2,2,2,26,0,9.0,14
2,2,2,27,0,14.0,2
2,2,2,28,0,2.0,1
2,2,2,29,0,1.0,5
2,2,2,30,1,5.0,9
2,2,2,31,1,9.0,12
2,2,2,32,0,12.0,13
2,2,2,33,0,13.0,9
2,2,2,34,0,9.0,11
2,2,2,35,0,11.0,8
2,2,2,36,0,8.0,14
2,2,2,37,0,14.0,9
2,2,2,38,0,9.0,8
2,2,2,39,0,8.0,17
2,2,2,40,0,17.0,7
2,2,2,41,0,7.0,12
2,2,2,42,0,12.0,4
2,2,2,43,0,4.0,12
2,2,2,44,0,12.0,5
2,2,2,45,0,5.0,8
2,2,2,46,0,8.0,13
2,2,2,47,0,13.0,16
2,2,2,48,0,16.0,22
2,2,2,49,0,22.0,12
2,2,2,50,1,12.0,13
2,2,2,51,1,13.0,11
2,2,2,52,1,11.0,1
2,2,2,1,1,1.0,2
2,2,2,2,0,2.0,22
2,2,2,3,0,22.0,19
2,2,2,4,0,19.0,12
2,2,2,5,0,12.0,6
2,2,2,6,0,6.0,12
2,2,2,7,1,12.0,124
2,2,2,8,1,124.0,75
2,2,2,9,0,75.0,3
2,2,2,10,1,3.0,18
2,2,2,11,1,18.0,13
2,2,2,12,1,13.0,12
2,2,2,13,1,12.0,1
2,2,2,14,1,1.0,13
2,2,2,15,0,13.0,4
2,2,2,16,0,4.0,11
2,2,2,17,0,11.0,8
2,2,2,18,0,8.0,10
2,2,2,19,0,10.0,1
2,2,2,20,0,1.0,7
2,2,2,21,0,7.0,18
2,2,2,22,0,18.0,5
2,2,2,23,0,5.0,20
2,2,2,24,0,20.0,2
2,2,2,25,0,2.0,11
2,2,2,26,0,11.0,4
2,2,2,27,0,4.0,17
2,2,2,28,0,17.0,17
2,2,2,29,0,17.0,5
2,2,2,30,1,5.0,14
2,2,2,31,1,14.0,17
2,2,2,32,0,17.0,17
2,2,2,33,0,17.0,9
2,2,2,34,0,9.0,7
2,2,2,35,0,7.0,10
2,2,2,36,0,10.0,4
2,2,2,37,0,4.0,12
2,2,2,38,0,12.0,14
2,2,2,39,0,14.0,15
2,2,2,40,0,15.0,20
2,2,2,41,0,20.0,4
2,2,2,42,0,4.0,4
2,2,2,43,0,4.0,12
2,2,2,44,0,12.0,24
2,2,2,45,0,24.0,13
2,2,2,46,0,13.0,7
2,2,2,47,0,7.0,17
2,2,2,48,0,17.0,13
2,2,2,49,0,13.0,9
2,2,2,50,0,9.0,12
2,2,2,51,1,12.0,10
2,2,2,52,1,10.0,2
2,2,2,53,1,2.0,15
2,2,2,1,1,15.0,3
2,2,2,2,0,3.0,5
2,2,2,3,0,5.0,3
2,2,2,4,0,3.0,13
2,2,2,5,0,13.0,12
2,2,2,6,1,12.0,13
2,2,2,7,1,13.0,98
2,2,2,8,0,98.0,11
2,2,2,9,1,11.0,9
2,2,2,10,1,9.0,12
2,2,2,11,1,12.0,5
2,2,2,12,1,5.0,9
2,2,2,13,1,9.0,13
2,2,2,14,0,13.0,11
2,2,2,15,0,11.0,12
2,2,2,17,0,12.0,12
2,2,2,18,0,12.0,11
2,2,2,19,0,11.0,7
2,2,2,20,0,7.0,9
2,2,2,21,0,9.0,8
2,2,2,22,0,8.0,6
2,2,2,23,0,6.0,16
2,2,2,24,0,16.0,9
2,2,2,25,0,9.0,5
2,2,2,26,0,5.0,6
2,2,2,27,0,6.0,11
2,2,2,28,0,11.0,9
2,2,2,29,1,9.0,5
2,2,2,30,1,5.0,14
2,2,2,31,0,14.0,9
2,2,2,32,0,9.0,3
2,2,2,33,0,3.0,11
2,2,2,34,0,11.0,6
2,2,2,35,0,6.0,10
2,2,2,36,0,10.0,8
2,2,2,37,0,8.0,20
2,2,2,38,0,20.0,14
2,2,2,39,0,14.0,17
2,2,2,40,0,17.0,14
2,2,2,41,0,14.0,12
2,2,2,42,0,12.0,12
2,2,2,43,0,12.0,13
2,2,2,44,0,13.0,7
2,2,2,45,0,7.0,19
2,2,2,46,0,19.0,20
2,2,2,47,0,20.0,5
2,2,2,48,0,5.0,11
2,2,2,49,0,11.0,10
2,2,2,50,1,10.0,12
2,2,2,51,1,12.0,11
2,2,2,52,1,11.0,11
2,2,2,1,1,11.0,23
2,2,2,2,0,23.0,16
2,2,2,3,0,16.0,10
2,2,2,4,0,10.0,12
2,2,2,5,0,12.0,6
2,2,2,7,1,6.0,74
2,2,2,8,0,74.0,12
2,2,2,9,1,12.0,5
2,2,2,10,1,5.0,3
2,2,2,11,1,3.0,11
2,2,2,12,1,11.0,12
2,2,2,13,1,12.0,7
2,2,2,14,0,7.0,11
2,2,2,15,0,11.0,7
2,2,2,16,0,7.0,12
2,2,2,17,0,12.0,5
2,2,2,18,0,5.0,6
2,2,2,19,0,6.0,6
2,2,2,20,0,6.0,10
2,2,2,21,0,10.0,10
2,2,2,22,0,10.0,14
2,2,2,23,0,14.0,19
2,2,2,24,0,19.0,20
2,2,2,25,0,20.0,9
2,2,2,26,0,9.0,10
2,2,2,27,0,10.0,12
2,2,2,28,0,12.0,12
2,2,2,29,1,12.0,14
2,2,2,30,1,14.0,14
2,2,2,31,0,14.0,13
2,2,2,33,0,13.0,12
2,2,2,34,0,12.0,12
2,2,2,35,0,12.0,10
2,2,2,36,0,10.0,10
2,2,2,37,0,10.0,8
2,2,2,38,0,8.0,23
2,2,2,39,0,23.0,14
2,2,2,40,0,14.0,15
2,2,2,41,0,15.0,2
2,2,2,42,0,2.0,7
2,2,2,43,0,7.0,13
2,2,2,44,0,13.0,4
2,2,2,45,0,4.0,10
2,2,2,46,0,10.0,8
2,2,2,47,0,8.0,11
2,2,2,48,0,11.0,12
2,2,2,49,0,12.0,2
2,2,2,50,1,2.0,4
2,2,2,51,1,4.0,12
2,2,2,52,1,12.0,10
2,2,2,1,1,10.0,19
2,2,2,2,0,19.0,10
2,2,2,3,0,10.0,4
2,2,2,4,0,4.0,6
2,2,2,5,0,6.0,1
2,2,2,7,1,1.0,58
2,2,2,8,0,58.0,9
2,2,2,9,1,9.0,15
2,2,2,10,1,15.0,14
2,2,2,11,1,14.0,3
2,2,2,12,1,3.0,5
2,2,2,13,1,5.0,9
2,2,2,14,0,9.0,11
2,2,2,15,0,11.0,16
2,2,2,16,0,16.0,9
2,2,2,17,0,9.0,10
2,2,2,18,0,10.0,14
2,2,2,19,0,14.0,8
2,2,2,20,0,8.0,3
2,2,2,21,0,3.0,5
2,2,2,22,0,5.0,13
2,2,2,23,0,13.0,6
2,2,2,24,0,6.0,5
2,2,2,25,0,5.0,20
2,2,2,26,0,20.0,8
2,2,2,27,0,8.0,18
2,2,2,28,0,18.0,2
2,2,2,29,0,2.0,2
2,2,2,30,1,2.0,23
2,2,2,31,1,23.0,7
2,2,2,32,0,7.0,7
2,2,2,33,0,7.0,1
2,2,2,34,0,1.0,12
2,2,2,35,0,12.0,9
2,2,2,36,0,9.0,7
2,2,2,37,0,7.0,9
2,2,2,38,0,9.0,4
2,2,2,39,0,4.0,11
2,2,2,40,0,11.0,15
2,2,2,41,0,15.0,9
2,2,2,42,0,9.0,21
2,2,2,43,0,21.0,6
2,2,2,44,0,6.0,8
2,2,2,45,0,8.0,18
2,2,2,46,0,18.0,11
2,2,2,47,0,11.0,20
2,2,2,48,0,20.0,13
2,2,2,49,0,13.0,9
2,2,2,50,1,9.0,10
2,2,2,51,1,10.0,7
2,2,2,52,1,7.0,15
2,2,2,1,1,15.0,8
2,2,2,2,0,8.0,10
2,2,2,3,0,10.0,21
2,2,2,4,0,21.0,12
2,2,2,5,0,12.0,10
2,2,2,6,1,10.0,42
2,2,2,7,1,42.0,107
2,2,2,8,1,107.0,19
2,2,2,9,0,19.0,13
2,2,2,10,1,13.0,9
2,2,2,11,1,9.0,4
2,2,2,12,1,4.0,6
2,2,2,13,1,6.0,6
2,2,2,14,0,6.0,16
2,2,2,15,0,16.0,17
2,2,2,16,0,17.0,4
2,2,2,17,0,4.0,9
2,2,2,18,0,9.0,15
2,2,2,19,0,15.0,16
2,2,2,20,0,16.0,3
2,2,2,21,0,3.0,13
2,2,2,22,0,13.0,8
2,2,2,23,0,8.0,9
2,2,2,24,0,9.0,6
2,2,2,25,0,6.0,5
2,2,2,26,0,5.0,18
2,2,2,27,0,18.0,13
2,2,2,28,0,13.0,8
2,2,2,29,0,8.0,5
2,2,2,30,1,5.0,23
2,2,2,31,1,23.0,7
2,2,2,32,0,7.0,13
2,2,2,33,0,13.0,9
2,2,2,34,0,9.0,22
2,2,2,35,0,22.0,6
2,2,2,36,0,6.0,9
2,2,2,37,0,9.0,6
2,2,2,38,0,6.0,10
2,2,2,39,0,10.0,6
2,2,2,40,0,6.0,17
2,2,2,41,0,17.0,11
2,2,2,42,0,11.0,12
2,2,2,43,0,12.0,11
2,2,2,44,0,11.0,9
2,2,2,45,0,9.0,15
2,2,2,46,0,15.0,12
2,2,2,47,0,12.0,12
2,2,2,48,0,12.0,5
2,2,2,49,0,5.0,9
2,2,2,50,0,9.0,5
2,2,2,51,1,5.0,12
2,2,2,52,1,12.0,10
2,2,2,1,1,10.0,16
2,2,2,2,0,16.0,11
2,2,2,3,0,11.0,12
2,2,2,4,0,12.0,3
2,2,2,5,0,3.0,3
2,2,2,6,0,3.0,13
2,2,2,7,1,13.0,58
2,2,2,8,1,58.0,109
2,2,2,9,1,109.0,9
2,2,2,10,1,9.0,9
2,2,2,11,1,9.0,22
2,2,2,12,1,22.0,5
2,2,2,13,1,5.0,9
2,2,2,14,1,9.0,6
2,2,2,15,0,6.0,9
2,2,2,16,0,9.0,18
2,2,2,17,0,18.0,14
2,2,2,18,0,14.0,15
2,2,2,19,0,15.0,10
2,2,2,20,0,10.0,15
2,2,2,21,0,15.0,10
2,2,2,22,0,10.0,7
2,2,2,23,0,7.0,10
2,2,2,24,0,10.0,12
2,2,2,25,0,12.0,13
2,2,2,26,0,13.0,14
2,2,2,27,0,14.0,3
2,2,2,28,0,3.0,6
2,2,2,29,0,6.0,4
2,2,2,30,1,4.0,1
2,2,2,31,1,1.0,14
2,2,2,32,0,14.0,10
2,2,2,33,0,10.0,12
2,2,2,34,0,12.0,10
2,2,2,35,0,10.0,4
2,2,2,36,0,4.0,8
2,2,2,37,0,8.0,1
2,2,2,38,0,1.0,5
2,2,2,39,0,5.0,14
2,2,2,40,0,14.0,8
2,2,2,41,0,8.0,11
2,2,2,42,0,11.0,11
2,2,2,43,0,11.0,9
2,2,2,44,0,9.0,26
2,2,2,45,0,26.0,14
2,2,2,46,0,14.0,7
2,2,2,47,0,7.0,9
2,2,2,48,0,9.0,11
2,2,2,49,0,11.0,6
2,2,2,50,0,6.0,14
2,2,2,51,1,14.0,12
2,2,2,52,1,12.0,10
2,2,2,1,1,10.0,8
2,3,0,1,1,0.0,15
2,3,0,2,0,15.0,12
2,3,0,3,0,12.0,6
2,3,0,4,0,6.0,20
2,3,0,5,0,20.0,9
2,3,0,6,0,9.0,3
2,3,0,7,1,3.0,16
2,3,0,8,1,16.0,15
2,3,0,9,1,15.0,5
2,3,0,10,1,5.0,6
2,3,0,11,1,6.0,7
2,3,0,12,1,7.0,10
2,3,0,13,1,10.0,4
2,3,0,14,0,4.0,8
2,3,0,15,0,8.0,13
2,3,0,16,0,13.0,10
2,3,0,17,0,10.0,19
2,3,0,18,0,19.0,6
2,3,0,19,0,6.0,7
2,3,0,20,0,7.0,9
2,3,0,21,0,9.0,14
2,3,0,22,0,14.0,10
2,3,0,23,0,10.0,8
2,3,0,24,0,8.0,19
2,3,0,25,0,19.0,12
2,3,0,26,0,12.0,9
2,3,0,27,0,9.0,10
2,3,0,28,0,10.0,5
2,3,0,29,0,5.0,12
2,3,0,30,1,12.0,8
2,3,0,31,1,8.0,8
2,3,0,32,0,8.0,11
2,3,0,33,0,11.0,18
2,3,0,34,0,18.0,10
2,3,0,35,0,10.0,5
2,3,0,36,0,5.0,10
2,3,0,37,0,10.0,16
2,3,0,38,0,16.0,12
2,3,0,39,0,12.0,4
2,3,0,40,0,4.0,15
2,3,0,41,0,15.0,11
2,3,0,42,0,11.0,12
2,3,0,43,0,12.0,12
2,3,0,44,0,12.0,12
2,3,0,45,0,12.0,5
2,3,0,46,0,5.0,3
2,3,0,47,0,3.0,10
2,3,0,48,0,10.0,6
2,3,0,49,0,6.0,14
2,3,0,50,1,14.0,10
2,3,0,51,1,10.0,16
2,3,0,52,1,16.0,6
2,3,0,1,1,6.0,10
2,3,0,2,0,10.0,18
2,3,0,3,0,18.0,16
2,3,0,4,0,16.0,8
2,3,0,5,0,8.0,6
2,3,0,6,0,6.0,8
2,3,0,7,1,8.0,10
2,3,0,8,1,10.0,19
2,3,0,9,1,19.0,10
2,3,0,10,1,10.0,12
2,3,0,11,1,12.0,10
2,3,0,12,1,10.0,9
2,3,0,13,1,9.0,9
2,3,0,14,0,9.0,10
2,3,0,15,0,10.0,10
2,3,0,16,0,10.0,15
2,3,0,17,0,15.0,16
2,3,0,18,0,16.0,16
2,3,0,19,0,16.0,3
2,3,0,20,0,3.0,10
2,3,0,21,0,10.0,13
2,3,0,22,0,13.0,13
2,3,0,23,0,13.0,22
2,3,0,24,0,22.0,5
2,3,0,25,0,5.0,12
2,3,0,26,0,12.0,8
2,3,0,27,0,8.0,11
2,3,0,28,0,11.0,7
2,3,0,29,0,7.0,9
2,3,0,30,1,9.0,15
2,3,0,31,1,15.0,16
2,3,0,32,0,16.0,6
2,3,0,33,0,6.0,15
2,3,0,34,0,15.0,6
2,3,0,35,0,6.0,14
2,3,0,36,0,14.0,11
2,3,0,37,0,11.0,8
2,3,0,38,0,8.0,6
2,3,0,39,0,6.0,9
2,3,0,40,0,9.0,10
2,3,0,41,0,10.0,14
2,3,0,42,0,14.0,9
2,3,0,43,0,9.0,7
2,3,0,44,0,7.0,8
2,3,0,45,0,8.0,16
2,3,0,46,0,16.0,4
2,3,0,47,0,4.0,11
2,3,0,48,0,11.0,5
2,3,0,49,0,5.0,11
2,3,0,50,1,11.0,20
2,3,0,51,1,20.0,16
2,3,0,52,1,16.0,4
2,3,0,1,1,4.0,2
2,3,0,2,0,2.0,19
2,3,0,3,0,19.0,9
2,3,0,4,0,9.0,12
2,3,0,5,0,12.0,8
2,3,0,6,0,8.0,16
2,3,0,7,1,16.0,14
2,3,0,8,1,14.0,15
2,3,0,9,0,15.0,6
2,3,0,10,1,6.0,7
2,3,0,11,1,7.0,20
2,3,0,12,1,20.0,9
2,3,0,13,1,9.0,7
2,3,0,14,1,7.0,9
2,3,0,15,0,9.0,12
2,3,0,16,0,12.0,9
2,3,0,17,0,9.0,10
2,3,0,18,0,10.0,5
2,3,0,19,0,5.0,13
2,3,0,20,0,13.0,8
2,3,0,21,0,8.0,16
2,3,0,22,0,16.0,20
2,3,0,23,0,20.0,4
2,3,0,24,0,4.0,15
2,3,0,25,0,15.0,4
2,3,0,26,0,4.0,4
2,3,0,27,0,4.0,14
2,3,0,28,0,14.0,9
2,3,0,29,0,9.0,7
2,3,0,30,1,7.0,13
2,3,0,31,1,13.0,14
2,3,0,32,0,14.0,3
2,3,0,33,0,3.0,15
2,3,0,34,0,15.0,6
2,3,0,35,0,6.0,11
2,3,0,36,0,11.0,8
2,3,0,37,0,8.0,6
2,3,0,38,0,6.0,9
2,3,0,39,0,9.0,15
2,3,0,40,0,15.0,18
2,3,0,41,0,18.0,11
2,3,0,42,0,11.0,22
2,3,0,43,0,22.0,11
2,3,0,44,0,11.0,10
2,3,0,45,0,10.0,14
2,3,0,46,0,14.0,9
2,3,0,47,0,9.0,8
2,3,0,48,0,8.0,9
2,3,0,49,0,9.0,8
2,3,0,50,0,8.0,8
2,3,0,51,1,8.0,14
2,3,0,52,1,14.0,12
2,3,0,53,1,12.0,5
2,3,0,2,0,5.0,9
2,3,0,3,0,9.0,6
2,3,0,4,0,6.0,3
2,3,0,5,0,3.0,24
2,3,0,6,1,24.0,12
2,3,0,7,1,12.0,9
2,3,0,8,0,9.0,12
2,3,0,9,1,12.0,5
2,3,0,10,1,5.0,4
2,3,0,11,1,4.0,10
2,3,0,12,1,10.0,9
2,3,0,13,0,9.0,8
2,3,0,14,0,8.0,20
2,3,0,15,0,20.0,9
2,3,0,16,0,9.0,20
2,3,0,17,0,20.0,12
2,3,0,18,0,12.0,7
2,3,0,19,0,7.0,9
2,3,0,20,0,9.0,7
2,3,0,21,0,7.0,5
2,3,0,22,0,5.0,15
2,3,0,23,0,15.0,14
2,3,0,24,0,14.0,7
2,3,0,25,0,7.0,9
2,3,0,26,0,9.0,16
2,3,0,27,0,16.0,14
2,3,0,28,0,14.0,10
2,3,0,29,1,10.0,9
2,3,0,30,1,9.0,18
2,3,0,31,0,18.0,12
2,3,0,32,0,12.0,2
2,3,0,33,0,2.0,5
2,3,0,34,0,5.0,7
2,3,0,35,0,7.0,7
2,3,0,36,0,7.0,6
2,3,0,37,0,6.0,9
2,3,0,38,0,9.0,15
2,3,0,39,0,15.0,7
2,3,0,40,0,7.0,11
2,3,0,41,0,11.0,10
2,3,0,42,0,10.0,10
2,3,0,43,0,10.0,13
2,3,0,44,0,13.0,17
2,3,0,45,0,17.0,12
2,3,0,46,0,12.0,8
2,3,0,47,0,8.0,8
2,3,0,48,0,8.0,6
2,3,0,49,0,6.0,6
2,3,0,50,1,6.0,15
2,3,0,51,1,15.0,18
2,3,0,52,1,18.0,10
2,3,0,1,1,10.0,9
2,3,0,2,0,9.0,9
2,3,0,3,0,9.0,9
2,3,0,4,0,9.0,3
2,3,0,5,0,3.0,8
2,3,0,6,1,8.0,10
2,3,0,7,1,10.0,7
2,3,0,8,0,7.0,6
2,3,0,9,1,6.0,12
2,3,0,10,1,12.0,14
2,3,0,11,1,14.0,5
2,3,0,12,1,5.0,8
2,3,0,13,1,8.0,3
2,3,0,14,0,3.0,7
2,3,0,15,0,7.0,5
2,3,0,16,0,5.0,13
2,3,0,17,0,13.0,2
2,3,0,18,0,2.0,8
2,3,0,19,0,8.0,12
2,3,0,20,0,12.0,6
2,3,0,21,0,6.0,9
2,3,0,22,0,9.0,6
2,3,0,23,0,6.0,20
2,3,0,24,0,20.0,9
2,3,0,25,0,9.0,9
2,3,0,26,0,9.0,6
2,3,0,28,0,6.0,17
2,3,0,29,1,17.0,6
2,3,0,30,1,6.0,10
2,3,0,31,0,10.0,12
2,3,0,32,0,12.0,20
2,3,0,33,0,20.0,12
2,3,0,34,0,12.0,7
2,3,0,35,0,7.0,11
2,3,0,36,0,11.0,5
2,3,0,37,0,5.0,11
2,3,0,38,0,11.0,13
2,3,0,39,0,13.0,10
2,3,0,40,0,10.0,11
2,3,0,41,0,11.0,16
2,3,0,42,0,16.0,4
2,3,0,43,0,4.0,14
2,3,0,44,0,14.0,6
2,3,0,45,0,6.0,5
2,3,0,46,0,5.0,9
2,3,0,47,0,9.0,3
2,3,0,48,0,3.0,9
2,3,0,49,0,9.0,12
2,3,0,50,1,12.0,10
2,3,0,51,1,10.0,4
2,3,0,52,1,4.0,12
2,3,0,1,1,12.0,16
2,3,0,2,0,16.0,15
2,3,0,3,0,15.0,15
2,3,0,4,0,15.0,7
2,3,0,5,0,7.0,10
2,3,0,6,1,10.0,15
2,3,0,7,1,15.0,3
2,3,0,8,1,3.0,7
2,3,0,9,1,7.0,7
2,3,0,10,1,7.0,10
2,3,0,11,1,10.0,5
2,3,0,12,1,5.0,6
2,3,0,13,1,6.0,17
2,3,0,14,0,17.0,5
2,3,0,15,0,5.0,7
2,3,0,16,0,7.0,11
2,3,0,17,0,11.0,10
2,3,0,18,0,10.0,22
2,3,0,19,0,22.0,17
2,3,0,20,0,17.0,10
2,3,0,21,0,10.0,12
2,3,0,22,0,12.0,7
2,3,0,23,0,7.0,14
2,3,0,24,0,14.0,13
2,3,0,25,0,13.0,18
2,3,0,26,0,18.0,8
2,3,0,27,0,8.0,10
2,3,0,28,0,10.0,4
2,3,0,29,0,4.0,9
2,3,0,30,1,9.0,3
2,3,0,31,1,3.0,15
2,3,0,32,0,15.0,18
2,3,0,33,0,18.0,9
2,3,0,34,0,9.0,18
2,3,0,35,0,18.0,1
2,3,0,36,0,1.0,6
2,3,0,37,0,6.0,15
2,3,0,38,0,15.0,15
2,3,0,39,0,15.0,5
2,3,0,40,0,5.0,13
2,3,0,41,0,13.0,6
2,3,0,42,0,6.0,14
2,3,0,43,0,14.0,3
2,3,0,44,0,3.0,12
2,3,0,45,0,12.0,11
2,3,0,46,0,11.0,10
2,3,0,47,0,10.0,9
2,3,0,48,0,9.0,17
2,3,0,49,0,17.0,10
2,3,0,50,1,10.0,13
2,3,0,51,1,13.0,3
2,3,0,52,1,3.0,3
2,3,0,1,1,3.0,6
2,3,0,2,0,6.0,10
2,3,0,3,0,10.0,3
2,3,0,4,0,3.0,9
2,3,0,5,0,9.0,18
2,3,0,6,1,18.0,9
2,3,0,7,1,9.0,5
2,3,0,8,1,5.0,16
2,3,0,9,1,16.0,2
2,3,0,10,1,2.0,10
2,3,0,11,1,10.0,11
2,3,0,12,1,11.0,21
2,3,0,13,1,21.0,18
2,3,0,14,0,18.0,8
2,3,0,15,0,8.0,10
2,3,0,16,0,10.0,10
2,3,0,17,0,10.0,8
2,3,0,18,0,8.0,8
2,3,0,19,0,8.0,9
2,3,0,20,0,9.0,20
2,3,0,21,0,20.0,15
2,3,0,22,0,15.0,17
2,3,0,23,0,17.0,10
2,3,0,24,0,10.0,13
2,3,0,25,0,13.0,2
2,3,0,26,0,2.0,5
2,3,0,27,0,5.0,15
2,3,0,28,0,15.0,13
2,3,0,29,0,13.0,8
2,3,0,30,1,8.0,16
2,3,0,31,1,16.0,8
2,3,0,32,0,8.0,8
2,3,0,33,0,8.0,7
2,3,0,34,0,7.0,14
2,3,0,35,0,14.0,5
2,3,0,36,0,5.0,20
2,3,0,37,0,20.0,13
2,3,0,38,0,13.0,17
2,3,0,39,0,17.0,12
2,3,0,40,0,12.0,11
2,3,0,41,0,11.0,2
2,3,0,42,0,2.0,11
2,3,0,43,0,11.0,13
2,3,0,44,0,13.0,8
2,3,0,45,0,8.0,20
2,3,0,46,0,20.0,10
2,3,0,47,0,10.0,17
2,3,0,48,0,17.0,12
2,3,0,49,0,12.0,11
2,3,0,50,0,11.0,6
2,3,0,51,1,6.0,11
2,3,0,52,1,11.0,10
2,3,0,1,1,10.0,8
2,3,0,2,0,8.0,18
2,3,0,3,0,18.0,9
2,3,0,4,0,9.0,19
2,3,0,5,0,19.0,5
2,3,0,6,0,5.0,9
2,3,0,7,1,9.0,6
2,3,0,8,1,6.0,12
2,3,0,9,0,12.0,10
2,3,0,10,1,10.0,11
2,3,0,11,1,11.0,7
2,3,0,12,1,7.0,16
2,3,0,13,1,16.0,3
2,3,0,14,1,3.0,11
2,3,0,15,0,11.0,10
2,3,0,16,0,10.0,18
2,3,0,17,0,18.0,10
2,3,0,18,0,10.0,6
2,3,0,19,0,6.0,13
2,3,0,20,0,13.0,9
2,3,0,21,0,9.0,6
2,3,0,22,0,6.0,20
2,3,0,23,0,20.0,19
2,3,0,24,0,19.0,11
2,3,0,25,0,11.0,2
2,3,0,26,0,2.0,7
2,3,0,27,0,7.0,16
2,3,0,28,0,16.0,19
2,3,0,29,0,19.0,12
2,3,0,30,1,12.0,12
2,3,0,31,1,12.0,11
2,3,0,32,0,11.0,13
2,3,0,33,0,13.0,8
2,3,0,34,0,8.0,10
2,3,0,35,0,10.0,3
2,3,0,36,0,3.0,5
2,3,0,37,0,5.0,11
2,3,0,38,0,11.0,10
2,3,0,39,0,10.0,12
2,3,0,40,0,12.0,4
2,3,0,41,0,4.0,14
2,3,0,42,0,14.0,10
2,3,0,43,0,10.0,15
2,3,0,44,0,15.0,6
2,3,0,45,0,6.0,7
2,3,0,46,0,7.0,22
2,3,0,47,0,22.0,16
2,3,0,48,0,16.0,7
2,3,0,49,0,7.0,9
2,3,0,50,0,9.0,25
2,3,0,51,1,25.0,16
2,3,0,52,1,16.0,14
2,3,0,1,1,14.0,4
2,3,1,1,1,0.0,9
2,3,1,2,0,9.0,10
2,3,1,3,0,10.0,19
2,3,1,4,0,19.0,10
2,3,1,5,0,10.0,18
2,3,1,6,1,18.0,19
2,3,1,7,1,19.0,17
2,3,1,8,1,17.0,8
2,3,1,9,1,8.0,14
2,3,1,10,1,14.0,7
2,3,1,11,1,7.0,10
2,3,1,12,1,10.0,11
2,3,1,13,1,11.0,11
2,3,1,14,0,11.0,11
2,3,1,15,0,11.0,13
2,3,1,16,0,13.0,14
2,3,1,17,0,14.0,13
2,3,1,18,0,13.0,15
2,3,1,19,0,15.0,17
2,3,1,20,0,17.0,8
2,3,1,21,0,8.0,22
2,3,1,22,0,22.0,8
2,3,1,23,0,8.0,14
2,3,1,24,0,14.0,20
2,3,1,25,0,20.0,9
2,3,1,26,0,9.0,11
2,3,1,27,0,11.0,11
2,3,1,28,0,11.0,9
2,3,1,29,1,9.0,12
2,3,1,30,1,12.0,12
2,3,1,31,1,12.0,6
2,3,1,32,0,6.0,8
2,3,1,33,0,8.0,11
2,3,1,34,0,11.0,13
2,3,1,35,0,13.0,10
2,3,1,36,0,10.0,4
2,3,1,37,0,4.0,21
2,3,1,38,0,21.0,20
2,3,1,39,0,20.0,15
2,3,1,40,0,15.0,8
2,3,1,41,0,8.0,13
2,3,1,42,0,13.0,9
2,3,1,43,0,9.0,11
2,3,1,44,0,11.0,5
2,3,1,45,0,5.0,15
2,3,1,47,0,15.0,9
2,3,1,48,0,9.0,7
2,3,1,49,0,7.0,11
2,3,1,50,1,11.0,12
2,3,1,51,1,12.0,6
2,3,1,52,1,6.0,13
2,3,1,1,1,13.0,7
2,3,1,2,0,7.0,7
2,3,1,3,0,7.0,11
2,3,1,4,0,11.0,16
2,3,1,5,0,16.0,18
2,3,1,6,1,18.0,16
2,3,1,7,1,16.0,5
2,3,1,8,1,5.0,13
2,3,1,9,1,13.0,14
2,3,1,10,1,14.0,8
2,3,1,11,1,8.0,1
2,3,1,12,1,1.0,5
2,3,1,13,1,5.0,16
2,3,1,14,0,16.0,10
2,3,1,15,0,10.0,21
2,3,1,16,0,21.0,2
2,3,1,17,0,2.0,6
2,3,1,18,0,6.0,4
2,3,1,19,0,4.0,10
2,3,1,20,0,10.0,12
2,3,1,21,0,12.0,18
2,3,1,22,0,18.0,8
2,3,1,23,0,8.0,10
2,3,1,24,0,10.0,13
2,3,1,25,0,13.0,6
2,3,1,26,0,6.0,14
2,3,1,27,0,14.0,6
2,3,1,28,0,6.0,14
2,3,1,29,0,14.0,22
2,3,1,30,1,22.0,12
2,3,1,31,1,12.0,10
2,3,1,32,0,10.0,12
2,3,1,33,0,12.0,13
2,3,1,34,0,13.0,5
2,3,1,35,0,5.0,14
2,3,1,36,0,14.0,19
2,3,1,37,0,19.0,15
2,3,1,38,0,15.0,4
2,3,1,39,0,4.0,8
2,3,1,40,0,8.0,17
2,3,1,41,0,17.0,6
2,3,1,42,0,6.0,18
2,3,1,43,0,18.0,11
2,3,1,44,0,11.0,10
2,3,1,45,0,10.0,11
2,3,1,46,0,11.0,12
2,3,1,47,0,12.0,8
2,3,1,48,0,8.0,8
2,3,1,49,0,8.0,10
2,3,1,50,0,10.0,4
2,3,1,51,1,4.0,10
2,3,1,52,1,10.0,11
2,3,1,1,1,11.0,13
2,3,1,2,0,13.0,13
2,3,1,3,0,13.0,10
2,3,1,4,0,10.0,13
2,3,1,5,0,13.0,15
2,3,1,6,0,15.0,12
2,3,1,7,1,12.0,7
2,3,1,8,1,7.0,15
2,3,1,9,1,15.0,11
2,3,1,10,1,11.0,11
2,3,1,11,1,11.0,11
2,3,1,12,1,11.0,5
2,3,1,13,1,5.0,5
2,3,1,14,0,5.0,10
2,3,1,15,0,10.0,8
2,3,1,16,0,8.0,13
2,3,1,17,0,13.0,3
2,3,1,18,0,3.0,10
2,3,1,19,0,10.0,15
2,3,1,20,0,15.0,5
2,3,1,21,0,5.0,16
2,3,1,22,0,16.0,16
2,3,1,23,0,16.0,8
2,3,1,24,0,8.0,11
2,3,1,25,0,11.0,6
2,3,1,26,0,6.0,2
2,3,1,27,0,2.0,1
2,3,1,28,0,1.0,6
2,3,1,29,0,6.0,8
2,3,1,30,1,8.0,7
2,3,1,31,1,7.0,5
2,3,1,32,0,5.0,7
2,3,1,33,0,7.0,11
2,3,1,34,0,11.0,27
2,3,1,35,0,27.0,17
2,3,1,36,0,17.0,24
2,3,1,37,0,24.0,18
2,3,1,38,0,18.0,15
2,3,1,39,0,15.0,9
2,3,1,40,0,9.0,10
2,3,1,41,0,10.0,12
2,3,1,42,0,12.0,11
2,3,1,43,0,11.0,8
2,3,1,44,0,8.0,14
2,3,1,45,0,14.0,5
2,3,1,46,0,5.0,12
2,3,1,47,0,12.0,8
2,3,1,48,0,8.0,13
2,3,1,49,0,13.0,15
2,3,1,50,0,15.0,6
2,3,1,51,1,6.0,11
2,3,1,52,1,11.0,12
2,3,1,53,1,12.0,5
2,3,1,1,0,5.0,5
2,3,1,2,0,5.0,9
2,3,1,3,0,9.0,12
2,3,1,4,0,12.0,11
2,3,1,5,0,11.0,10
2,3,1,6,1,10.0,17
2,3,1,7,1,17.0,15
2,3,1,8,0,15.0,19
2,3,1,9,1,19.0,15
2,3,1,10,1,15.0,11
2,3,1,11,1,11.0,10
2,3,1,12,1,10.0,10
2,3,1,13,1,10.0,11
2,3,1,14,0,11.0,18
2,3,1,15,0,18.0,11
2,3,1,16,0,11.0,11
2,3,1,17,0,11.0,17
2,3,1,18,0,17.0,18
2,3,1,19,0,18.0,9
2,3,1,20,0,9.0,13
2,3,1,21,0,13.0,3
2,3,1,22,0,3.0,8
2,3,1,23,0,8.0,27
2,3,1,24,0,27.0,8
2,3,1,25,0,8.0,18
2,3,1,26,0,18.0,11
2,3,1,27,0,11.0,6
2,3,1,28,0,6.0,17
2,3,1,29,1,17.0,10
2,3,1,30,1,10.0,7
2,3,1,31,0,7.0,21
2,3,1,32,0,21.0,13
2,3,1,33,0,13.0,14
2,3,1,34,0,14.0,13
2,3,1,35,0,13.0,10
2,3,1,36,0,10.0,9
2,3,1,37,0,9.0,11
2,3,1,38,0,11.0,6
2,3,1,39,0,6.0,24
2,3,1,40,0,24.0,6
2,3,1,41,0,6.0,7
2,3,1,42,0,7.0,13
2,3,1,43,0,13.0,7
2,3,1,44,0,7.0,15
2,3,1,45,0,15.0,8
2,3,1,46,0,8.0,8
2,3,1,47,0,8.0,17
2,3,1,48,0,17.0,9
2,3,1,49,0,9.0,8
2,3,1,50,1,8.0,6
2,3,1,51,1,6.0,17
2,3,1,52,1,17.0,12
2,3,1,1,1,12.0,1
2,3,1,2,0,1.0,5
2,3,1,3,0,5.0,6
2,3,1,4,0,6.0,17
2,3,1,6,1,17.0,14
2,3,1,7,1,14.0,12
2,3,1,8,0,12.0,4
2,3,1,9,1,4.0,11
2,3,1,10,1,11.0,7
2,3,1,11,1,7.0,10
2,3,1,12,1,10.0,7
2,3,1,13,1,7.0,6
2,3,1,14,0,6.0,7
2,3,1,15,0,7.0,9
2,3,1,16,0,9.0,7
2,3,1,17,0,7.0,25
2,3,1,18,0,25.0,13
2,3,1,19,0,13.0,12
2,3,1,20,0,12.0,9
2,3,1,21,0,9.0,15
2,3,1,22,0,15.0,9
2,3,1,23,0,9.0,16
2,3,1,24,0,16.0,17
2,3,1,25,0,17.0,3
2,3,1,26,0,3.0,5
2,3,1,27,0,5.0,7
2,3,1,28,0,7.0,17
2,3,1,29,1,17.0,9
2,3,1,30,1,9.0,14
2,3,1,31,0,14.0,12
2,3,1,32,0,12.0,19
2,3,1,33,0,19.0,11
2,3,1,34,0,11.0,22
2,3,1,35,0,22.0,5
2,3,1,36,0,5.0,12
2,3,1,37,0,12.0,13
2,3,1,38,0,13.0,14
2,3,1,39,0,14.0,4
2,3,1,40,0,4.0,6
2,3,1,41,0,6.0,6
2,3,1,42,0,6.0,7
2,3,1,43,0,7.0,13
2,3,1,44,0,13.0,8
2,3,1,45,0,8.0,10
2,3,1,46,0,10.0,6
2,3,1,47,0,6.0,7
2,3,1,48,0,7.0,14
2,3,1,49,0,14.0,15
2,3,1,50,1,15.0,19
2,3,1,51,1,19.0,14
2,3,1,52,1,14.0,14
2,3,1,1,1,14.0,9
2,3,1,2,0,9.0,3
2,3,1,3,0,3.0,4
2,3,1,4,0,4.0,13
2,3,1,5,0,13.0,11
2,3,1,6,1,11.0,18
2,3,1,7,1,18.0,17
2,3,1,8,1,17.0,11
2,3,1,9,1,11.0,5
2,3,1,10,1,5.0,16
2,3,1,11,1,16.0,7
2,3,1,12,1,7.0,10
2,3,1,13,1,10.0,11
2,3,1,14,0,11.0,7
2,3,1,15,0,7.0,9
2,3,1,16,0,9.0,19
2,3,1,17,0,19.0,7
2,3,1,18,0,7.0,12
2,3,1,19,0,12.0,12
2,3,1,20,0,12.0,11
2,3,1,21,0,11.0,13
2,3,1,22,0,13.0,3
2,3,1,23,0,3.0,8
2,3,1,24,0,8.0,16
2,3,1,25,0,16.0,8
2,3,1,26,0,8.0,6
2,3,1,27,0,6.0,11
2,3,1,28,0,11.0,8
2,3,1,29,1,8.0,14
2,3,1,30,1,14.0,8
2,3,1,31,0,8.0,4
2,3,1,32,0,4.0,10
2,3,1,33,0,10.0,2
2,3,1,34,0,2.0,15
2,3,1,35,0,15.0,10
2,3,1,36,0,10.0,12
2,3,1,38,0,12.0,10
2,3,1,39,0,10.0,7
2,3,1,40,0,7.0,19
2,3,1,41,0,19.0,11
2,3,1,42,0,11.0,3
2,3,1,43,0,3.0,7
2,3,1,44,0,7.0,9
2,3,1,45,0,9.0,17
2,3,1,46,0,17.0,13
2,3,1,47,0,13.0,12
2,3,1,48,0,12.0,10
2,3,1,49,0,10.0,14
2,3,1,50,1,14.0,9
2,3,1,51,1,9.0,12
2,3,1,52,1,12.0,8
2,3,1,1,1,8.0,9
2,3,1,2,0,9.0,16
2,3,1,3,0,16.0,8
2,3,1,4,0,8.0,9
2,3,1,5,0,9.0,10
2,3,1,6,1,10.0,6
2,3,1,7,1,6.0,14
2,3,1,8,1,14.0,9
2,3,1,9,0,9.0,8
2,3,1,10,1,8.0,16
2,3,1,11,1,16.0,6
2,3,1,12,1,6.0,11
2,3,1,13,1,11.0,12
2,3,1,14,0,12.0,15
2,3,1,15,0,15.0,21
2,3,1,16,0,21.0,9
2,3,1,17,0,9.0,16
2,3,1,18,0,16.0,21
2,3,1,19,0,21.0,9
2,3,1,20,0,9.0,9
2,3,1,21,0,9.0,1
2,3,1,22,0,1.0,3
2,3,1,23,0,3.0,16
2,3,1,24,0,16.0,12
2,3,1,25,0,12.0,5
2,3,1,26,0,5.0,3
2,3,1,27,0,3.0,7
2,3,1,28,0,7.0,16
2,3,1,29,0,16.0,29
2,3,1,30,1,29.0,6
2,3,1,31,1,6.0,21
2,3,1,32,0,21.0,17
2,3,1,33,0,17.0,8
2,3,1,34,0,8.0,17
2,3,1,35,0,17.0,6
2,3,1,36,0,6.0,11
2,3,1,37,0,11.0,18
2,3,1,38,0,18.0,9
2,3,1,39,0,9.0,9
2,3,1,40,0,9.0,17
2,3,1,41,0,17.0,3
2,3,1,42,0,3.0,6
2,3,1,43,0,6.0,14
2,3,1,44,0,14.0,20
2,3,1,45,0,20.0,6
2,3,1,46,0,6.0,12
2,3,1,47,0,12.0,11
2,3,1,48,0,11.0,10
2,3,1,49,0,10.0,8
2,3,1,50,1,8.0,8
2,3,1,51,1,8.0,15
2,3,1,52,1,15.0,19
2,3,1,1,1,19.0,4
2,3,1,2,0,4.0,1
2,3,1,3,0,1.0,13
2,3,1,4,0,13.0,20
2,3,1,5,0,20.0,18
2,3,1,6,0,18.0,14
2,3,1,7,1,14.0,11
2,3,1,8,1,11.0,19
2,3,1,9,1,19.0,9
2,3,1,10,1,9.0,3
2,3,1,11,1,3.0,15
2,3,1,12,1,15.0,10
2,3,1,13,1,10.0,5
2,3,1,14,0,5.0,9
2,3,1,15,0,9.0,7
2,3,1,16,0,7.0,8
2,3,1,17,0,8.0,4
2,3,1,18,0,4.0,16
2,3,1,19,0,16.0,12
2,3,1,20,0,12.0,5
2,3,1,21,0,5.0,2
2,3,1,22,0,2.0,5
2,3,1,23,0,5.0,8
2,3,1,24,0,8.0,11
2,3,1,25,0,11.0,3
2,3,1,26,0,3.0,9
2,3,1,27,0,9.0,17
2,3,1,28,0,17.0,11
2,3,1,29,0,11.0,9
2,3,1,30,1,9.0,10
2,3,1,31,1,10.0,12
2,3,1,32,0,12.0,2
2,3,1,33,0,2.0,5
2,3,1,34,0,5.0,13
2,3,1,35,0,13.0,17
2,3,1,36,0,17.0,10
2,3,1,37,0,10.0,7
2,3,1,38,0,7.0,10
2,3,1,39,0,10.0,6
2,3,1,40,0,6.0,13
2,3,1,41,0,13.0,11
2,3,1,42,0,11.0,14
2,3,1,43,0,14.0,3
2,3,1,44,0,3.0,7
2,3,1,45,0,7.0,13
2,3,1,46,0,13.0,6
2,3,1,47,0,6.0,16
2,3,1,48,0,16.0,15
2,3,1,49,0,15.0,14
2,3,1,50,0,14.0,14
2,3,1,51,1,14.0,12
2,3,1,52,1,12.0,2
2,3,1,1,1,2.0,4
2,3,2,1,1,0.0,19
2,3,2,2,0,19.0,8
2,3,2,3,0,8.0,12
2,3,2,4,0,12.0,7
2,3,2,5,0,7.0,12
2,3,2,6,1,12.0,5
2,3,2,7,1,5.0,3
2,3,2,8,1,3.0,12
2,3,2,9,1,12.0,7
2,3,2,10,1,7.0,11
2,3,2,11,1,11.0,12
2,3,2,12,1,12.0,8
2,3,2,13,1,8.0,13
2,3,2,14,0,13.0,11
2,3,2,15,0,11.0,17
2,3,2,16,0,17.0,6
2,3,2,17,0,6.0,12
2,3,2,18,0,12.0,17
2,3,2,19,0,17.0,8
2,3,2,20,0,8.0,23
2,3,2,21,0,23.0,6
2,3,2,22,0,6.0,15
2,3,2,23,0,15.0,3
2,3,2,24,0,3.0,7
2,3,2,25,0,7.0,4
2,3,2,26,0,4.0,13
2,3,2,27,0,13.0,21
2,3,2,28,0,21.0,7
2,3,2,29,0,7.0,4
2,3,2,30,1,4.0,12
2,3,2,31,1,12.0,12
2,3,2,32,0,12.0,3
2,3,2,33,0,3.0,21
2,3,2,34,0,21.0,1
2,3,2,35,0,1.0,5
2,3,2,36,0,5.0,12
2,3,2,37,0,12.0,13
2,3,2,38,0,13.0,6
2,3,2,39,0,6.0,19
2,3,2,40,0,19.0,14
2,3,2,41,0,14.0,15
2,3,2,42,0,15.0,6
2,3,2,43,0,6.0,5
2,3,2,44,0,5.0,6
2,3,2,45,0,6.0,18
2,3,2,46,0,18.0,8
2,3,2,47,0,8.0,2
2,3,2,48,0,2.0,10
2,3,2,49,0,10.0,18
2,3,2,50,1,18.0,10
2,3,2,51,1,10.0,12
2,3,2,52,1,12.0,14
2,3,2,1,1,14.0,14
2,3,2,2,0,14.0,14
2,3,2,3,0,14.0,6
2,3,2,4,0,6.0,17
2,3,2,5,0,17.0,9
2,3,2,6,1,9.0,9
2,3,2,7,1,9.0,9
2,3,2,8,1,9.0,2
2,3,2,9,1,2.0,7
2,3,2,11,1,7.0,9
2,3,2,12,1,9.0,9
2,3,2,13,1,9.0,13
2,3,2,14,0,13.0,15
2,3,2,15,0,15.0,21
2,3,2,16,0,21.0,20
2,3,2,17,0,20.0,12
2,3,2,18,0,12.0,13
2,3,2,19,0,13.0,5
2,3,2,20,0,5.0,10
2,3,2,21,0,10.0,5
2,3,2,22,0,5.0,9
2,3,2,23,0,9.0,12
2,3,2,24,0,12.0,20
2,3,2,25,0,20.0,11
2,3,2,26,0,11.0,14
2,3,2,27,0,14.0,4
2,3,2,28,0,4.0,6
2,3,2,29,0,6.0,4
2,3,2,30,1,4.0,11
2,3,2,31,1,11.0,9
2,3,2,32,0,9.0,8
2,3,2,33,0,8.0,6
2,3,2,34,0,6.0,8
2,3,2,35,0,8.0,19
2,3,2,36,0,19.0,7
2,3,2,37,0,7.0,14
2,3,2,38,0,14.0,17
2,3,2,39,0,17.0,20
2,3,2,40,0,20.0,10
2,3,2,41,0,10.0,10
2,3,2,42,0,10.0,22
2,3,2,43,0,22.0,8
2,3,2,44,0,8.0,5
2,3,2,45,0,5.0,21
2,3,2,46,0,21.0,15
2,3,2,47,0,15.0,8
2,3,2,48,0,8.0,17
2,3,2,49,0,17.0,2
2,3,2,50,1,2.0,7
2,3,2,51,1,7.0,3
2,3,2,52,1,3.0,10
2,3,2,1,1,10.0,10
2,3,2,2,0,10.0,6
2,3,2,3,0,6.0,8
2,3,2,4,0,8.0,10
2,3,2,5,0,10.0,8
2,3,2,6,0,8.0,8
2,3,2,7,1,8.0,7
2,3,2,8,1,7.0,13
2,3,2,9,0,13.0,11
2,3,2,10,1,11.0,18
2,3,2,11,1,18.0,11
2,3,2,12,1,11.0,9
2,3,2,13,1,9.0,5
2,3,2,14,1,5.0,11
2,3,2,15,0,11.0,14
2,3,2,16,0,14.0,12
2,3,2,17,0,12.0,7
2,3,2,18,0,7.0,16
2,3,2,19,0,16.0,12
2,3,2,21,0,12.0,10
2,3,2,22,0,10.0,3
2,3,2,23,0,3.0,14
2,3,2,24,0,14.0,13
2,3,2,25,0,13.0,10
2,3,2,26,0,10.0,10
2,3,2,27,0,10.0,7
2,3,2,28,0,7.0,7
2,3,2,29,0,7.0,4
2,3,2,30,1,4.0,11
2,3,2,31,1,11.0,16
2,3,2,32,0,16.0,12
2,3,2,33,0,12.0,17
2,3,2,34,0,17.0,5
2,3,2,35,0,5.0,11
2,3,2,36,0,11.0,6
2,3,2,37,0,6.0,14
2,3,2,38,0,14.0,9
2,3,2,39,0,9.0,10
2,3,2,40,0,10.0,9
2,3,2,41,0,9.0,8
2,3,2,42,0,8.0,18
2,3,2,43,0,18.0,10
2,3,2,44,0,10.0,12
2,3,2,45,0,12.0,12
2,3,2,46,0,12.0,12
2,3,2,47,0,12.0,7
2,3,2,48,0,7.0,1
2,3,2,49,0,1.0,13
2,3,2,50,0,13.0,4
2,3,2,51,1,4.0,10
2,3,2,52,1,10.0,4
2,3,2,53,1,4.0,13
2,3,2,1,1,13.0,1
2,3,2,2,0,1.0,4
2,3,2,3,0,4.0,5
2,3,2,4,0,5.0,11
2,3,2,5,0,11.0,12
2,3,2,6,1,12.0,9
2,3,2,7,1,9.0,13
2,3,2,8,0,13.0,7
2,3,2,9,1,7.0,15
2,3,2,10,1,15.0,11
2,3,2,11,1,11.0,19
2,3,2,12,1,19.0,19
2,3,2,13,1,19.0,14
2,3,2,14,0,14.0,17
2,3,2,15,0,17.0,10
2,3,2,16,0,10.0,8
2,3,2,17,0,8.0,16
2,3,2,18,0,16.0,15
2,3,2,20,0,15.0,5
2,3,2,21,0,5.0,10
2,3,2,22,0,10.0,7
2,3,2,23,0,7.0,9
2,3,2,24,0,9.0,9
2,3,2,25,0,9.0,8
2,3,2,26,0,8.0,3
2,3,2,27,0,3.0,18
2,3,2,28,0,18.0,24
2,3,2,29,1,24.0,4
2,3,2,30,1,4.0,9
2,3,2,31,0,9.0,17
2,3,2,32,0,17.0,10
2,3,2,33,0,10.0,4
2,3,2,34,0,4.0,14
2,3,2,35,0,14.0,8
2,3,2,36,0,8.0,14
2,3,2,37,0,14.0,4
2,3,2,38,0,4.0,6
2,3,2,39,0,6.0,6
2,3,2,40,0,6.0,8
2,3,2,41,0,8.0,5
2,3,2,42,0,5.0,5
2,3,2,43,0,5.0,13
2,3,2,44,0,13.0,9
2,3,2,45,0,9.0,9
2,3,2,46,0,9.0,10
2,3,2,47,0,10.0,5
2,3,2,48,0,5.0,7
2,3,2,49,0,7.0,4
2,3,2,50,1,4.0,23
2,3,2,51,1,23.0,10
2,3,2,52,1,10.0,14
2,3,2,1,1,14.0,5
2,3,2,2,0,5.0,8
2,3,2,3,0,8.0,17
2,3,2,4,0,17.0,9
2,3,2,5,0,9.0,9
2,3,2,6,1,9.0,5
2,3,2,7,1,5.0,12
2,3,2,8,0,12.0,10
2,3,2,9,1,10.0,6
2,3,2,10,1,6.0,13
2,3,2,11,1,13.0,11
2,3,2,12,1,11.0,6
2,3,2,13,1,6.0,8
2,3,2,14,0,8.0,14
2,3,2,15,0,14.0,8
2,3,2,16,0,8.0,12
2,3,2,17,0,12.0,8
2,3,2,18,0,8.0,5
2,3,2,19,0,5.0,7
2,3,2,20,0,7.0,18
2,3,2,21,0,18.0,13
2,3,2,22,0,13.0,2
2,3,2,23,0,2.0,3
2,3,2,24,0,3.0,7
2,3,2,25,0,7.0,15
2,3,2,26,0,15.0,11
2,3,2,27,0,11.0,15
2,3,2,28,0,15.0,15
2,3,2,29,1,15.0,8
2,3,2,30,1,8.0,3
2,3,2,31,0,3.0,10
2,3,2,32,0,10.0,3
2,3,2,33,0,3.0,9
2,3,2,34,0,9.0,16
2,3,2,35,0,16.0,9
2,3,2,36,0,9.0,5
2,3,2,37,0,5.0,11
2,3,2,38,0,11.0,24
2,3,2,39,0,24.0,8
2,3,2,40,0,8.0,7
2,3,2,41,0,7.0,18
2,3,2,42,0,18.0,3
2,3,2,43,0,3.0,7
2,3,2,44,0,7.0,27
2,3,2,45,0,27.0,17
2,3,2,46,0,17.0,10
2,3,2,47,0,10.0,13
2,3,2,48,0,13.0,13
2,3,2,49,0,13.0,14
2,3,2,50,1,14.0,16
2,3,2,51,1,16.0,6
2,3,2,52,1,6.0,5
2,3,2,1,1,5.0,8
2,3,2,2,0,8.0,4
2,3,2,3,0,4.0,13
2,3,2,4,0,13.0,8
2,3,2,5,0,8.0,10
2,3,2,6,1,10.0,10
2,3,2,7,1,10.0,15
2,3,2,8,0,15.0,7
2,3,2,9,1,7.0,11
2,3,2,10,1,11.0,11
2,3,2,11,1,11.0,7
2,3,2,12,1,7.0,19
2,3,2,13,1,19.0,9
2,3,2,14,0,9.0,3
2,3,2,15,0,3.0,23
2,3,2,16,0,23.0,8
2,3,2,17,0,8.0,12
2,3,2,18,0,12.0,7
2,3,2,19,0,7.0,15
2,3,2,20,0,15.0,10
2,3,2,21,0,10.0,3
2,3,2,22,0,3.0,11
2,3,2,23,0,11.0,6
2,3,2,24,0,6.0,6
2,3,2,25,0,6.0,11
2,3,2,26,0,11.0,10
2,3,2,27,0,10.0,15
2,3,2,28,0,15.0,18
2,3,2,29,0,18.0,6
2,3,2,30,1,6.0,15
2,3,2,31,0,15.0,11
2,3,2,32,0,11.0,4
2,3,2,33,0,4.0,10
2,3,2,34,0,10.0,9
2,3,2,35,0,9.0,14
2,3,2,36,0,14.0,21
2,3,2,37,0,21.0,11
2,3,2,38,0,11.0,8
2,3,2,39,0,8.0,15
2,3,2,40,0,15.0,2
2,3,2,41,0,2.0,18
2,3,2,42,0,18.0,10
2,3,2,43,0,10.0,25
2,3,2,44,0,25.0,8
2,3,2,45,0,8.0,16
2,3,2,46,0,16.0,10
2,3,2,47,0,10.0,14
2,3,2,48,0,14.0,17
2,3,2,49,0,17.0,17
2,3,2,50,1,17.0,10
2,3,2,51,1,10.0,17
2,3,2,52,1,17.0,15
2,3,2,1,1,15.0,15
2,3,2,2,0,15.0,14
2,3,2,3,0,14.0,11
2,3,2,4,0,11.0,25
2,3,2,5,0,25.0,12
2,3,2,6,0,12.0,3
2,3,2,7,1,3.0,9
2,3,2,8,1,9.0,10
2,3,2,9,1,10.0,6
2,3,2,10,1,6.0,8
2,3,2,11,1,8.0,7
2,3,2,12,1,7.0,1
2,3,2,13,1,1.0,13
2,3,2,14,0,13.0,7
2,3,2,15,0,7.0,12
2,3,2,16,0,12.0,9
2,3,2,17,0,9.0,9
2,3,2,18,0,9.0,12
2,3,2,19,0,12.0,6
2,3,2,20,0,6.0,5
2,3,2,21,0,5.0,4
2,3,2,22,0,4.0,11
2,3,2,23,0,11.0,9
2,3,2,24,0,9.0,1
2,3,2,25,0,1.0,4
2,3,2,26,0,4.0,20
2,3,2,27,0,20.0,10
2,3,2,28,0,10.0,12
2,3,2,29,0,12.0,8
2,3,2,30,1,8.0,14
2,3,2,31,1,14.0,22
2,3,2,32,0,22.0,14
2,3,2,33,0,14.0,10
2,3,2,34,0,10.0,5
2,3,2,35,0,5.0,10
2,3,2,36,0,10.0,14
2,3,2,37,0,14.0,9
2,3,2,38,0,9.0,11
2,3,2,39,0,11.0,4
2,3,2,40,0,4.0,7
2,3,2,41,0,7.0,5
2,3,2,42,0,5.0,8
2,3,2,43,0,8.0,9
2,3,2,44,0,9.0,5
2,3,2,45,0,5.0,20
2,3,2,46,0,20.0,2
2,3,2,47,0,2.0,13
2,3,2,48,0,13.0,15
2,3,2,49,0,15.0,4
2,3,2,50,1,4.0,9
2,3,2,51,1,9.0,11
2,3,2,52,1,11.0,3
2,3,2,1,1,3.0,2
2,3,2,2,0,2.0,6
2,3,2,3,0,6.0,6
2,3,2,4,0,6.0,13
2,3,2,5,0,13.0,9
2,3,2,6,0,9.0,13
2,3,2,7,1,13.0,8
2,3,2,8,1,8.0,13
2,3,2,9,1,13.0,14
2,3,2,10,1,14.0,8
2,3,2,11,1,8.0,5
2,3,2,12,1,5.0,10
2,3,2,13,1,10.0,7
2,3,2,14,1,7.0,7
2,3,2,15,0,7.0,14
2,3,2,16,0,14.0,1
2,3,2,17,0,1.0,13
2,3,2,18,0,13.0,5
2,3,2,19,0,5.0,15
2,3,2,20,0,15.0,15
2,3,2,21,0,15.0,3
2,3,2,22,0,3.0,8
2,3,2,23,0,8.0,7
2,3,2,24,0,7.0,18
2,3,2,25,0,18.0,12
2,3,2,26,0,12.0,14
2,3,2,27,0,14.0,15
2,3,2,28,0,15.0,14
2,3,2,29,0,14.0,8
2,3,2,30,1,8.0,11
2,3,2,31,1,11.0,6
2,3,2,32,0,6.0,17
2,3,2,33,0,17.0,14
2,3,2,34,0,14.0,8
2,3,2,35,0,8.0,6
2,3,2,36,0,6.0,1
2,3,2,37,0,1.0,6
2,3,2,38,0,6.0,15
2,3,2,39,0,15.0,15
2,3,2,40,0,15.0,10
2,3,2,41,0,10.0,6
2,3,2,42,0,6.0,4
2,3,2,43,0,4.0,6
2,3,2,44,0,6.0,12
2,3,2,45,0,12.0,8
2,3,2,46,0,8.0,12
2,3,2,47,0,12.0,10
2,3,2,48,0,10.0,2
2,3,2,49,0,2.0,10
2,3,2,50,0,10.0,19
2,3,2,51,1,19.0,14
2,3,2,52,1,14.0,9
2,3,2,1,1,9.0,3
2,4,0,1,1,0.0,44
2,4,0,2,0,44.0,1
2,4,0,3,0,1.0,14
2,4,0,4,0,14.0,31
2,4,0,5,0,31.0,12
2,4,0,6,1,12.0,57
2,4,0,7,1,57.0,74
2,4,0,8,0,74.0,1
2,4,0,9,1,1.0,6
2,4,0,10,1,6.0,3
2,4,0,11,1,3.0,8
2,4,0,12,1,8.0,6
2,4,0,13,1,6.0,13
2,4,0,14,0,13.0,11
2,4,0,15,0,11.0,8
2,4,0,16,0,8.0,9
2,4,0,17,0,9.0,8
2,4,0,18,0,8.0,8
2,4,0,19,0,8.0,13
2,4,0,20,0,13.0,5
2,4,0,21,0,5.0,10
2,4,0,22,0,10.0,6
2,4,0,23,0,6.0,10
2,4,0,24,0,10.0,6
2,4,0,25,0,6.0,10
2,4,0,26,0,10.0,10
2,4,0,27,0,10.0,5
2,4,0,28,0,5.0,2
2,4,0,29,0,2.0,12
2,4,0,30,1,12.0,48
2,4,0,31,1,48.0,70
2,4,0,32,0,70.0,9
2,4,0,33,0,9.0,4
2,4,0,34,0,4.0,15
2,4,0,35,0,15.0,13
2,4,0,36,0,13.0,4
2,4,0,37,0,4.0,6
2,4,0,38,0,6.0,17
2,4,0,39,0,17.0,21
2,4,0,40,0,21.0,6
2,4,0,41,0,6.0,4
2,4,0,42,0,4.0,21
2,4,0,43,0,21.0,4
2,4,0,44,0,4.0,10
2,4,0,45,0,10.0,15
2,4,0,46,0,15.0,10
2,4,0,47,0,10.0,20
2,4,0,48,0,20.0,13
2,4,0,49,0,13.0,17
2,4,0,50,1,17.0,50
2,4,0,51,1,50.0,27
2,4,0,52,1,27.0,33
2,4,0,1,1,33.0,75
2,4,0,2,0,75.0,11
2,4,0,3,0,11.0,5
2,4,0,4,0,5.0,11
2,4,0,5,0,11.0,10
2,4,0,6,1,10.0,32
2,4,0,7,1,32.0,72
2,4,0,8,1,72.0,65
2,4,0,9,1,65.0,23
2,4,0,10,1,23.0,7
2,4,0,11,1,7.0,6
2,4,0,12,1,6.0,6
2,4,0,13,1,6.0,16
2,4,0,14,0,16.0,11
2,4,0,15,0,11.0,11
2,4,0,16,0,11.0,8
2,4,0,17,0,8.0,9
2,4,0,18,0,9.0,6
2,4,0,19,0,6.0,7
2,4,0,20,0,7.0,11
2,4,0,21,0,11.0,9
2,4,0,22,0,9.0,17
2,4,0,23,0,17.0,17
2,4,0,24,0,17.0,12
2,4,0,25,0,12.0,9
2,4,0,26,0,9.0,14
2,4,0,27,0,14.0,5
2,4,0,28,0,5.0,7
2,4,0,29,0,7.0,3
2,4,0,30,1,3.0,52
2,4,0,31,1,52.0,39
2,4,0,32,0,39.0,3
2,4,0,33,0,3.0,5
2,4,0,34,0,5.0,18
2,4,0,35,0,18.0,7
2,4,0,36,0,7.0,11
2,4,0,37,0,11.0,4
2,4,0,38,0,4.0,8
2,4,0,39,0,8.0,6
2,4,0,40,0,6.0,19
2,4,0,41,0,19.0,10
2,4,0,42,0,10.0,6
2,4,0,43,0,6.0,13
2,4,0,44,0,13.0,14
2,4,0,45,0,14.0,14
2,4,0,46,0,14.0,15
2,4,0,47,0,15.0,1
2,4,0,48,0,1.0,11
2,4,0,49,0,11.0,11
2,4,0,50,0,11.0,14
2,4,0,51,1,14.0,61
2,4,0,52,1,61.0,15
2,4,0,1,1,15.0,48
2,4,0,2,0,48.0,9
2,4,0,3,0,9.0,7
2,4,0,4,0,7.0,10
2,4,0,5,0,10.0,12
2,4,0,6,0,12.0,15
2,4,0,7,1,15.0,92
2,4,0,8,1,92.0,53
2,4,0,9,1,53.0,12
2,4,0,10,1,12.0,14
2,4,0,11,1,14.0,7
2,4,0,12,1,7.0,16
2,4,0,13,1,16.0,10
2,4,0,14,1,10.0,16
2,4,0,15,0,16.0,11
2,4,0,16,0,11.0,12
2,4,0,17,0,12.0,10
2,4,0,18,0,10.0,12
2,4,0,19,0,12.0,17
2,4,0,20,0,17.0,11
2,4,0,21,0,11.0,9
2,4,0,22,0,9.0,14
2,4,0,23,0,14.0,9
2,4,0,24,0,9.0,12
2,4,0,25,0,12.0,22
2,4,0,26,0,22.0,3
2,4,0,27,0,3.0,5
2,4,0,28,0,5.0,13
2,4,0,29,0,13.0,7
2,4,0,30,1,7.0,52
2,4,0,31,1,52.0,45
2,4,0,32,0,45.0,10
2,4,0,33,0,10.0,17
2,4,0,34,0,17.0,9
2,4,0,35,0,9.0,6
2,4,0,36,0,6.0,10
2,4,0,37,0,10.0,14
2,4,0,38,0,14.0,13
2,4,0,39,0,13.0,9
2,4,0,40,0,9.0,9
2,4,0,41,0,9.0,4
2,4,0,42,0,4.0,10
2,4,0,43,0,10.0,22
2,4,0,44,0,22.0,18
2,4,0,45,0,18.0,21
2,4,0,46,0,21.0,10
2,4,0,47,0,10.0,13
2,4,0,48,0,13.0,8
2,4,0,49,0,8.0,10
2,4,0,50,0,10.0,11
2,4,0,51,1,11.0,44
2,4,0,52,1,44.0,114
2,4,0,53,1,114.0,43
2,4,0,1,1,43.0,26
2,4,0,2,0,26.0,25
2,4,0,3,0,25.0,8
2,4,0,4,0,8.0,9
2,4,0,5,0,9.0,7
2,4,0,6,1,7.0,85
2,4,0,7,1,85.0,99
2,4,0,8,0,99.0,16
2,4,0,9,1,16.0,7
2,4,0,10,1,7.0,8
2,4,0,11,1,8.0,10
2,4,0,12,1,10.0,21
2,4,0,13,0,21.0,2
2,4,0,14,0,2.0,10
2,4,0,15,0,10.0,6
2,4,0,16,0,6.0,18
2,4,0,17,0,18.0,10
2,4,0,18,0,10.0,16
2,4,0,19,0,16.0,10
2,4,0,20,0,10.0,6
2,4,0,21,0,6.0,21
2,4,0,22,0,21.0,11
2,4,0,23,0,11.0,9
2,4,0,24,0,9.0,20
2,4,0,25,0,20.0,8
2,4,0,26,0,8.0,10
2,4,0,27,0,10.0,1
2,4,0,28,0,1.0,10
2,4,0,29,1,10.0,36
2,4,0,30,1,36.0,16
2,4,0,31,0,16.0,20
2,4,0,32,0,20.0,19
2,4,0,33,0,19.0,13
2,4,0,34,0,13.0,16
2,4,0,35,0,16.0,6
2,4,0,36,0,6.0,14
2,4,0,37,0,14.0,11
2,4,0,38,0,11.0,6
2,4,0,39,0,6.0,7
2,4,0,40,0,7.0,24
2,4,0,41,0,24.0,10
2,4,0,42,0,10.0,13
2,4,0,43,0,13.0,10
2,4,0,44,0,10.0,3
2,4,0,45,0,3.0,10
2,4,0,46,0,10.0,20
2,4,0,47,0,20.0,4
2,4,0,48,0,4.0,11
2,4,0,49,0,11.0,8
2,4,0,50,1,8.0,41
2,4,0,51,1,41.0,39
2,4,0,52,1,39.0,41
2,4,0,1,1,41.0,40
2,4,0,2,0,40.0,12
2,4,0,3,0,12.0,7
2,4,0,4,0,7.0,4
2,4,0,5,0,4.0,14
2,4,0,6,1,14.0,28
2,4,0,7,1,28.0,54
2,4,0,8,0,54.0,10
2,4,0,9,1,10.0,11
2,4,0,10,1,11.0,12
2,4,0,11,1,12.0,8
2,4,0,12,1,8.0,4
2,4,0,13,1,4.0,13
2,4,0,14,0,13.0,16
2,4,0,15,0,16.0,11
2,4,0,16,0,11.0,9
2,4,0,17,0,9.0,6
2,4,0,18,0,6.0,13
2,4,0,19,0,13.0,7
2,4,0,20,0,7.0,8
2,4,0,21,0,8.0,8
2,4,0,22,0,8.0,2
2,4,0,23,0,2.0,23
2,4,0,24,0,23.0,14
2,4,0,25,0,14.0,3
2,4,0,26,0,3.0,10
2,4,0,27,0,10.0,13
2,4,0,28,0,13.0,11
2,4,0,29,0,11.0,2
2,4,0,30,1,2.0,83
2,4,0,31,0,83.0,3
2,4,0,32,0,3.0,7
2,4,0,33,0,7.0,9
2,4,0,34,0,9.0,15
2,4,0,35,0,15.0,5
2,4,0,36,0,5.0,12
2,4,0,37,0,12.0,13
2,4,0,38,0,13.0,21
2,4,0,39,0,21.0,15
2,4,0,40,0,15.0,18
2,4,0,41,0,18.0,15
2,4,0,42,0,15.0,16
2,4,0,43,0,16.0,13
2,4,0,44,0,13.0,21
2,4,0,45,0,21.0,5
2,4,0,46,0,5.0,9
2,4,0,47,0,9.0,3
2,4,0,48,0,3.0,6
2,4,0,49,0,6.0,22
2,4,0,50,1,22.0,57
2,4,0,51,1,57.0,47
2,4,0,52,1,47.0,24
2,4,0,1,1,24.0,65
2,4,0,2,0,65.0,9
2,4,0,3,0,9.0,16
2,4,0,4,0,16.0,8
2,4,0,5,0,8.0,18
2,4,0,6,1,18.0,76
2,4,0,7,1,76.0,11
2,4,0,8,1,11.0,32
2,4,0,9,1,32.0,9
2,4,0,10,1,9.0,11
2,4,0,11,1,11.0,4
2,4,0,12,1,4.0,20
2,4,0,13,1,20.0,19
2,4,0,14,0,19.0,7
2,4,0,15,0,7.0,7
2,4,0,16,0,7.0,13
2,4,0,17,0,13.0,9
2,4,0,18,0,9.0,8
2,4,0,19,0,8.0,10
2,4,0,20,0,10.0,13
2,4,0,21,0,13.0,22
2,4,0,22,0,22.0,6
2,4,0,23,0,6.0,8
2,4,0,24,0,8.0,13
2,4,0,25,0,13.0,7
2,4,0,26,0,7.0,4
2,4,0,27,0,4.0,20
2,4,0,28,0,20.0,9
2,4,0,29,1,9.0,37
2,4,0,30,1,37.0,45
2,4,0,31,0,45.0,11
2,4,0,32,0,11.0,8
2,4,0,33,0,8.0,16
2,4,0,34,0,16.0,11
2,4,0,35,0,11.0,19
2,4,0,36,0,19.0,8
2,4,0,37,0,8.0,8
2,4,0,38,0,8.0,13
2,4,0,39,0,13.0,4
2,4,0,40,0,4.0,17
2,4,0,41,0,17.0,7
2,4,0,42,0,7.0,7
2,4,0,43,0,7.0,6
2,4,0,44,0,6.0,9
2,4,0,45,0,9.0,9
2,4,0,46,0,9.0,9
2,4,0,47,0,9.0,16
2,4,0,48,0,16.0,10
2,4,0,49,0,10.0,15
2,4,0,50,1,15.0,54
2,4,0,51,1,54.0,41
2,4,0,52,1,41.0,109
2,4,0,1,1,109.0,61
2,4,0,2,0,61.0,15
2,4,0,3,0,15.0,10
2,4,0,4,0,10.0,17
2,4,0,5,0,17.0,6
2,4,0,6,0,6.0,12
2,4,0,7,1,12.0,83
2,4,0,8,1,83.0,36
2,4,0,9,1,36.0,8
2,4,0,10,1,8.0,6
2,4,0,11,1,6.0,13
2,4,0,12,1,13.0,5
2,4,0,13,1,5.0,7
2,4,0,14,0,7.0,13
2,4,0,15,0,13.0,13
2,4,0,16,0,13.0,15
2,4,0,17,0,15.0,8
2,4,0,18,0,8.0,20
2,4,0,19,0,20.0,19
2,4,0,20,0,19.0,8
2,4,0,21,0,8.0,20
2,4,0,22,0,20.0,13
2,4,0,23,0,13.0,13
2,4,0,24,0,13.0,2
2,4,0,25,0,2.0,14
2,4,0,26,0,14.0,15
2,4,0,27,0,15.0,3
2,4,0,28,0,3.0,19
2,4,0,29,0,19.0,14
2,4,0,30,1,14.0,74
2,4,0,31,1,74.0,69
2,4,0,32,0,69.0,3
2,4,0,33,0,3.0,10
2,4,0,34,0,10.0,16
2,4,0,35,0,16.0,2
2,4,0,36,0,2.0,16
2,4,0,37,0,16.0,5
2,4,0,38,0,5.0,11
2,4,0,39,0,11.0,15
2,4,0,40,0,15.0,7
2,4,0,41,0,7.0,3
2,4,0,42,0,3.0,12
2,4,0,43,0,12.0,13
2,4,0,44,0,13.0,15
2,4,0,45,0,15.0,16
2,4,0,46,0,16.0,10
2,4,0,47,0,10.0,12
2,4,0,48,0,12.0,8
2,4,0,49,0,8.0,10
2,4,0,50,0,10.0,11
2,4,0,51,1,11.0,47
2,4,0,52,1,47.0,69
2,4,0,1,1,69.0,77
2,4,0,2,0,77.0,12
2,4,0,3,0,12.0,6
2,4,0,4,0,6.0,12
2,4,0,5,0,12.0,11
2,4,0,6,0,11.0,3
2,4,0,7,1,3.0,71
2,4,0,8,1,71.0,40
2,4,0,9,0,40.0,5
2,4,0,10,1,5.0,10
2,4,0,11,1,10.0,7
2,4,0,12,1,7.0,10
2,4,0,13,1,10.0,19
2,4,0,14,1,19.0,11
2,4,0,15,0,11.0,2
2,4,0,16,0,2.0,17
2,4,0,17,0,17.0,11
2,4,0,18,0,11.0,9
2,4,0,19,0,9.0,12
2,4,0,20,0,12.0,8
2,4,0,21,0,8.0,8
2,4,0,22,0,8.0,9
2,4,0,23,0,9.0,13
2,4,0,24,0,13.0,21
2,4,0,25,0,21.0,3
2,4,0,26,0,3.0,15
2,4,0,27,0,15.0,1
2,4,0,28,0,1.0,17
2,4,0,29,0,17.0,3
2,4,0,30,1,3.0,36
2,4,0,31,1,36.0,55
2,4,0,32,0,55.0,11
2,4,0,33,0,11.0,10
2,4,0,34,0,10.0,14
2,4,0,35,0,14.0,14
2,4,0,36,0,14.0,15
2,4,0,37,0,15.0,14
2,4,0,38,0,14.0,10
2,4,0,39,0,10.0,2
2,4,0,40,0,2.0,18
2,4,0,41,0,18.0,1
2,4,0,42,0,1.0,8
2,4,0,43,0,8.0,7
2,4,0,44,0,7.0,4
2,4,0,45,0,4.0,3
2,4,0,46,0,3.0,15
2,4,0,47,0,15.0,17
2,4,0,48,0,17.0,11
2,4,0,49,0,11.0,14
2,4,0,50,0,14.0,18
2,4,0,51,1,18.0,36
2,4,1,1,1,0.0,72
2,4,1,2,0,72.0,12
2,4,1,3,0,12.0,10
2,4,1,4,0,10.0,14
2,4,1,5,0,14.0,21
2,4,1,6,1,21.0,23
2,4,1,7,1,23.0,72
2,4,1,8,1,72.0,36
2,4,1,9,1,36.0,19
2,4,1,10,1,19.0,10
2,4,1,11,1,10.0,12
2,4,1,12,1,12.0,11
2,4,1,13,1,11.0,6
2,4,1,14,0,6.0,7
2,4,1,15,0,7.0,7
2,4,1,16,0,7.0,18
2,4,1,17,0,18.0,15
2,4,1,18,0,15.0,3
2,4,1,19,0,3.0,10
2,4,1,20,0,10.0,17
2,4,1,21,0,17.0,13
2,4,1,22,0,13.0,11
2,4,1,23,0,11.0,15
2,4,1,24,0,15.0,16
2,4,1,25,0,16.0,10
2,4,1,26,0,10.0,15
2,4,1,27,0,15.0,15
2,4,1,28,0,15.0,10
2,4,1,29,0,10.0,11
2,4,1,30,1,11.0,39
2,4,1,31,1,39.0,24
2,4,1,32,0,24.0,16
2,4,1,33,0,16.0,5
2,4,1,34,0,5.0,8
2,4,1,35,0,8.0,5
2,4,1,36,0,5.0,7
2,4,1,37,0,7.0,10
2,4,1,38,0,10.0,7
2,4,1,39,0,7.0,13
2,4,1,40,0,13.0,5
2,4,1,41,0,5.0,16
2,4,1,42,0,16.0,10
2,4,1,43,0,10.0,15
2,4,1,44,0,15.0,11
2,4,1,45,0,11.0,16
2,4,1,46,0,16.0,12
2,4,1,47,0,12.0,7
2,4,1,48,0,7.0,21
2,4,1,49,0,21.0,19
2,4,1,50,1,19.0,31
2,4,1,51,1,31.0,98
2,4,1,52,1,98.0,73
2,4,1,1,1,73.0,42
2,4,1,2,0,42.0,11
2,4,1,3,0,11.0,7
2,4,1,4,0,7.0,11
2,4,1,5,0,11.0,11
2,4,1,6,1,11.0,32
2,4,1,7,1,32.0,86
2,4,1,8,1,86.0,111
2,4,1,9,1,111.0,22
2,4,1,10,1,22.0,13
2,4,1,11,1,13.0,12
2,4,1,12,1,12.0,7
2,4,1,13,1,7.0,4
2,4,1,14,0,4.0,7
2,4,1,15,0,7.0,10
2,4,1,16,0,10.0,9
2,4,1,17,0,9.0,13
2,4,1,18,0,13.0,5
2,4,1,19,0,5.0,15
2,4,1,20,0,15.0,7
2,4,1,21,0,7.0,11
2,4,1,22,0,11.0,21
2,4,1,23,0,21.0,10
2,4,1,24,0,10.0,18
2,4,1,25,0,18.0,13
2,4,1,26,0,13.0,11
2,4,1,27,0,11.0,14
2,4,1,28,0,14.0,15
2,4,1,29,0,15.0,9
2,4,1,30,1,9.0,88
2,4,1,31,1,88.0,38
2,4,1,32,0,38.0,8
2,4,1,33,0,8.0,2
2,4,1,34,0,2.0,5
2,4,1,35,0,5.0,8
2,4,1,36,0,8.0,8
2,4,1,37,0,8.0,11
2,4,1,38,0,11.0,7
2,4,1,39,0,7.0,3
2,4,1,40,0,3.0,7
2,4,1,41,0,7.0,7
2,4,1,42,0,7.0,7
2,4,1,43,0,7.0,13
2,4,1,44,0,13.0,13
2,4,1,45,0,13.0,4
2,4,1,46,0,4.0,15
2,4,1,47,0,15.0,5
2,4,1,48,0,5.0,4
2,4,1,49,0,4.0,12
2,4,1,50,1,12.0,22
2,4,1,51,1,22.0,51
2,4,1,52,1,51.0,34
2,4,1,1,1,34.0,69
2,4,1,2,0,69.0,3
2,4,1,3,0,3.0,6
2,4,1,4,0,6.0,6
2,4,1,5,0,6.0,8
2,4,1,6,0,8.0,9
2,4,1,7,1,9.0,68
2,4,1,8,1,68.0,115
2,4,1,9,0,115.0,13
2,4,1,10,1,13.0,22
2,4,1,11,1,22.0,4
2,4,1,12,1,4.0,9
2,4,1,13,1,9.0,13
2,4,1,14,0,13.0,6
2,4,1,15,0,6.0,9
2,4,1,16,0,9.0,7
2,4,1,17,0,7.0,13
2,4,1,18,0,13.0,9
2,4,1,19,0,9.0,13
2,4,1,20,0,13.0,15
2,4,1,21,0,15.0,13
2,4,1,22,0,13.0,10
2,4,1,23,0,10.0,13
2,4,1,24,0,13.0,16
2,4,1,25,0,16.0,6
2,4,1,26,0,6.0,12
2,4,1,27,0,12.0,7
2,4,1,28,0,7.0,14
2,4,1,29,0,14.0,9
2,4,1,30,1,9.0,37
2,4,1,31,1,37.0,59
2,4,1,32,0,59.0,12
2,4,1,33,0,12.0,4
2,4,1,34,0,4.0,4
2,4,1,35,0,4.0,12
2,4,1,36,0,12.0,13
2,4,1,37,0,13.0,13
2,4,1,38,0,13.0,6
2,4,1,39,0,6.0,11
2,4,1,40,0,11.0,8
2,4,1,41,0,8.0,9
2,4,1,42,0,9.0,12
2,4,1,43,0,12.0,14
2,4,1,44,0,14.0,22
2,4,1,45,0,22.0,12
2,4,1,46,0,12.0,10
2,4,1,47,0,10.0,7
2,4,1,48,0,7.0,1
2,4,1,49,0,1.0,6
2,4,1,50,0,6.0,3
2,4,1,51,1,3.0,55
2,4,1,52,1,55.0,59
2,4,1,53,1,59.0,49
2,4,1,1,1,49.0,22
2,4,1,2,0,22.0,3
2,4,1,3,0,3.0,7
2,4,1,4,0,7.0,14
2,4,1,5,0,14.0,6
2,4,1,6,1,6.0,106
2,4,1,7,1,106.0,74
2,4,1,8,0,74.0,13
2,4,1,9,1,13.0,14
2,4,1,10,1,14.0,15
2,4,1,11,1,15.0,8
2,4,1,12,1,8.0,5
2,4,1,13,1,5.0,21
2,4,1,14,0,21.0,6
2,4,1,15,0,6.0,18
2,4,1,16,0,18.0,11
2,4,1,17,0,11.0,5
2,4,1,18,0,5.0,11
2,4,1,19,0,11.0,9
2,4,1,20,0,9.0,9
2,4,1,21,0,9.0,13
2,4,1,22,0,13.0,9
2,4,1,23,0,9.0,7
2,4,1,24,0,7.0,19
2,4,1,25,0,19.0,12
2,4,1,26,0,12.0,15
2,4,1,27,0,15.0,4
2,4,1,28,0,4.0,12
2,4,1,29,1,12.0,55
2,4,1,30,1,55.0,71
2,4,1,31,0,71.0,19
2,4,1,32,0,19.0,8
2,4,1,33,0,8.0,15
2,4,1,34,0,15.0,10
2,4,1,35,0,10.0,7
2,4,1,36,0,7.0,16
2,4,1,37,0,16.0,7
2,4,1,38,0,7.0,9
2,4,1,39,0,9.0,14
2,4,1,40,0,14.0,6
2,4,1,41,0,6.0,15
2,4,1,42,0,15.0,8
2,4,1,43,0,8.0,11
2,4,1,44,0,11.0,12
2,4,1,45,0,12.0,1
2,4,1,46,0,1.0,22
2,4,1,47,0,22.0,12
2,4,1,48,0,12.0,9
2,4,1,49,0,9.0,22
2,4,1,50,0,22.0,6
2,4,1,51,1,6.0,72
2,4,1,52,1,72.0,51
2,4,1,1,1,51.0,51
2,4,1,2,0,51.0,15
2,4,1,3,0,15.0,4
2,4,1,4,0,4.0,4
2,4,1,5,0,4.0,15
2,4,1,6,1,15.0,51
2,4,1,7,1,51.0,47
2,4,1,8,0,47.0,10
2,4,1,9,1,10.0,11
2,4,1,10,1,11.0,13
2,4,1,11,1,13.0,6
2,4,1,12,1,6.0,19
2,4,1,13,1,19.0,21
2,4,1,14,0,21.0,12
2,4,1,15,0,12.0,4
2,4,1,16,0,4.0,12
2,4,1,17,0,12.0,9
2,4,1,18,0,9.0,9
2,4,1,19,0,9.0,4
2,4,1,20,0,4.0,3
2,4,1,21,0,3.0,9
2,4,1,22,0,9.0,12
2,4,1,23,0,12.0,4
2,4,1,24,0,4.0,16
2,4,1,25,0,16.0,13
2,4,1,26,0,13.0,5
2,4,1,27,0,5.0,7
2,4,1,28,0,7.0,12
2,4,1,29,1,12.0,39
2,4,1,30,1,39.0,50
2,4,1,31,0,50.0,6
2,4,1,32,0,6.0,12
2,4,1,33,0,12.0,15
2,4,1,34,0,15.0,9
2,4,1,35,0,9.0,8
2,4,1,36,0,8.0,8
2,4,1,37,0,8.0,2
2,4,1,38,0,2.0,7
2,4,1,39,0,7.0,10
2,4,1,40,0,10.0,14
2,4,1,41,0,14.0,13
2,4,1,42,0,13.0,6
2,4,1,43,0,6.0,20
2,4,1,44,0,20.0,21
2,4,1,45,0,21.0,16
2,4,1,46,0,16.0,12
2,4,1,47,0,12.0,8
2,4,1,48,0,8.0,4
2,4,1,49,0,4.0,13
2,4,1,50,1,13.0,45
2,4,1,51,1,45.0,38
2,4,1,52,1,38.0,74
2,4,1,1,1,74.0,108
2,4,1,2,0,108.0,15
2,4,1,3,0,15.0,15
2,4,1,4,0,15.0,6
2,4,1,5,0,6.0,9
2,4,1,6,1,9.0,20
2,4,1,7,1,20.0,69
2,4,1,8,0,69.0,13
2,4,1,9,1,13.0,5
2,4,1,10,1,5.0,14
2,4,1,11,1,14.0,6
2,4,1,12,1,6.0,7
2,4,1,13,1,7.0,19
2,4,1,14,0,19.0,18
2,4,1,15,0,18.0,14
2,4,1,16,0,14.0,4
2,4,1,17,0,4.0,9
2,4,1,18,0,9.0,12
2,4,1,19,0,12.0,13
2,4,1,20,0,13.0,6
2,4,1,21,0,6.0,13
2,4,1,22,0,13.0,14
2,4,1,23,0,14.0,16
2,4,1,24,0,16.0,12
2,4,1,25,0,12.0,10
2,4,1,26,0,10.0,24
2,4,1,27,0,24.0,7
2,4,1,28,0,7.0,8
2,4,1,29,1,8.0,25
2,4,1,30,1,25.0,98
2,4,1,31,0,98.0,13
2,4,1,32,0,13.0,9
2,4,1,33,0,9.0,2
2,4,1,34,0,2.0,17
2,4,1,35,0,17.0,3
2,4,1,36,0,3.0,1
2,4,1,37,0,1.0,10
2,4,1,38,0,10.0,8
2,4,1,39,0,8.0,5
2,4,1,40,0,5.0,11
2,4,1,41,0,11.0,13
2,4,1,42,0,13.0,9
2,4,1,43,0,9.0,13
2,4,1,44,0,13.0,11
2,4,1,45,0,11.0,14
2,4,1,46,0,14.0,11
2,4,1,47,0,11.0,5
2,4,1,48,0,5.0,11
2,4,1,49,0,11.0,4
2,4,1,50,1,4.0,38
2,4,1,51,1,38.0,47
2,4,1,52,1,47.0,75
2,4,1,1,1,75.0,53
2,4,1,2,0,53.0,5
2,4,1,3,0,5.0,15
2,4,1,4,0,15.0,6
2,4,1,5,0,6.0,15
2,4,1,6,1,15.0,81
2,4,1,7,1,81.0,45
2,4,1,8,0,45.0,6
2,4,1,9,1,6.0,11
2,4,1,10,1,11.0,14
2,4,1,11,1,14.0,6
2,4,1,12,1,6.0,10
2,4,1,13,1,10.0,19
2,4,1,14,0,19.0,11
2,4,1,15,0,11.0,6
2,4,1,16,0,6.0,6
2,4,1,17,0,6.0,12
2,4,1,18,0,12.0,12
2,4,1,19,0,12.0,11
2,4,1,20,0,11.0,14
2,4,1,21,0,14.0,10
2,4,1,22,0,10.0,7
2,4,1,23,0,7.0,8
2,4,1,24,0,8.0,9
2,4,1,25,0,9.0,16
2,4,1,26,0,16.0,10
2,4,1,27,0,10.0,17
2,4,1,28,0,17.0,16
2,4,1,29,0,16.0,11
2,4,1,30,1,11.0,59
2,4,1,31,1,59.0,38
2,4,1,32,0,38.0,9
2,4,1,33,0,9.0,8
2,4,1,34,0,8.0,13
2,4,1,35,0,13.0,16
2,4,1,36,0,16.0,5
2,4,1,37,0,5.0,10
2,4,1,38,0,10.0,7
2,4,1,39,0,7.0,2
2,4,1,40,0,2.0,9
2,4,1,41,0,9.0,11
2,4,1,42,0,11.0,12
2,4,1,43,0,12.0,12
2,4,1,44,0,12.0,11
2,4,1,45,0,11.0,7
2,4,1,46,0,7.0,20
2,4,1,47,0,20.0,1
2,4,1,48,0,1.0,10
2,4,1,49,0,10.0,22
2,4,1,50,0,22.0,5
2,4,1,51,1,5.0,66
2,4,1,52,1,66.0,107
2,4,1,1,1,107.0,39
2,4,1,2,0,39.0,11
2,4,1,3,0,11.0,14
2,4,1,4,0,14.0,12
2,4,1,5,0,12.0,15
2,4,1,6,0,15.0,12
2,4,1,7,1,12.0,76
2,4,1,8,1,76.0,98
2,4,1,9,1,98.0,11
2,4,1,10,1,11.0,17
2,4,1,11,1,17.0,13
2,4,1,12,1,13.0,4
2,4,1,13,1,4.0,9
2,4,1,14,1,9.0,11
2,4,1,15,0,11.0,11
2,4,1,16,0,11.0,5
2,4,1,17,0,5.0,4
2,4,1,18,0,4.0,19
2,4,1,19,0,19.0,20
2,4,1,20,0,20.0,9
2,4,1,21,0,9.0,9
2,4,1,22,0,9.0,16
2,4,1,23,0,16.0,9
2,4,1,24,0,9.0,10
2,4,1,25,0,10.0,12
2,4,1,26,0,12.0,6
2,4,1,27,0,6.0,15
2,4,1,28,0,15.0,16
2,4,1,29,0,16.0,7
2,4,1,30,1,7.0,80
2,4,1,31,1,80.0,36
2,4,1,32,0,36.0,1
2,4,1,33,0,1.0,12
2,4,1,34,0,12.0,1
2,4,1,35,0,1.0,7
2,4,1,36,0,7.0,18
2,4,1,37,0,18.0,14
2,4,1,38,0,14.0,14
2,4,1,39,0,14.0,15
2,4,1,40,0,15.0,19
2,4,1,41,0,19.0,8
2,4,1,42,0,8.0,5
2,4,1,43,0,5.0,11
2,4,1,44,0,11.0,13
2,4,1,45,0,13.0,13
2,4,1,46,0,13.0,17
2,4,1,47,0,17.0,14
2,4,1,48,0,14.0,19
2,4,1,49,0,19.0,9
2,4,1,50,0,9.0,10
2,4,1,51,1,10.0,37
2,4,1,52,1,37.0,72
2,4,2,1,1,0.0,94
2,4,2,2,0,94.0,11
2,4,2,3,0,11.0,18
2,4,2,4,0,18.0,11
2,4,2,5,0,11.0,7
2,4,2,6,1,7.0,43
2,4,2,7,1,43.0,103
2,4,2,8,1,103.0,103
2,4,2,9,1,103.0,21
2,4,2,10,1,21.0,10
2,4,2,11,1,10.0,12
2,4,2,12,1,12.0,3
2,4,2,13,1,3.0,13
2,4,2,14,0,13.0,7
2,4,2,15,0,7.0,10
2,4,2,16,0,10.0,12
2,4,2,17,0,12.0,4
2,4,2,18,0,4.0,4
2,4,2,19,0,4.0,3
2,4,2,20,0,3.0,3
2,4,2,21,0,3.0,14
2,4,2,22,0,14.0,10
2,4,2,23,0,10.0,18
2,4,2,24,0,18.0,6
2,4,2,25,0,6.0,10
2,4,2,26,0,10.0,14
2,4,2,27,0,14.0,4
2,4,2,28,0,4.0,13
2,4,2,29,0,13.0,9
2,4,2,30,1,9.0,54
2,4,2,31,1,54.0,37
2,4,2,32,0,37.0,7
2,4,2,33,0,7.0,13
2,4,2,34,0,13.0,8
2,4,2,35,0,8.0,6
2,4,2,36,0,6.0,14
2,4,2,37,0,14.0,5
2,4,2,38,0,5.0,8
2,4,2,39,0,8.0,13
2,4,2,40,0,13.0,15
2,4,2,41,0,15.0,15
2,4,2,42,0,15.0,11
2,4,2,43,0,11.0,19
2,4,2,44,0,19.0,5
2,4,2,45,0,5.0,5
2,4,2,46,0,5.0,11
2,4,2,47,0,11.0,15
2,4,2,48,0,15.0,10
2,4,2,49,0,10.0,11
2,4,2,50,1,11.0,28
2,4,2,51,1,28.0,35
2,4,2,52,1,35.0,42
2,4,2,1,1,42.0,113
2,4,2,2,0,113.0,17
2,4,2,3,0,17.0,3
2,4,2,4,0,3.0,17
2,4,2,5,0,17.0,6
2,4,2,6,1,6.0,26
2,4,2,7,1,26.0,61
2,4,2,8,1,61.0,23
2,4,2,9,1,23.0,17
2,4,2,10,1,17.0,9
2,4,2,11,1,9.0,15
2,4,2,12,1,15.0,11
2,4,2,13,1,11.0,10
2,4,2,14,0,10.0,11
2,4,2,15,0,11.0,9
2,4,2,16,0,9.0,15
2,4,2,17,0,15.0,9
2,4,2,18,0,9.0,5
2,4,2,19,0,5.0,8
2,4,2,20,0,8.0,12
2,4,2,21,0,12.0,17
2,4,2,22,0,17.0,4
2,4,2,23,0,4.0,15
2,4,2,24,0,15.0,8
2,4,2,25,0,8.0,10
2,4,2,26,0,10.0,3
2,4,2,27,0,3.0,7
2,4,2,28,0,7.0,5
2,4,2,29,0,5.0,8
2,4,2,30,1,8.0,33
2,4,2,31,1,33.0,53
2,4,2,32,0,53.0,14
2,4,2,33,0,14.0,16
2,4,2,34,0,16.0,8
2,4,2,35,0,8.0,11
2,4,2,36,0,11.0,9
2,4,2,37,0,9.0,13
2,4,2,38,0,13.0,7
2,4,2,39,0,7.0,8
2,4,2,40,0,8.0,22
2,4,2,41,0,22.0,13
2,4,2,42,0,13.0,8
2,4,2,43,0,8.0,11
2,4,2,44,0,11.0,12
2,4,2,45,0,12.0,13
2,4,2,46,0,13.0,20
2,4,2,47,0,20.0,8
2,4,2,48,0,8.0,10
2,4,2,49,0,10.0,12
2,4,2,50,1,12.0,18
2,4,2,51,1,18.0,69
2,4,2,52,1,69.0,10
2,4,2,1,1,10.0,126
2,4,2,2,0,126.0,12
2,4,2,3,0,12.0,7
2,4,2,4,0,7.0,13
2,4,2,5,0,13.0,11
2,4,2,6,0,11.0,6
2,4,2,7,1,6.0,90
2,4,2,8,1,90.0,63
2,4,2,9,1,63.0,21
2,4,2,10,1,21.0,6
2,4,2,11,1,6.0,21
2,4,2,12,1,21.0,7
2,4,2,13,1,7.0,13
2,4,2,14,1,13.0,5
2,4,2,15,0,5.0,13
2,4,2,16,0,13.0,11
2,4,2,17,0,11.0,17
2,4,2,18,0,17.0,9
2,4,2,19,0,9.0,12
2,4,2,20,0,12.0,10
2,4,2,21,0,10.0,14
2,4,2,22,0,14.0,19
2,4,2,23,0,19.0,14
2,4,2,24,0,14.0,7
2,4,2,25,0,7.0,12
2,4,2,26,0,12.0,8
2,4,2,27,0,8.0,11
2,4,2,28,0,11.0,13
2,4,2,29,0,13.0,9
2,4,2,30,1,9.0,32
2,4,2,31,1,32.0,19
2,4,2,32,0,19.0,20
2,4,2,33,0,20.0,12
2,4,2,34,0,12.0,6
2,4,2,35,0,6.0,3
2,4,2,36,0,3.0,4
2,4,2,37,0,4.0,3
2,4,2,38,0,3.0,6
2,4,2,39,0,6.0,17
2,4,2,40,0,17.0,10
2,4,2,41,0,10.0,15
2,4,2,42,0,15.0,8
2,4,2,43,0,8.0,6
2,4,2,44,0,6.0,11
2,4,2,45,0,11.0,7
2,4,2,46,0,7.0,10
2,4,2,47,0,10.0,7
2,4,2,48,0,7.0,10
2,4,2,49,0,10.0,10
2,4,2,50,0,10.0,16
2,4,2,51,1,16.0,48
2,4,2,52,1,48.0,39
2,4,2,53,1,39.0,89
2,4,2,1,0,89.0,10
2,4,2,2,0,10.0,15
2,4,2,3,0,15.0,14
2,4,2,4,0,14.0,13
2,4,2,5,0,13.0,17
2,4,2,6,1,17.0,89
2,4,2,7,1,89.0,70
2,4,2,8,0,70.0,6
2,4,2,9,1,6.0,16
2,4,2,10,1,16.0,9
2,4,2,11,1,9.0,4
2,4,2,12,1,4.0,20
2,4,2,13,1,20.0,14
2,4,2,14,0,14.0,18
2,4,2,15,0,18.0,6
2,4,2,16,0,6.0,4
2,4,2,17,0,4.0,9
2,4,2,18,0,9.0,12
2,4,2,19,0,12.0,12
2,4,2,20,0,12.0,6
2,4,2,21,0,6.0,5
2,4,2,22,0,5.0,12
2,4,2,23,0,12.0,5
2,4,2,24,0,5.0,14
2,4,2,25,0,14.0,9
2,4,2,26,0,9.0,6
2,4,2,27,0,6.0,5
2,4,2,28,0,5.0,6
2,4,2,29,1,6.0,28
2,4,2,30,1,28.0,30
2,4,2,31,0,30.0,7
2,4,2,32,0,7.0,12
2,4,2,33,0,12.0,11
2,4,2,34,0,11.0,4
2,4,2,35,0,4.0,7
2,4,2,36,0,7.0,3
2,4,2,37,0,3.0,3
2,4,2,38,0,3.0,5
2,4,2,39,0,5.0,10
2,4,2,40,0,10.0,10
2,4,2,41,0,10.0,9
2,4,2,42,0,9.0,10
2,4,2,43,0,10.0,11
2,4,2,44,0,11.0,12
2,4,2,45,0,12.0,12
2,4,2,46,0,12.0,17
2,4,2,47,0,17.0,10
2,4,2,48,0,10.0,8
2,4,2,49,0,8.0,10
2,4,2,50,1,10.0,40
2,4,2,51,1,40.0,79
2,4,2,52,1,79.0,73
2,4,2,1,1,73.0,28
2,4,2,2,0,28.0,6
2,4,2,3,0,6.0,11
2,4,2,4,0,11.0,7
2,4,2,5,0,7.0,6
2,4,2,6,1,6.0,32
2,4,2,7,1,32.0,55
2,4,2,8,0,55.0,8
2,4,2,9,1,8.0,13
2,4,2,10,1,13.0,11
2,4,2,11,1,11.0,9
2,4,2,12,1,9.0,12
2,4,2,13,1,12.0,6
2,4,2,14,0,6.0,9
2,4,2,15,0,9.0,9
2,4,2,16,0,9.0,3
2,4,2,17,0,3.0,7
2,4,2,18,0,7.0,7
2,4,2,19,0,7.0,10
2,4,2,20,0,10.0,13
2,4,2,21,0,13.0,14
2,4,2,22,0,14.0,11
2,4,2,23,0,11.0,14
2,4,2,24,0,14.0,11
2,4,2,25,0,11.0,13
2,4,2,26,0,13.0,9
2,4,2,27,0,9.0,12
2,4,2,28,0,12.0,12
2,4,2,29,1,12.0,26
2,4,2,30,1,26.0,44
2,4,2,31,0,44.0,9
2,4,2,32,0,9.0,7
2,4,2,33,0,7.0,15
2,4,2,34,0,15.0,13
2,4,2,35,0,13.0,3
2,4,2,36,0,3.0,7
2,4,2,37,0,7.0,6
2,4,2,38,0,6.0,13
2,4,2,39,0,13.0,14
2,4,2,40,0,14.0,8
2,4,2,41,0,8.0,12
2,4,2,42,0,12.0,24
2,4,2,43,0,24.0,5
2,4,2,44,0,5.0,8
2,4,2,45,0,8.0,13
2,4,2,46,0,13.0,8
2,4,2,47,0,8.0,5
2,4,2,48,0,5.0,20
2,4,2,49,0,20.0,9
2,4,2,50,0,9.0,3
2,4,2,51,1,3.0,86
2,4,2,52,1,86.0,92
2,4,2,1,1,92.0,16
2,4,2,2,0,16.0,10
2,4,2,3,0,10.0,14
2,4,2,4,0,14.0,14
2,4,2,5,0,14.0,11
2,4,2,6,1,11.0,31
2,4,2,7,1,31.0,60
2,4,2,8,0,60.0,8
2,4,2,9,1,8.0,22
2,4,2,10,1,22.0,11
2,4,2,11,1,11.0,6
2,4,2,12,1,6.0,8
2,4,2,13,1,8.0,8
2,4,2,14,0,8.0,12
2,4,2,15,0,12.0,10
2,4,2,16,0,10.0,9
2,4,2,17,0,9.0,16
2,4,2,18,0,16.0,8
2,4,2,19,0,8.0,8
2,4,2,20,0,8.0,8
2,4,2,21,0,8.0,18
2,4,2,22,0,18.0,11
2,4,2,23,0,11.0,15
2,4,2,24,0,15.0,11
2,4,2,25,0,11.0,6
2,4,2,26,0,6.0,6
2,4,2,27,0,6.0,4
2,4,2,28,0,4.0,5
2,4,2,29,1,5.0,17
2,4,2,30,1,17.0,28
2,4,2,31,1,28.0,16
2,4,2,32,0,16.0,9
2,4,2,33,0,9.0,15
2,4,2,34,0,15.0,6
2,4,2,35,0,6.0,7
2,4,2,36,0,7.0,5
2,4,2,37,0,5.0,11
2,4,2,38,0,11.0,9
2,4,2,39,0,9.0,7
2,4,2,40,0,7.0,13
2,4,2,41,0,13.0,10
2,4,2,42,0,10.0,15
2,4,2,43,0,15.0,6
2,4,2,44,0,6.0,13
2,4,2,45,0,13.0,5
2,4,2,46,0,5.0,19
2,4,2,47,0,19.0,16
2,4,2,48,0,16.0,11
2,4,2,49,0,11.0,9
2,4,2,50,1,9.0,20
2,4,2,51,1,20.0,19
2,4,2,52,1,19.0,26
2,4,2,1,1,26.0,18
2,4,2,2,0,18.0,7
2,4,2,3,0,7.0,5
2,4,2,4,0,5.0,16
2,4,2,5,0,16.0,16
2,4,2,6,0,16.0,8
2,4,2,7,1,8.0,48
2,4,2,8,0,48.0,5
2,4,2,9,1,5.0,5
2,4,2,10,1,5.0,2
2,4,2,11,1,2.0,20
2,4,2,12,1,20.0,10
2,4,2,13,1,10.0,18
2,4,2,14,0,18.0,9
2,4,2,15,0,9.0,15
2,4,2,16,0,15.0,11
2,4,2,17,0,11.0,11
2,4,2,18,0,11.0,4
2,4,2,19,0,4.0,9
2,4,2,20,0,9.0,10
2,4,2,21,0,10.0,14
2,4,2,22,0,14.0,19
2,4,2,23,0,19.0,12
2,4,2,24,0,12.0,11
2,4,2,25,0,11.0,8
2,4,2,26,0,8.0,12
2,4,2,27,0,12.0,5
2,4,2,29,0,5.0,7
2,4,2,30,1,7.0,50
2,4,2,31,1,50.0,27
2,4,2,32,0,27.0,11
2,4,2,33,0,11.0,17
2,4,2,34,0,17.0,19
2,4,2,35,0,19.0,8
2,4,2,36,0,8.0,5
2,4,2,37,0,5.0,7
2,4,2,38,0,7.0,12
2,4,2,39,0,12.0,10
2,4,2,40,0,10.0,12
2,4,2,41,0,12.0,8
2,4,2,42,0,8.0,4
2,4,2,43,0,4.0,11
2,4,2,44,0,11.0,17
2,4,2,45,0,17.0,11
2,4,2,46,0,11.0,10
2,4,2,47,0,10.0,18
2,4,2,48,0,18.0,12
2,4,2,49,0,12.0,22
2,4,2,50,1,22.0,37
2,4,2,51,1,37.0,74
2,4,2,52,1,74.0,94
2,4,2,1,1,94.0,47
2,4,2,2,0,47.0,8
2,4,2,3,0,8.0,11
2,4,2,4,0,11.0,11
2,4,2,5,0,11.0,16
2,4,2,6,0,16.0,13
2,4,2,7,1,13.0,108
2,4,2,8,1,108.0,50
2,4,2,9,1,50.0,8
2,4,2,10,1,8.0,12
2,4,2,11,1,12.0,14
2,4,2,12,1,14.0,3
2,4,2,13,1,3.0,12
2,4,2,14,1,12.0,7
2,4,2,15,0,7.0,7
2,4,2,16,0,7.0,8
2,4,2,17,0,8.0,6
2,4,2,18,0,6.0,11
2,4,2,19,0,11.0,18
2,4,2,20,0,18.0,8
2,4,2,21,0,8.0,10
2,4,2,22,0,10.0,7
2,4,2,23,0,7.0,6
2,4,2,24,0,6.0,13
2,4,2,25,0,13.0,4
2,4,2,26,0,4.0,8
2,4,2,27,0,8.0,13
2,4,2,28,0,13.0,10
2,4,2,29,0,10.0,15
2,4,2,30,1,15.0,34
2,4,2,31,1,34.0,33
2,4,2,32,0,33.0,14
2,4,2,33,0,14.0,8
2,4,2,34,0,8.0,3
2,4,2,35,0,3.0,16
2,4,2,36,0,16.0,2
2,4,2,37,0,2.0,8
2,4,2,38,0,8.0,4
2,4,2,39,0,4.0,10
2,4,2,40,0,10.0,29
2,4,2,41,0,29.0,6
2,4,2,42,0,6.0,9
2,4,2,43,0,9.0,19
2,4,2,44,0,19.0,13
2,4,2,45,0,13.0,14
2,4,2,46,0,14.0,11
2,4,2,47,0,11.0,10
2,4,2,48,0,10.0,4
2,4,2,49,0,4.0,11
2,4,2,50,0,11.0,6
2,4,2,51,1,6.0,57
2,4,2,52,1,57.0,83
2,4,2,1,1,83.0,16
2,5,0,1,1,0.0,57
2,5,0,2,0,57.0,7
2,5,0,3,0,7.0,6
2,5,0,4,0,6.0,11
2,5,0,5,0,11.0,3
2,5,0,6,1,3.0,6
2,5,0,7,1,6.0,7
2,5,0,8,1,7.0,11
2,5,0,9,1,11.0,12
2,5,0,10,1,12.0,9
2,5,0,11,1,9.0,14
2,5,0,12,1,14.0,12
2,5,0,13,1,12.0,7
2,5,0,14,0,7.0,14
2,5,0,15,0,14.0,5
2,5,0,16,0,5.0,10
2,5,0,17,0,10.0,7
2,5,0,18,0,7.0,17
2,5,0,19,0,17.0,12
2,5,0,20,0,12.0,9
2,5,0,21,0,9.0,10
2,5,0,22,0,10.0,7
2,5,0,23,0,7.0,13
2,5,0,24,0,13.0,10
2,5,0,25,0,10.0,16
2,5,0,26,0,16.0,1
2,5,0,27,0,1.0,9
2,5,0,28,0,9.0,8
2,5,0,29,0,8.0,13
2,5,0,30,1,13.0,6
2,5,0,31,1,6.0,6
2,5,0,32,0,6.0,10
2,5,0,33,0,10.0,11
2,5,0,34,0,11.0,15
2,5,0,35,0,15.0,11
2,5,0,36,0,11.0,14
2,5,0,37,0,14.0,8
2,5,0,38,0,8.0,8
2,5,0,39,0,8.0,15
2,5,0,40,0,15.0,22
2,5,0,41,0,22.0,8
2,5,0,42,0,8.0,11
2,5,0,43,0,11.0,8
2,5,0,44,0,8.0,5
2,5,0,45,0,5.0,7
2,5,0,46,0,7.0,10
2,5,0,47,0,10.0,9
2,5,0,48,0,9.0,8
2,5,0,49,0,8.0,6
2,5,0,50,1,6.0,58
2,5,0,51,1,58.0,86
2,5,0,52,1,86.0,54
2,5,0,1,1,54.0,87
2,5,0,2,0,87.0,20
2,5,0,3,0,20.0,11
2,5,0,4,0,11.0,10
2,5,0,5,0,10.0,10
2,5,0,6,1,10.0,7
2,5,0,7,1,7.0,10
2,5,0,8,1,10.0,5
2,5,0,9,1,5.0,8
2,5,0,10,1,8.0,10
2,5,0,11,1,10.0,12
2,5,0,12,1,12.0,9
2,5,0,13,1,9.0,18
2,5,0,14,0,18.0,15
2,5,0,15,0,15.0,13
2,5,0,16,0,13.0,7
2,5,0,17,0,7.0,12
2,5,0,18,0,12.0,16
2,5,0,19,0,16.0,15
2,5,0,20,0,15.0,10
2,5,0,21,0,10.0,17
2,5,0,22,0,17.0,4
2,5,0,23,0,4.0,13
2,5,0,24,0,13.0,15
2,5,0,25,0,15.0,9
2,5,0,26,0,9.0,8
2,5,0,27,0,8.0,9
2,5,0,28,0,9.0,13
2,5,0,29,0,13.0,8
2,5,0,30,1,8.0,5
2,5,0,31,1,5.0,2
2,5,0,32,0,2.0,15
2,5,0,33,0,15.0,6
2,5,0,34,0,6.0,6
2,5,0,35,0,6.0,15
2,5,0,36,0,15.0,10
2,5,0,37,0,10.0,15
2,5,0,38,0,15.0,8
2,5,0,39,0,8.0,13
2,5,0,40,0,13.0,16
2,5,0,41,0,16.0,11
2,5,0,42,0,11.0,17
2,5,0,43,0,17.0,14
2,5,0,44,0,14.0,9
2,5,0,45,0,9.0,14
2,5,0,46,0,14.0,14
2,5,0,47,0,14.0,10
2,5,0,48,0,10.0,17
2,5,0,49,0,17.0,16
2,5,0,50,0,16.0,14
2,5,0,51,1,14.0,77
2,5,0,52,1,77.0,36
2,5,0,1,1,36.0,68
2,5,0,2,0,68.0,6
2,5,0,3,0,6.0,11
2,5,0,4,0,11.0,13
2,5,0,5,0,13.0,13
2,5,0,6,0,13.0,7
2,5,0,7,1,7.0,2
2,5,0,8,1,2.0,5
2,5,0,9,0,5.0,9
2,5,0,10,1,9.0,18
2,5,0,11,1,18.0,8
2,5,0,12,1,8.0,7
2,5,0,13,1,7.0,9
2,5,0,14,1,9.0,21
2,5,0,15,0,21.0,11
2,5,0,16,0,11.0,12
2,5,0,17,0,12.0,8
2,5,0,18,0,8.0,14
2,5,0,19,0,14.0,10
2,5,0,20,0,10.0,10
2,5,0,21,0,10.0,12
2,5,0,22,0,12.0,13
2,5,0,23,0,13.0,9
2,5,0,24,0,9.0,10
2,5,0,25,0,10.0,16
2,5,0,26,0,16.0,8
2,5,0,27,0,8.0,5
2,5,0,28,0,5.0,12
2,5,0,29,0,12.0,10
2,5,0,30,1,10.0,7
2,5,0,31,1,7.0,7
2,5,0,32,0,7.0,5
2,5,0,33,0,5.0,8
2,5,0,34,0,8.0,22
2,5,0,35,0,22.0,10
2,5,0,36,0,10.0,14
2,5,0,37,0,14.0,8
2,5,0,38,0,8.0,4
2,5,0,39,0,4.0,12
2,5,0,40,0,12.0,20
2,5,0,41,0,20.0,12
2,5,0,42,0,12.0,16
2,5,0,43,0,16.0,6
2,5,0,44,0,6.0,15
2,5,0,45,0,15.0,12
2,5,0,46,0,12.0,11
2,5,0,47,0,11.0,6
2,5,0,48,0,6.0,15
2,5,0,49,0,15.0,7
2,5,0,50,0,7.0,6
2,5,0,51,1,6.0,47
2,5,0,52,1,47.0,112
2,5,0,53,1,112.0,47
2,5,0,1,1,47.0,38
2,5,0,2,0,38.0,8
2,5,0,3,0,8.0,8
2,5,0,4,0,8.0,4
2,5,0,5,0,4.0,10
2,5,0,6,1,10.0,21
2,5,0,7,1,21.0,12
2,5,0,8,0,12.0,12
2,5,0,9,1,12.0,13
2,5,0,10,1,13.0,5
2,5,0,11,1,5.0,17
2,5,0,12,1,17.0,5
2,5,0,13,1,5.0,7
2,5,0,14,0,7.0,13
2,5,0,15,0,13.0,14
2,5,0,16,0,14.0,4
2,5,0,17,0,4.0,15
2,5,0,18,0,15.0,9
2,5,0,19,0,9.0,4
2,5,0,20,0,4.0,12
2,5,0,21,0,12.0,4
2,5,0,22,0,4.0,5
2,5,0,23,0,5.0,11
2,5,0,24,0,11.0,14
2,5,0,25,0,14.0,7
2,5,0,26,0,7.0,12
2,5,0,27,0,12.0,6
2,5,0,28,0,6.0,7
2,5,0,29,1,7.0,16
2,5,0,30,1,16.0,5
2,5,0,31,0,5.0,13
2,5,0,32,0,13.0,15
2,5,0,33,0,15.0,15
2,5,0,34,0,15.0,13
2,5,0,35,0,13.0,8
2,5,0,36,0,8.0,9
2,5,0,37,0,9.0,11
2,5,0,38,0,11.0,3
2,5,0,39,0,3.0,16
2,5,0,40,0,16.0,13
2,5,0,41,0,13.0,5
2,5,0,42,0,5.0,6
2,5,0,43,0,6.0,7
2,5,0,44,0,7.0,22
2,5,0,45,0,22.0,13
2,5,0,46,0,13.0,12
2,5,0,47,0,12.0,15
2,5,0,48,0,15.0,10
2,5,0,49,0,10.0,17
2,5,0,50,1,17.0,68
2,5,0,51,1,68.0,76
2,5,0,52,1,76.0,44
2,5,0,1,1,44.0,24
2,5,0,2,0,24.0,6
2,5,0,3,0,6.0,16
2,5,0,4,0,16.0,15
2,5,0,5,0,15.0,17
2,5,0,6,1,17.0,10
2,5,0,7,1,10.0,9
2,5,0,8,0,9.0,8
2,5,0,9,1,8.0,7
2,5,0,10,1,7.0,8
2,5,0,11,1,8.0,7
2,5,0,12,1,7.0,16
2,5,0,13,1,16.0,17
2,5,0,14,0,17.0,7
2,5,0,15,0,7.0,12
2,5,0,16,0,12.0,7
2,5,0,17,0,7.0,9
2,5,0,18,0,9.0,4
2,5,0,19,0,4.0,11
2,5,0,20,0,11.0,12
2,5,0,21,0,12.0,11
2,5,0,22,0,11.0,11
2,5,0,23,0,11.0,16
2,5,0,24,0,16.0,5
2,5,0,25,0,5.0,29
2,5,0,26,0,29.0,10
2,5,0,27,0,10.0,6
2,5,0,28,0,6.0,6
2,5,0,29,1,6.0,24
2,5,0,30,1,24.0,8
2,5,0,31,0,8.0,11
2,5,0,32,0,11.0,17
2,5,0,33,0,17.0,14
2,5,0,34,0,14.0,22
2,5,0,35,0,22.0,10
2,5,0,36,0,10.0,5
2,5,0,37,0,5.0,6
2,5,0,38,0,6.0,4
2,5,0,39,0,4.0,12
2,5,0,40,0,12.0,2
2,5,0,41,0,2.0,4
2,5,0,42,0,4.0,4
2,5,0,43,0,4.0,10
2,5,0,44,0,10.0,15
2,5,0,45,0,15.0,5
2,5,0,46,0,5.0,4
2,5,0,47,0,4.0,1
2,5,0,48,0,1.0,5
2,5,0,49,0,5.0,20
2,5,0,50,1,20.0,17
2,5,0,51,1,17.0,54
2,5,0,52,1,54.0,101
2,5,0,1,1,101.0,56
2,5,0,2,0,56.0,14
2,5,0,3,0,14.0,11
2,5,0,4,0,11.0,9
2,5,0,5,0,9.0,8
2,5,0,6,1,8.0,11
2,5,0,7,1,11.0,9
2,5,0,8,1,9.0,5
2,5,0,9,1,5.0,8
2,5,0,10,1,8.0,11
2,5,0,11,1,11.0,14
2,5,0,12,1,14.0,12
2,5,0,13,1,12.0,6
2,5,0,14,0,6.0,6
2,5,0,15,0,6.0,12
2,5,0,16,0,12.0,9
2,5,0,17,0,9.0,10
2,5,0,18,0,10.0,13
2,5,0,19,0,13.0,7
2,5,0,20,0,7.0,11
2,5,0,21,0,11.0,9
2,5,0,22,0,9.0,20
2,5,0,23,0,20.0,20
2,5,0,24,0,20.0,11
2,5,0,25,0,11.0,9
2,5,0,26,0,9.0,14
2,5,0,27,0,14.0,15
2,5,0,28,0,15.0,16
2,5,0,29,1,16.0,4
2,5,0,30,1,4.0,14
2,5,0,31,0,14.0,17
2,5,0,32,0,17.0,4
2,5,0,33,0,4.0,15
2,5,0,34,0,15.0,13
2,5,0,35,0,13.0,16
2,5,0,36,0,16.0,17
2,5,0,37,0,17.0,3
2,5,0,38,0,3.0,8
2,5,0,39,0,8.0,7
2,5,0,40,0,7.0,8
2,5,0,41,0,8.0,8
2,5,0,42,0,8.0,10
2,5,0,43,0,10.0,19
2,5,0,44,0,19.0,12
2,5,0,45,0,12.0,5
2,5,0,46,0,5.0,6
2,5,0,47,0,6.0,6
2,5,0,48,0,6.0,3
2,5,0,49,0,3.0,11
2,5,0,50,1,11.0,39
2,5,0,51,1,39.0,72
2,5,0,52,1,72.0,55
2,5,0,1,1,55.0,79
2,5,0,2,0,79.0,10
2,5,0,3,0,10.0,7
2,5,0,4,0,7.0,10
2,5,0,5,0,10.0,8
2,5,0,6,1,8.0,19
2,5,0,7,1,19.0,20
2,5,0,8,1,20.0,9
2,5,0,9,1,9.0,16
2,5,0,10,1,16.0,13
2,5,0,11,1,13.0,12
2,5,0,12,1,12.0,12
2,5,0,13,1,12.0,13
2,5,0,14,0,13.0,12
2,5,0,15,0,12.0,1
2,5,0,16,0,1.0,4
2,5,0,17,0,4.0,9
2,5,0,18,0,9.0,6
2,5,0,19,0,6.0,4
2,5,0,20,0,4.0,8
2,5,0,21,0,8.0,6
2,5,0,22,0,6.0,8
2,5,0,23,0,8.0,9
2,5,0,24,0,9.0,9
2,5,0,25,0,9.0,1
2,5,0,26,0,1.0,3
2,5,0,27,0,3.0,12
2,5,0,28,0,12.0,19
2,5,0,29,0,19.0,9
2,5,0,30,1,9.0,22
2,5,0,31,1,22.0,4
2,5,0,32,0,4.0,2
2,5,0,33,0,2.0,12
2,5,0,34,0,12.0,7
2,5,0,35,0,7.0,19
2,5,0,36,0,19.0,13
2,5,0,37,0,13.0,18
2,5,0,38,0,18.0,3
2,5,0,39,0,3.0,17
2,5,0,40,0,17.0,4
2,5,0,41,0,4.0,8
2,5,0,42,0,8.0,8
2,5,0,43,0,8.0,6
2,5,0,44,0,6.0,8
2,5,0,45,0,8.0,2
2,5,0,46,0,2.0,5
2,5,0,47,0,5.0,5
2,5,0,48,0,5.0,10
2,5,0,49,0,10.0,5
2,5,0,50,1,5.0,29
2,5,0,51,1,29.0,94
2,5,0,52,1,94.0,49
2,5,0,1,1,49.0,60
2,5,0,2,0,60.0,18
2,5,0,3,0,18.0,5
2,5,0,4,0,5.0,9
2,5,0,5,0,9.0,10
2,5,0,6,0,10.0,6
2,5,0,7,1,6.0,11
2,5,0,8,1,11.0,8
2,5,0,9,1,8.0,10
2,5,0,10,1,10.0,16
2,5,0,11,1,16.0,17
2,5,0,12,1,17.0,12
2,5,0,13,1,12.0,1
2,5,0,14,1,1.0,18
2,5,0,15,0,18.0,8
2,5,0,16,0,8.0,14
2,5,0,17,0,14.0,1
2,5,0,18,0,1.0,15
2,5,0,19,0,15.0,13
2,5,0,20,0,13.0,10
2,5,0,21,0,10.0,13
2,5,0,22,0,13.0,4
2,5,0,23,0,4.0,9
2,5,0,24,0,9.0,3
2,5,0,25,0,3.0,16
2,5,0,26,0,16.0,9
2,5,0,27,0,9.0,10
2,5,0,28,0,10.0,9
2,5,0,29,0,9.0,18
2,5,0,30,1,18.0,16
2,5,0,31,1,16.0,10
2,5,0,32,0,10.0,11
2,5,0,33,0,11.0,13
2,5,0,34,0,13.0,16
2,5,0,35,0,16.0,10
2,5,0,36,0,10.0,13
2,5,0,37,0,13.0,16
2,5,0,38,0,16.0,11
2,5,0,39,0,11.0,8
2,5,0,40,0,8.0,12
2,5,0,41,0,12.0,4
2,5,0,42,0,4.0,3
2,5,0,43,0,3.0,10
2,5,0,44,0,10.0,8
2,5,0,45,0,8.0,16
2,5,0,46,0,16.0,18
2,5,0,47,0,18.0,13
2,5,0,48,0,13.0,9
2,5,0,49,0,9.0,11
2,5,0,50,0,11.0,5
2,5,0,51,1,5.0,18
2,5,0,52,1,18.0,39
2,5,0,1,1,39.0,35
2,5,1,1,1,0.0,19
2,5,1,2,0,19.0,10
2,5,1,3,0,10.0,11
2,5,1,4,0,11.0,10
2,5,1,5,0,10.0,6
2,5,1,6,1,6.0,10
2,5,1,7,1,10.0,6
2,5,1,8,1,6.0,6
2,5,1,9,1,6.0,5
2,5,1,10,1,5.0,11
2,5,1,11,1,11.0,16
2,5,1,12,1,16.0,12
2,5,1,13,1,12.0,13
2,5,1,14,0,13.0,11
2,5,1,15,0,11.0,22
2,5,1,16,0,22.0,1
2,5,1,17,0,1.0,6
2,5,1,18,0,6.0,1
2,5,1,19,0,1.0,18
2,5,1,20,0,18.0,10
2,5,1,21,0,10.0,9
2,5,1,22,0,9.0,15
2,5,1,23,0,15.0,9
2,5,1,24,0,9.0,8
2,5,1,25,0,8.0,11
2,5,1,26,0,11.0,9
2,5,1,27,0,9.0,7
2,5,1,28,0,7.0,12
2,5,1,29,1,12.0,20
2,5,1,30,1,20.0,13
2,5,1,31,1,13.0,9
2,5,1,33,0,9.0,11
2,5,1,34,0,11.0,12
2,5,1,35,0,12.0,5
2,5,1,36,0,5.0,16
2,5,1,37,0,16.0,10
2,5,1,38,0,10.0,12
2,5,1,39,0,12.0,12
2,5,1,40,0,12.0,13
2,5,1,41,0,13.0,11
2,5,1,42,0,11.0,6
2,5,1,43,0,6.0,9
2,5,1,44,0,9.0,8
2,5,1,45,0,8.0,6
2,5,1,46,0,6.0,4
2,5,1,47,0,4.0,9
2,5,1,48,0,9.0,7
2,5,1,49,0,7.0,11
2,5,1,50,1,11.0,66
2,5,1,51,1,66.0,81
2,5,1,52,1,81.0,44
2,5,1,1,1,44.0,105
2,5,1,2,0,105.0,16
2,5,1,3,0,16.0,21
2,5,1,5,0,21.0,10
2,5,1,6,0,10.0,7
2,5,1,7,1,7.0,7
2,5,1,8,1,7.0,10
2,5,1,9,0,10.0,9
2,5,1,10,1,9.0,5
2,5,1,11,1,5.0,23
2,5,1,12,1,23.0,17
2,5,1,13,1,17.0,12
2,5,1,14,0,12.0,12
2,5,1,15,0,12.0,6
2,5,1,16,0,6.0,14
2,5,1,17,0,14.0,11
2,5,1,18,0,11.0,6
2,5,1,19,0,6.0,11
2,5,1,20,0,11.0,9
2,5,1,21,0,9.0,12
2,5,1,22,0,12.0,14
2,5,1,23,0,14.0,13
2,5,1,24,0,13.0,12
2,5,1,25,0,12.0,5
2,5,1,26,0,5.0,9
2,5,1,27,0,9.0,11
2,5,1,28,0,11.0,9
2,5,1,29,0,9.0,14
2,5,1,30,1,14.0,8
2,5,1,31,0,8.0,4
2,5,1,32,0,4.0,4
2,5,1,33,0,4.0,16
2,5,1,34,0,16.0,9
2,5,1,35,0,9.0,10
2,5,1,36,0,10.0,13
2,5,1,37,0,13.0,16
2,5,1,38,0,16.0,6
2,5,1,39,0,6.0,12
2,5,1,40,0,12.0,10
2,5,1,41,0,10.0,7
2,5,1,42,0,7.0,12
2,5,1,43,0,12.0,5
2,5,1,44,0,5.0,2
2,5,1,45,0,2.0,18
2,5,1,46,0,18.0,9
2,5,1,47,0,9.0,13
2,5,1,48,0,13.0,5
2,5,1,49,0,5.0,20
2,5,1,50,0,20.0,12
2,5,1,51,1,12.0,76
2,5,1,52,1,76.0,102
2,5,1,1,1,102.0,123
2,5,1,2,0,123.0,11
2,5,1,3,0,11.0,9
2,5,1,4,0,9.0,21
2,5,1,5,0,21.0,7
2,5,1,6,0,7.0,3
2,5,1,7,1,3.0,10
2,5,1,8,1,10.0,9
2,5,1,9,0,9.0,6
2,5,1,10,1,6.0,6
2,5,1,11,1,6.0,9
2,5,1,12,1,9.0,13
2,5,1,13,1,13.0,4
2,5,1,14,0,4.0,8
2,5,1,15,0,8.0,2
2,5,1,16,0,2.0,5
2,5,1,17,0,5.0,10
2,5,1,18,0,10.0,12
2,5,1,19,0,12.0,8
2,5,1,20,0,8.0,14
2,5,1,21,0,14.0,13
2,5,1,22,0,13.0,7
2,5,1,23,0,7.0,19
2,5,1,24,0,19.0,3
2,5,1,25,0,3.0,13
2,5,1,26,0,13.0,13
2,5,1,27,0,13.0,4
2,5,1,28,0,4.0,23
2,5,1,29,0,23.0,6
2,5,1,30,1,6.0,11
2,5,1,31,1,11.0,13
2,5,1,32,0,13.0,12
2,5,1,33,0,12.0,5
2,5,1,34,0,5.0,9
2,5,1,35,0,9.0,8
2,5,1,36,0,8.0,3
2,5,1,37,0,3.0,5
2,5,1,38,0,5.0,10
2,5,1,39,0,10.0,9
2,5,1,40,0,9.0,16
2,5,1,41,0,16.0,15
2,5,1,42,0,15.0,11
2,5,1,43,0,11.0,19
2,5,1,44,0,19.0,8
2,5,1,45,0,8.0,7
2,5,1,46,0,7.0,9
2,5,1,47,0,9.0,17
2,5,1,48,0,17.0,14
2,5,1,49,0,14.0,12
2,5,1,50,0,12.0,12
2,5,1,51,1,12.0,60
2,5,1,52,1,60.0,62
2,5,1,53,1,62.0,61
2,5,1,1,1,61.0,14
2,5,1,3,0,14.0,13
2,5,1,4,0,13.0,9
2,5,1,5,0,9.0,11
2,5,1,6,1,11.0,10
2,5,1,7,1,10.0,15
2,5,1,8,0,15.0,9
2,5,1,9,1,9.0,18
2,5,1,10,1,18.0,3
2,5,1,11,1,3.0,10
2,5,1,12,1,10.0,15
2,5,1,13,1,15.0,9
2,5,1,14,0,9.0,2
2,5,1,15,0,2.0,8
2,5,1,16,0,8.0,15
2,5,1,17,0,15.0,15
2,5,1,18,0,15.0,20
2,5,1,19,0,20.0,25
2,5,1,20,0,25.0,1
2,5,1,21,0,1.0,17
2,5,1,22,0,17.0,17
2,5,1,23,0,17.0,18
2,5,1,24,0,18.0,13
2,5,1,25,0,13.0,19
2,5,1,26,0,19.0,8
2,5,1,27,0,8.0,11
2,5,1,28,0,11.0,12
2,5,1,29,1,12.0,8
2,5,1,30,1,8.0,6
2,5,1,31,0,6.0,15
2,5,1,32,0,15.0,11
2,5,1,33,0,11.0,8
2,5,1,34,0,8.0,14
2,5,1,35,0,14.0,5
2,5,1,36,0,5.0,10
2,5,1,37,0,10.0,5
2,5,1,38,0,5.0,16
2,5,1,39,0,16.0,12
2,5,1,40,0,12.0,6
2,5,1,41,0,6.0,20
2,5,1,42,0,20.0,12
2,5,1,43,0,12.0,15
2,5,1,44,0,15.0,8
2,5,1,45,0,8.0,16
2,5,1,46,0,16.0,12
2,5,1,47,0,12.0,9
2,5,1,48,0,9.0,5
2,5,1,49,0,5.0,14
2,5,1,50,1,14.0,53
2,5,1,51,1,53.0,60
2,5,1,52,1,60.0,28
2,5,1,1,1,28.0,15
2,5,1,2,0,15.0,7
2,5,1,3,0,7.0,23
2,5,1,4,0,23.0,7
2,5,1,5,0,7.0,11
2,5,1,6,1,11.0,7
2,5,1,7,1,7.0,11
2,5,1,8,0,11.0,8
2,5,1,9,1,8.0,14
2,5,1,10,1,14.0,4
2,5,1,11,1,4.0,6
2,5,1,12,1,6.0,6
2,5,1,13,1,6.0,15
2,5,1,14,0,15.0,9
2,5,1,15,0,9.0,10
2,5,1,16,0,10.0,9
2,5,1,17,0,9.0,7
2,5,1,18,0,7.0,11
2,5,1,19,0,11.0,9
2,5,1,20,0,9.0,13
2,5,1,21,0,13.0,14
2,5,1,22,0,14.0,10
2,5,1,23,0,10.0,11
2,5,1,24,0,11.0,7
2,5,1,25,0,7.0,9
2,5,1,26,0,9.0,9
2,5,1,27,0,9.0,11
2,5,1,28,0,11.0,9
2,5,1,29,1,9.0,5
2,5,1,30,1,5.0,11
2,5,1,31,0,11.0,2
2,5,1,32,0,2.0,5
2,5,1,33,0,5.0,12
2,5,1,34,0,12.0,11
2,5,1,35,0,11.0,8
2,5,1,36,0,8.0,8
2,5,1,37,0,8.0,4
2,5,1,38,0,4.0,10
2,5,1,39,0,10.0,11
2,5,1,40,0,11.0,11
2,5,1,41,0,11.0,12
2,5,1,42,0,12.0,14
2,5,1,43,0,14.0,6
2,5,1,44,0,6.0,10
2,5,1,45,0,10.0,11
2,5,1,46,0,11.0,16
2,5,1,47,0,16.0,12
2,5,1,48,0,12.0,14
2,5,1,49,0,14.0,17
2,5,1,50,1,17.0,46
2,5,1,51,1,46.0,53
2,5,1,52,1,53.0,33
2,5,1,1,1,33.0,30
2,5,1,2,0,30.0,7
2,5,1,3,0,7.0,14
2,5,1,4,0,14.0,11
2,5,1,5,0,11.0,12
2,5,1,6,1,12.0,8
2,5,1,7,1,8.0,12
2,5,1,8,1,12.0,15
2,5,1,9,1,15.0,15
2,5,1,10,1,15.0,15
2,5,1,11,1,15.0,8
2,5,1,12,1,8.0,8
2,5,1,13,1,8.0,10
2,5,1,14,0,10.0,10
2,5,1,15,0,10.0,7
2,5,1,16,0,7.0,15
2,5,1,17,0,15.0,5
2,5,1,18,0,5.0,10
2,5,1,19,0,10.0,7
2,5,1,20,0,7.0,21
2,5,1,21,0,21.0,20
2,5,1,22,0,20.0,7
2,5,1,23,0,7.0,8
2,5,1,24,0,8.0,14
2,5,1,25,0,14.0,9
2,5,1,26,0,9.0,14
2,5,1,27,0,14.0,18
2,5,1,28,0,18.0,5
2,5,1,29,0,5.0,6
2,5,1,30,1,6.0,11
2,5,1,31,0,11.0,8
2,5,1,32,0,8.0,8
2,5,1,33,0,8.0,14
2,5,1,34,0,14.0,14
2,5,1,35,0,14.0,14
2,5,1,36,0,14.0,3
2,5,1,37,0,3.0,12
2,5,1,38,0,12.0,14
2,5,1,39,0,14.0,7
2,5,1,40,0,7.0,9
2,5,1,41,0,9.0,9
2,5,1,42,0,9.0,10
2,5,1,43,0,10.0,9
2,5,1,44,0,9.0,11
2,5,1,45,0,11.0,14
2,5,1,46,0,14.0,2
2,5,1,47,0,2.0,13
2,5,1,49,0,13.0,8
2,5,1,50,0,8.0,6
2,5,1,51,1,6.0,47
2,5,1,52,1,47.0,27
2,5,1,1,1,27.0,27
2,5,1,2,0,27.0,13
2,5,1,3,0,13.0,19
2,5,1,4,0,19.0,2
2,5,1,5,0,2.0,8
2,5,1,6,1,8.0,9
2,5,1,7,1,9.0,8
2,5,1,8,1,8.0,9
2,5,1,9,1,9.0,11
2,5,1,10,1,11.0,9
2,5,1,11,1,9.0,7
2,5,1,12,1,7.0,6
2,5,1,13,1,6.0,6
2,5,1,14,0,6.0,13
2,5,1,15,0,13.0,4
2,5,1,16,0,4.0,11
2,5,1,17,0,11.0,7
2,5,1,18,0,7.0,6
2,5,1,19,0,6.0,11
2,5,1,20,0,11.0,8
2,5,1,21,0,8.0,4
2,5,1,22,0,4.0,18
2,5,1,23,0,18.0,9
2,5,1,24,0,9.0,8
2,5,1,25,0,8.0,11
2,5,1,26,0,11.0,14
2,5,1,27,0,14.0,7
2,5,1,28,0,7.0,2
2,5,1,29,0,2.0,16
2,5,1,30,1,16.0,8
2,5,1,31,1,8.0,14
2,5,1,32,0,14.0,10
2,5,1,33,0,10.0,9
2,5,1,34,0,9.0,8
2,5,1,35,0,8.0,11
2,5,1,36,0,11.0,15
2,5,1,37,0,15.0,16
2,5,1,38,0,16.0,14
2,5,1,39,0,14.0,11
2,5,1,40,0,11.0,4
2,5,1,41,0,4.0,6
2,5,1,42,0,6.0,2
2,5,1,43,0,2.0,9
2,5,1,44,0,9.0,17
2,5,1,45,0,17.0,11
2,5,1,46,0,11.0,8
2,5,1,47,0,8.0,9
2,5,1,48,0,9.0,7
2,5,1,49,0,7.0,8
2,5,1,50,0,8.0,2
2,5,1,51,1,2.0,80
2,5,1,52,1,80.0,63
2,5,1,1,1,63.0,79
2,5,1,2,0,79.0,12
2,5,1,3,0,12.0,7
2,5,1,4,0,7.0,8
2,5,1,5,0,8.0,12
2,5,1,6,0,12.0,19
2,5,1,7,1,19.0,10
2,5,1,8,1,10.0,12
2,5,1,9,1,12.0,5
2,5,1,10,1,5.0,14
2,5,1,11,1,14.0,8
2,5,1,12,1,8.0,9
2,5,1,13,1,9.0,16
2,5,1,14,0,16.0,7
2,5,1,15,0,7.0,2
2,5,1,16,0,2.0,14
2,5,1,17,0,14.0,14
2,5,1,18,0,14.0,12
2,5,1,19,0,12.0,3
2,5,1,20,0,3.0,9
2,5,1,21,0,9.0,9
2,5,1,22,0,9.0,6
2,5,1,23,0,6.0,14
2,5,1,24,0,14.0,3
2,5,1,25,0,3.0,11
2,5,1,26,0,11.0,23
2,5,1,27,0,23.0,9
2,5,1,28,0,9.0,7
2,5,1,29,0,7.0,13
2,5,1,30,1,13.0,7
2,5,1,31,1,7.0,4
2,5,1,32,0,4.0,21
2,5,1,33,0,21.0,8
2,5,1,34,0,8.0,10
2,5,1,35,0,10.0,14
2,5,1,36,0,14.0,6
2,5,1,37,0,6.0,11
2,5,1,38,0,11.0,22
2,5,1,39,0,22.0,11
2,5,1,40,0,11.0,5
2,5,1,41,0,5.0,6
2,5,1,42,0,6.0,8
2,5,1,43,0,8.0,3
2,5,1,44,0,3.0,2
2,5,1,45,0,2.0,13
2,5,1,46,0,13.0,9
2,5,1,47,0,9.0,8
2,5,1,48,0,8.0,11
2,5,1,49,0,11.0,16
2,5,1,50,0,16.0,9
2,5,1,51,1,9.0,44
2,5,1,52,1,44.0,34
2,5,1,1,1,34.0,9
2,5,2,1,1,0.0,60
2,5,2,2,0,60.0,9
2,5,2,3,0,9.0,4
2,5,2,4,0,4.0,13
2,5,2,5,0,13.0,14
2,5,2,6,1,14.0,2
2,5,2,7,1,2.0,9
2,5,2,8,1,9.0,9
2,5,2,9,1,9.0,24
2,5,2,10,1,24.0,4
2,5,2,11,1,4.0,3
2,5,2,12,1,3.0,3
2,5,2,13,1,3.0,11
2,5,2,14,0,11.0,6
2,5,2,15,0,6.0,12
2,5,2,16,0,12.0,10
2,5,2,17,0,10.0,4
2,5,2,18,0,4.0,8
2,5,2,19,0,8.0,16
2,5,2,20,0,16.0,9
2,5,2,21,0,9.0,11
2,5,2,22,0,11.0,14
2,5,2,23,0,14.0,13
2,5,2,24,0,13.0,11
2,5,2,25,0,11.0,14
2,5,2,26,0,14.0,22
2,5,2,27,0,22.0,15
2,5,2,28,0,15.0,9
2,5,2,29,0,9.0,13
2,5,2,30,1,13.0,8
2,5,2,31,0,8.0,7
2,5,2,32,0,7.0,12
2,5,2,33,0,12.0,16
2,5,2,34,0,16.0,11
2,5,2,35,0,11.0,13
2,5,2,36,0,13.0,10
2,5,2,37,0,10.0,11
2,5,2,38,0,11.0,22
2,5,2,39,0,22.0,4
2,5,2,40,0,4.0,13
2,5,2,41,0,13.0,3
2,5,2,42,0,3.0,8
2,5,2,43,0,8.0,18
2,5,2,44,0,18.0,11
2,5,2,45,0,11.0,6
2,5,2,46,0,6.0,15
2,5,2,47,0,15.0,21
2,5,2,48,0,21.0,19
2,5,2,49,0,19.0,10
2,5,2,50,1,10.0,35
2,5,2,51,1,35.0,85
2,5,2,52,1,85.0,49
2,5,2,1,1,49.0,39
2,5,2,2,0,39.0,9
2,5,2,3,0,9.0,9
2,5,2,4,0,9.0,12
2,5,2,5,0,12.0,9
2,5,2,6,1,9.0,8
2,5,2,7,1,8.0,13
2,5,2,8,0,13.0,14
2,5,2,9,1,14.0,17
2,5,2,10,1,17.0,12
2,5,2,11,1,12.0,11
2,5,2,12,1,11.0,8
2,5,2,13,1,8.0,7
2,5,2,14,0,7.0,10
2,5,2,15,0,10.0,5
2,5,2,16,0,5.0,6
2,5,2,17,0,6.0,5
2,5,2,18,0,5.0,9
2,5,2,19,0,9.0,10
2,5,2,20,0,10.0,9
2,5,2,21,0,9.0,16
2,5,2,22,0,16.0,12
2,5,2,23,0,12.0,23
2,5,2,24,0,23.0,8
2,5,2,25,0,8.0,14
2,5,2,26,0,14.0,9
2,5,2,27,0,9.0,3
2,5,2,28,0,3.0,14
2,5,2,29,0,14.0,3
2,5,2,30,1,3.0,4
2,5,2,31,1,4.0,10
2,5,2,32,0,10.0,13
2,5,2,33,0,13.0,14
2,5,2,34,0,14.0,6
2,5,2,35,0,6.0,15
2,5,2,36,0,15.0,3
2,5,2,37,0,3.0,9
2,5,2,38,0,9.0,7
2,5,2,39,0,7.0,6
2,5,2,40,0,6.0,13
2,5,2,41,0,13.0,7
2,5,2,42,0,7.0,8
2,5,2,43,0,8.0,21
2,5,2,44,0,21.0,3
2,5,2,45,0,3.0,21
2,5,2,46,0,21.0,14
2,5,2,47,0,14.0,4
2,5,2,48,0,4.0,13
2,5,2,49,0,13.0,14
2,5,2,50,1,14.0,50
2,5,2,51,1,50.0,63
2,5,2,52,1,63.0,43
2,5,2,1,1,43.0,46
2,5,2,2,0,46.0,10
2,5,2,3,0,10.0,12
2,5,2,4,0,12.0,6
2,5,2,5,0,6.0,6
2,5,2,6,0,6.0,9
2,5,2,7,1,9.0,10
2,5,2,8,1,10.0,19
2,5,2,9,1,19.0,19
2,5,2,10,1,19.0,9
2,5,2,11,1,9.0,8
2,5,2,13,1,8.0,13
2,5,2,14,1,13.0,9
2,5,2,15,0,9.0,26
2,5,2,16,0,26.0,14
2,5,2,17,0,14.0,15
2,5,2,18,0,15.0,18
2,5,2,19,0,18.0,11
2,5,2,20,0,11.0,22
2,5,2,21,0,22.0,17
2,5,2,22,0,17.0,5
2,5,2,23,0,5.0,5
2,5,2,24,0,5.0,11
2,5,2,25,0,11.0,14
2,5,2,26,0,14.0,9
2,5,2,27,0,9.0,9
2,5,2,28,0,9.0,4
2,5,2,29,0,4.0,15
2,5,2,30,1,15.0,8
2,5,2,31,1,8.0,13
2,5,2,32,0,13.0,12
2,5,2,33,0,12.0,18
2,5,2,34,0,18.0,10
2,5,2,35,0,10.0,6
2,5,2,36,0,6.0,17
2,5,2,37,0,17.0,15
2,5,2,38,0,15.0,8
2,5,2,39,0,8.0,12
2,5,2,40,0,12.0,14
2,5,2,41,0,14.0,8
2,5,2,42,0,8.0,7
2,5,2,43,0,7.0,10
2,5,2,44,0,10.0,6
2,5,2,45,0,6.0,7
2,5,2,46,0,7.0,9
2,5,2,47,0,9.0,6
2,5,2,48,0,6.0,12
2,5,2,49,0,12.0,10
2,5,2,50,0,10.0,9
2,5,2,51,1,9.0,55
2,5,2,52,1,55.0,80
2,5,2,53,1,80.0,42
2,5,2,1,1,42.0,13
2,5,2,2,0,13.0,10
2,5,2,3,0,10.0,9
2,5,2,4,0,9.0,5
2,5,2,5,0,5.0,9
2,5,2,6,1,9.0,18
2,5,2,7,1,18.0,13
2,5,2,9,1,13.0,15
2,5,2,10,1,15.0,5
2,5,2,11,1,5.0,13
2,5,2,12,1,13.0,16
2,5,2,13,1,16.0,10
2,5,2,14,0,10.0,9
2,5,2,15,0,9.0,13
2,5,2,16,0,13.0,15
2,5,2,17,0,15.0,7
2,5,2,18,0,7.0,4
2,5,2,19,0,4.0,6
2,5,2,20,0,6.0,6
2,5,2,21,0,6.0,7
2,5,2,22,0,7.0,9
2,5,2,23,0,9.0,12
2,5,2,24,0,12.0,20
2,5,2,25,0,20.0,9
2,5,2,26,0,9.0,9
2,5,2,27,0,9.0,11
2,5,2,28,0,11.0,10
2,5,2,29,0,10.0,2
2,5,2,30,1,2.0,9
2,5,2,31,0,9.0,6
2,5,2,32,0,6.0,7
2,5,2,33,0,7.0,18
2,5,2,34,0,18.0,10
2,5,2,35,0,10.0,9
2,5,2,36,0,9.0,17
2,5,2,37,0,17.0,8
2,5,2,38,0,8.0,10
2,5,2,39,0,10.0,14
2,5,2,40,0,14.0,9
2,5,2,41,0,9.0,11
2,5,2,42,0,11.0,11
2,5,2,43,0,11.0,11
2,5,2,44,0,11.0,11
2,5,2,45,0,11.0,9
2,5,2,46,0,9.0,9
2,5,2,47,0,9.0,7
2,5,2,48,0,7.0,13
2,5,2,49,0,13.0,22
2,5,2,50,1,22.0,25
2,5,2,51,1,25.0,91
2,5,2,52,1,91.0,85
2,5,2,1,1,85.0,67
2,5,2,2,0,67.0,4
2,5,2,3,0,4.0,6
2,5,2,4,0,6.0,16
2,5,2,5,0,16.0,12
2,5,2,6,0,12.0,6
2,5,2,7,1,6.0,12
2,5,2,8,0,12.0,10
2,5,2,9,1,10.0,5
2,5,2,10,1,5.0,10
2,5,2,11,1,10.0,10
2,5,2,12,1,10.0,7
2,5,2,13,1,7.0,8
2,5,2,14,0,8.0,6
2,5,2,15,0,6.0,6
2,5,2,16,0,6.0,6
2,5,2,17,0,6.0,14
2,5,2,18,0,14.0,15
2,5,2,19,0,15.0,19
2,5,2,20,0,19.0,5
2,5,2,21,0,5.0,10
2,5,2,22,0,10.0,12
2,5,2,23,0,12.0,7
2,5,2,24,0,7.0,11
2,5,2,25,0,11.0,9
2,5,2,26,0,9.0,12
2,5,2,27,0,12.0,10
2,5,2,28,0,10.0,6
2,5,2,29,1,6.0,14
2,5,2,30,1,14.0,18
2,5,2,31,0,18.0,13
2,5,2,32,0,13.0,2
2,5,2,33,0,2.0,6
2,5,2,34,0,6.0,13
2,5,2,35,0,13.0,12
2,5,2,36,0,12.0,11
2,5,2,37,0,11.0,11
2,5,2,38,0,11.0,11
2,5,2,39,0,11.0,1
2,5,2,40,0,1.0,14
2,5,2,41,0,14.0,10
2,5,2,42,0,10.0,17
2,5,2,43,0,17.0,12
2,5,2,44,0,12.0,26
2,5,2,45,0,26.0,8
2,5,2,46,0,8.0,18
2,5,2,47,0,18.0,5
2,5,2,48,0,5.0,7
2,5,2,49,0,7.0,9
2,5,2,50,1,9.0,24
2,5,2,51,1,24.0,54
2,5,2,52,1,54.0,61
2,5,2,1,1,61.0,36
2,5,2,2,0,36.0,11
2,5,2,3,0,11.0,8
2,5,2,4,0,8.0,22
2,5,2,5,0,22.0,10
2,5,2,6,1,10.0,5
2,5,2,7,1,5.0,12
2,5,2,8,1,12.0,12
2,5,2,9,1,12.0,8
2,5,2,10,1,8.0,1
2,5,2,11,1,1.0,6
2,5,2,12,1,6.0,11
2,5,2,13,1,11.0,16
2,5,2,14,0,16.0,4
2,5,2,15,0,4.0,15
2,5,2,16,0,15.0,9
2,5,2,17,0,9.0,11
2,5,2,18,0,11.0,13
2,5,2,19,0,13.0,10
2,5,2,20,0,10.0,7
2,5,2,21,0,7.0,12
2,5,2,22,0,12.0,7
2,5,2,23,0,7.0,14
2,5,2,24,0,14.0,10
2,5,2,25,0,10.0,12
2,5,2,26,0,12.0,13
2,5,2,27,0,13.0,8
2,5,2,28,0,8.0,7
2,5,2,29,1,7.0,15
2,5,2,30,1,15.0,15
2,5,2,31,0,15.0,12
2,5,2,32,0,12.0,9
2,5,2,33,0,9.0,11
2,5,2,34,0,11.0,23
2,5,2,35,0,23.0,11
2,5,2,36,0,11.0,13
2,5,2,37,0,13.0,14
2,5,2,38,0,14.0,13
2,5,2,39,0,13.0,6
2,5,2,40,0,6.0,2
2,5,2,41,0,2.0,21
2,5,2,42,0,21.0,14
2,5,2,43,0,14.0,9
2,5,2,44,0,9.0,5
2,5,2,45,0,5.0,12
2,5,2,46,0,12.0,6
2,5,2,47,0,6.0,13
2,5,2,48,0,13.0,14
2,5,2,49,0,14.0,8
2,5,2,50,1,8.0,31
2,5,2,51,1,31.0,43
2,5,2,52,1,43.0,40
2,5,2,1,1,40.0,62
2,5,2,2,0,62.0,6
2,5,2,3,0,6.0,9
2,5,2,4,0,9.0,19
2,5,2,5,0,19.0,22
2,5,2,6,0,22.0,12
2,5,2,7,1,12.0,10
2,5,2,8,1,10.0,9
2,5,2,9,1,9.0,14
2,5,2,10,1,14.0,7
2,5,2,11,1,7.0,7
2,5,2,12,1,7.0,13
2,5,2,13,1,13.0,2
2,5,2,14,0,2.0,4
2,5,2,15,0,4.0,9
2,5,2,16,0,9.0,3
2,5,2,17,0,3.0,3
2,5,2,18,0,3.0,8
2,5,2,19,0,8.0,10
2,5,2,20,0,10.0,17
2,5,2,21,0,17.0,14
2,5,2,22,0,14.0,17
2,5,2,23,0,17.0,12
2,5,2,24,0,12.0,9
2,5,2,25,0,9.0,9
2,5,2,26,0,9.0,2
2,5,2,27,0,2.0,6
2,5,2,28,0,6.0,2
2,5,2,29,0,2.0,10
2,5,2,30,1,10.0,6
2,5,2,31,1,6.0,16
2,5,2,32,0,16.0,8
2,5,2,33,0,8.0,7
2,5,2,34,0,7.0,1
2,5,2,35,0,1.0,9
2,5,2,36,0,9.0,2
2,5,2,38,0,2.0,7
2,5,2,39,0,7.0,10
2,5,2,40,0,10.0,12
2,5,2,41,0,12.0,14
2,5,2,42,0,14.0,17
2,5,2,43,0,17.0,9
2,5,2,44,0,9.0,15
2,5,2,45,0,15.0,12
2,5,2,46,0,12.0,12
2,5,2,47,0,12.0,11
2,5,2,48,0,11.0,3
2,5,2,49,0,3.0,13
2,5,2,50,1,13.0,50
2,5,2,51,1,50.0,79
2,5,2,52,1,79.0,92
2,5,2,1,1,92.0,31
2,5,2,2,0,31.0,10
2,5,2,3,0,10.0,12
2,5,2,4,0,12.0,10
2,5,2,5,0,10.0,6
2,5,2,6,0,6.0,10
2,5,2,7,1,10.0,13
2,5,2,8,1,13.0,12
2,5,2,9,1,12.0,7
2,5,2,10,1,7.0,5
2,5,2,11,1,5.0,7
2,5,2,12,1,7.0,10
2,5,2,13,1,10.0,2
2,5,2,14,0,2.0,7
2,5,2,15,0,7.0,9
2,5,2,16,0,9.0,12
2,5,2,17,0,12.0,7
2,5,2,18,0,7.0,14
2,5,2,19,0,14.0,10
2,5,2,20,0,10.0,8
2,5,2,21,0,8.0,12
2,5,2,22,0,12.0,10
2,5,2,23,0,10.0,10
2,5,2,24,0,10.0,7
2,5,2,25,0,7.0,5
2,5,2,26,0,5.0,10
2,5,2,27,0,10.0,5
2,5,2,28,0,5.0,13
2,5,2,29,0,13.0,6
2,5,2,30,1,6.0,12
2,5,2,31,1,12.0,2
2,5,2,32,0,2.0,8
2,5,2,33,0,8.0,13
2,5,2,34,0,13.0,7
2,5,2,35,0,7.0,9
2,5,2,36,0,9.0,13
2,5,2,37,0,13.0,8
2,5,2,38,0,8.0,12
2,5,2,39,0,12.0,15
2,5,2,40,0,15.0,15
2,5,2,41,0,15.0,7
2,5,2,42,0,7.0,14
2,5,2,43,0,14.0,2
2,5,2,44,0,2.0,12
2,5,2,45,0,12.0,11
2,5,2,46,0,11.0,14
2,5,2,47,0,14.0,12
2,5,2,48,0,12.0,18
2,5,2,49,0,18.0,6
2,5,2,50,0,6.0,12
2,5,2,51,1,12.0,94
2,5,2,52,1,94.0,86
2,5,2,1,1,86.0,69
3,0,0,1,1,0.0,23
3,0,0,2,0,23.0,6
3,0,0,3,0,6.0,7
3,0,0,4,0,7.0,9
3,0,0,5,0,9.0,26
3,0,0,6,1,26.0,5
3,0,0,7,1,5.0,14
3,0,0,8,1,14.0,11
3,0,0,9,1,11.0,142
3,0,0,10,1,142.0,134
3,0,0,11,1,134.0,140
3,0,0,12,1,140.0,56
3,0,0,13,1,56.0,179
3,0,0,14,0,179.0,11
3,0,0,15,0,11.0,5
3,0,0,16,0,5.0,14
3,0,0,17,0,14.0,5
3,0,0,18,0,5.0,9
3,0,0,19,0,9.0,18
3,0,0,20,0,18.0,11
3,0,0,21,0,11.0,16
3,0,0,22,0,16.0,17
3,0,0,23,0,17.0,25
3,0,0,24,0,25.0,9
3,0,0,25,0,9.0,15
3,0,0,26,0,15.0,15
3,0,0,27,0,15.0,12
3,0,0,28,0,12.0,7
3,0,0,29,1,7.0,16
3,0,0,30,1,16.0,22
3,0,0,31,1,22.0,15
3,0,0,32,0,15.0,15
3,0,0,33,0,15.0,7
3,0,0,34,0,7.0,15
3,0,0,35,0,15.0,7
3,0,0,36,0,7.0,5
3,0,0,37,0,5.0,20
3,0,0,38,0,20.0,15
3,0,0,39,0,15.0,13
3,0,0,40,0,13.0,5
3,0,0,41,0,5.0,10
3,0,0,42,0,10.0,12
3,0,0,43,0,12.0,16
3,0,0,44,0,16.0,13
3,0,0,45,0,13.0,3
3,0,0,46,0,3.0,7
3,0,0,47,0,7.0,4
3,0,0,48,0,4.0,7
3,0,0,49,0,7.0,11
3,0,0,50,0,11.0,6
3,0,0,51,1,6.0,9
3,0,0,52,1,9.0,19
3,0,0,1,1,19.0,8
3,0,0,2,0,8.0,21
3,0,0,3,0,21.0,13
3,0,0,4,0,13.0,14
3,0,0,5,0,14.0,10
3,0,0,6,0,10.0,10
3,0,0,7,1,10.0,17
3,0,0,8,1,17.0,15
3,0,0,9,1,15.0,23
3,0,0,10,1,23.0,102
3,0,0,11,1,102.0,107
3,0,0,12,1,107.0,98
3,0,0,13,1,98.0,132
3,0,0,14,0,132.0,6
3,0,0,15,0,6.0,7
3,0,0,16,0,7.0,3
3,0,0,17,0,3.0,15
3,0,0,18,0,15.0,7
3,0,0,19,0,7.0,5
3,0,0,20,0,5.0,11
3,0,0,21,0,11.0,13
3,0,0,22,0,13.0,9
3,0,0,23,0,9.0,5
3,0,0,24,0,5.0,14
3,0,0,25,0,14.0,5
3,0,0,26,0,5.0,8
3,0,0,27,0,8.0,4
3,0,0,28,0,4.0,16
3,0,0,29,0,16.0,18
3,0,0,30,1,18.0,18
3,0,0,31,1,18.0,11
3,0,0,32,0,11.0,13
3,0,0,33,0,13.0,15
3,0,0,34,0,15.0,10
3,0,0,35,0,10.0,18
3,0,0,36,0,18.0,15
3,0,0,37,0,15.0,13
3,0,0,38,0,13.0,16
3,0,0,39,0,16.0,12
3,0,0,40,0,12.0,13
3,0,0,41,0,13.0,6
3,0,0,42,0,6.0,8
3,0,0,43,0,8.0,15
3,0,0,44,0,15.0,15
3,0,0,45,0,15.0,12
3,0,0,46,0,12.0,12
3,0,0,47,0,12.0,10
3,0,0,48,0,10.0,9
3,0,0,49,0,9.0,12
3,0,0,50,0,12.0,8
3,0,0,51,1,8.0,8
3,0,0,52,1,8.0,12
3,0,0,1,1,12.0,15
3,0,0,2,0,15.0,15
3,0,0,3,0,15.0,16
3,0,0,4,0,16.0,15
3,0,0,5,0,15.0,6
3,0,0,6,0,6.0,8
3,0,0,7,1,8.0,10
3,0,0,8,1,10.0,10
3,0,0,9,0,10.0,18
3,0,0,10,1,18.0,95
3,0,0,11,1,95.0,89
3,0,0,12,1,89.0,108
3,0,0,13,1,108.0,258
3,0,0,14,1,258.0,39
3,0,0,15,0,39.0,16
3,0,0,16,0,16.0,9
3,0,0,17,0,9.0,12
3,0,0,18,0,12.0,7
3,0,0,19,0,7.0,9
3,0,0,20,0,9.0,15
3,0,0,21,0,15.0,14
3,0,0,22,0,14.0,19
3,0,0,23,0,19.0,10
3,0,0,24,0,10.0,7
3,0,0,25,0,7.0,21
3,0,0,26,0,21.0,4
3,0,0,27,0,4.0,3
3,0,0,28,0,3.0,11
3,0,0,29,0,11.0,5
3,0,0,30,1,5.0,8
3,0,0,31,1,8.0,8
3,0,0,32,0,8.0,12
3,0,0,33,0,12.0,19
3,0,0,34,0,19.0,14
3,0,0,35,0,14.0,8
3,0,0,36,0,8.0,16
3,0,0,37,0,16.0,9
3,0,0,38,0,9.0,6
3,0,0,39,0,6.0,16
3,0,0,40,0,16.0,26
3,0,0,41,0,26.0,12
3,0,0,42,0,12.0,10
3,0,0,43,0,10.0,1
3,0,0,44,0,1.0,7
3,0,0,45,0,7.0,8
3,0,0,46,0,8.0,13
3,0,0,47,0,13.0,12
3,0,0,48,0,12.0,17
3,0,0,49,0,17.0,5
3,0,0,50,0,5.0,15
3,0,0,51,1,15.0,15
3,0,0,52,1,15.0,12
3,0,0,53,1,12.0,15
3,0,0,1,1,15.0,10
3,0,0,2,0,10.0,4
3,0,0,3,0,4.0,11
3,0,0,4,0,11.0,9
3,0,0,5,0,9.0,7
3,0,0,6,1,7.0,10
3,0,0,7,1,10.0,16
3,0,0,8,0,16.0,13
3,0,0,9,1,13.0,91
3,0,0,10,1,91.0,60
3,0,0,11,1,60.0,164
3,0,0,12,1,164.0,164
3,0,0,13,1,164.0,94
3,0,0,14,0,94.0,8
3,0,0,15,0,8.0,14
3,0,0,16,0,14.0,13
3,0,0,17,0,13.0,11
3,0,0,18,0,11.0,25
3,0,0,19,0,25.0,13
3,0,0,20,0,13.0,10
3,0,0,21,0,10.0,7
3,0,0,22,0,7.0,9
3,0,0,23,0,9.0,23
3,0,0,24,0,23.0,1
3,0,0,25,0,1.0,11
3,0,0,26,0,11.0,14
3,0,0,27,0,14.0,22
3,0,0,28,0,22.0,6
3,0,0,29,1,6.0,11
3,0,0,30,1,11.0,8
3,0,0,31,0,8.0,1
3,0,0,32,0,1.0,16
3,0,0,33,0,16.0,5
3,0,0,34,0,5.0,8
3,0,0,35,0,8.0,9
3,0,0,36,0,9.0,25
3,0,0,37,0,25.0,12
3,0,0,38,0,12.0,2
3,0,0,39,0,2.0,16
3,0,0,40,0,16.0,13
3,0,0,41,0,13.0,4
3,0,0,42,0,4.0,13
3,0,0,43,0,13.0,13
3,0,0,44,0,13.0,16
3,0,0,45,0,16.0,14
3,0,0,46,0,14.0,5
3,0,0,47,0,5.0,9
3,0,0,48,0,9.0,6
3,0,0,49,0,6.0,14
3,0,0,50,1,14.0,7
3,0,0,51,1,7.0,7
3,0,0,52,1,7.0,6
3,0,0,1,1,6.0,13
3,0,0,2,0,13.0,21
3,0,0,3,0,21.0,16
3,0,0,4,0,16.0,2
3,0,0,5,0,2.0,16
3,0,0,6,1,16.0,11
3,0,0,7,1,11.0,9
3,0,0,8,0,9.0,10
3,0,0,9,1,10.0,51
3,0,0,10,1,51.0,132
3,0,0,11,1,132.0,67
3,0,0,12,1,67.0,47
3,0,0,13,1,47.0,57
3,0,0,14,0,57.0,11
3,0,0,15,0,11.0,17
3,0,0,16,0,17.0,8
3,0,0,17,0,8.0,13
3,0,0,18,0,13.0,16
3,0,0,19,0,16.0,10
3,0,0,20,0,10.0,18
3,0,0,21,0,18.0,19
3,0,0,23,0,19.0,5
3,0,0,24,0,5.0,5
3,0,0,25,0,5.0,13
3,0,0,26,0,13.0,7
3,0,0,27,0,7.0,11
3,0,0,28,0,11.0,17
3,0,0,29,1,17.0,21
3,0,0,30,1,21.0,14
3,0,0,31,0,14.0,10
3,0,0,32,0,10.0,15
3,0,0,33,0,15.0,9
3,0,0,34,0,9.0,13
3,0,0,35,0,13.0,9
3,0,0,36,0,9.0,12
3,0,0,37,0,12.0,8
3,0,0,38,0,8.0,17
3,0,0,39,0,17.0,11
3,0,0,40,0,11.0,4
3,0,0,41,0,4.0,4
3,0,0,42,0,4.0,5
3,0,0,43,0,5.0,17
3,0,0,44,0,17.0,18
3,0,0,45,0,18.0,3
3,0,0,46,0,3.0,6
3,0,0,47,0,6.0,7
3,0,0,48,0,7.0,12
3,0,0,49,0,12.0,3
3,0,0,50,1,3.0,4
3,0,0,51,1,4.0,11
3,0,0,52,1,11.0,5
3,0,0,1,1,5.0,12
3,0,0,2,0,12.0,10
3,0,0,3,0,10.0,9
3,0,0,4,0,9.0,9
3,0,0,5,0,9.0,7
3,0,0,6,1,7.0,12
3,0,0,7,1,12.0,15
3,0,0,8,1,15.0,10
3,0,0,9,1,10.0,97
3,0,0,10,1,97.0,91
3,0,0,11,1,91.0,174
3,0,0,12,1,174.0,131
3,0,0,13,1,131.0,143
3,0,0,14,0,143.0,10
3,0,0,15,0,10.0,9
3,0,0,16,0,9.0,6
3,0,0,17,0,6.0,13
3,0,0,18,0,13.0,19
3,0,0,19,0,19.0,3
3,0,0,20,0,3.0,3
3,0,0,21,0,3.0,12
3,0,0,22,0,12.0,6
3,0,0,23,0,6.0,18
3,0,0,24,0,18.0,4
3,0,0,25,0,4.0,9
3,0,0,26,0,9.0,12
3,0,0,27,0,12.0,12
3,0,0,28,0,12.0,12
3,0,0,29,1,12.0,7
3,0,0,30,1,7.0,8
3,0,0,31,1,8.0,6
3,0,0,32,0,6.0,8
3,0,0,33,0,8.0,16
3,0,0,34,0,16.0,12
3,0,0,35,0,12.0,11
3,0,0,36,0,11.0,8
3,0,0,37,0,8.0,10
3,0,0,38,0,10.0,4
3,0,0,39,0,4.0,14
3,0,0,40,0,14.0,8
3,0,0,41,0,8.0,6
3,0,0,42,0,6.0,23
3,0,0,43,0,23.0,10
3,0,0,44,0,10.0,6
3,0,0,45,0,6.0,22
3,0,0,46,0,22.0,4
3,0,0,47,0,4.0,12
3,0,0,48,0,12.0,8
3,0,0,49,0,8.0,7
3,0,0,50,1,7.0,8
3,0,0,51,1,8.0,14
3,0,0,52,1,14.0,7
3,0,0,1,1,7.0,17
3,0,0,2,0,17.0,11
3,0,0,3,0,11.0,8
3,0,0,4,0,8.0,15
3,0,0,5,0,15.0,13
3,0,0,6,0,13.0,5
3,0,0,7,1,5.0,5
3,0,0,8,1,5.0,7
3,0,0,9,1,7.0,114
3,0,0,10,1,114.0,91
3,0,0,11,1,91.0,45
3,0,0,12,1,45.0,61
3,0,0,13,1,61.0,119
3,0,0,14,0,119.0,10
3,0,0,15,0,10.0,23
3,0,0,16,0,23.0,13
3,0,0,17,0,13.0,7
3,0,0,18,0,7.0,5
3,0,0,19,0,5.0,9
3,0,0,20,0,9.0,14
3,0,0,21,0,14.0,14
3,0,0,22,0,14.0,9
3,0,0,23,0,9.0,13
3,0,0,24,0,13.0,15
3,0,0,25,0,15.0,8
3,0,0,26,0,8.0,8
3,0,0,27,0,8.0,12
3,0,0,28,0,12.0,6
3,0,0,29,0,6.0,9
3,0,0,30,1,9.0,11
3,0,0,31,1,11.0,9
3,0,0,32,0,9.0,21
3,0,0,33,0,21.0,6
3,0,0,34,0,6.0,10
3,0,0,35,0,10.0,13
3,0,0,36,0,13.0,6
3,0,0,37,0,6.0,21
3,0,0,38,0,21.0,12
3,0,0,39,0,12.0,8
3,0,0,40,0,8.0,13
3,0,0,41,0,13.0,15
3,0,0,42,0,15.0,12
3,0,0,43,0,12.0,13
3,0,0,44,0,13.0,6
3,0,0,45,0,6.0,6
3,0,0,46,0,6.0,5
3,0,0,47,0,5.0,7
3,0,0,48,0,7.0,27
3,0,0,49,0,27.0,1
3,0,0,50,0,1.0,14
3,0,0,51,1,14.0,8
3,0,0,52,1,8.0,3
3,0,0,1,1,3.0,10
3,0,0,2,0,10.0,9
3,0,0,3,0,9.0,15
3,0,0,4,0,15.0,16
3,0,0,5,0,16.0,14
3,0,0,6,0,14.0,4
3,0,0,7,1,4.0,16
3,0,0,8,1,16.0,17
3,0,0,9,0,17.0,20
3,0,0,10,1,20.0,202
3,0,0,11,1,202.0,58
3,0,0,12,1,58.0,90
3,0,0,13,1,90.0,181
3,0,0,14,1,181.0,51
3,0,0,15,0,51.0,15
3,0,0,16,0,15.0,13
3,0,0,17,0,13.0,13
3,0,0,18,0,13.0,3
3,0,0,19,0,3.0,4
3,0,0,20,0,4.0,8
3,0,0,21,0,8.0,2
3,0,0,22,0,2.0,11
3,0,0,23,0,11.0,19
3,0,0,24,0,19.0,10
3,0,0,25,0,10.0,15
3,0,0,26,0,15.0,10
3,0,0,27,0,10.0,8
3,0,0,28,0,8.0,11
3,0,0,29,0,11.0,12
3,0,0,30,1,12.0,14
3,0,0,31,1,14.0,9
3,0,0,32,0,9.0,12
3,0,0,33,0,12.0,12
3,0,0,34,0,12.0,9
3,0,0,35,0,9.0,5
3,0,0,36,0,5.0,11
3,0,0,37,0,11.0,15
3,0,0,38,0,15.0,14
3,0,0,39,0,14.0,28
3,0,0,40,0,28.0,11
3,0,0,41,0,11.0,6
3,0,0,42,0,6.0,10
3,0,0,43,0,10.0,14
3,0,0,44,0,14.0,14
3,0,0,45,0,14.0,1
3,0,0,46,0,1.0,9
3,0,0,47,0,9.0,9
3,0,0,48,0,9.0,14
3,0,0,49,0,14.0,5
3,0,0,50,0,5.0,11
3,0,0,51,1,11.0,20
3,0,0,52,1,20.0,20
3,0,0,1,1,20.0,3
3,0,1,1,1,0.0,14
3,0,1,2,0,14.0,6
3,0,1,3,0,6.0,4
3,0,1,4,0,4.0,4
3,0,1,5,0,4.0,10
3,0,1,6,1,10.0,5
3,0,1,7,1,5.0,10
3,0,1,8,1,10.0,13
3,0,1,9,1,13.0,155
3,0,1,10,1,155.0,207
3,0,1,11,1,207.0,75
3,0,1,12,1,75.0,114
3,0,1,13,1,114.0,165
3,0,1,14,0,165.0,14
3,0,1,15,0,14.0,12
3,0,1,16,0,12.0,7
3,0,1,17,0,7.0,8
3,0,1,18,0,8.0,4
3,0,1,19,0,4.0,16
3,0,1,20,0,16.0,10
3,0,1,21,0,10.0,26
3,0,1,22,0,26.0,5
3,0,1,23,0,5.0,2
3,0,1,24,0,2.0,15
3,0,1,25,0,15.0,10
3,0,1,26,0,10.0,22
3,0,1,27,0,22.0,9
3,0,1,28,0,9.0,24
3,0,1,29,1,24.0,15
3,0,1,30,1,15.0,6
3,0,1,31,1,6.0,6
3,0,1,32,0,6.0,12
3,0,1,33,0,12.0,6
3,0,1,34,0,6.0,8
3,0,1,35,0,8.0,14
3,0,1,36,0,14.0,8
3,0,1,37,0,8.0,10
3,0,1,38,0,10.0,6
3,0,1,39,0,6.0,17
3,0,1,40,0,17.0,6
3,0,1,41,0,6.0,6
3,0,1,42,0,6.0,6
3,0,1,43,0,6.0,12
3,0,1,44,0,12.0,12
3,0,1,45,0,12.0,11
3,0,1,46,0,11.0,10
3,0,1,47,0,10.0,7
3,0,1,48,0,7.0,10
3,0,1,49,0,10.0,13
3,0,1,50,1,13.0,6
3,0,1,51,1,6.0,5
3,0,1,52,1,5.0,10
3,0,1,1,1,10.0,5
3,0,1,2,0,5.0,7
3,0,1,3,0,7.0,9
3,0,1,4,0,9.0,11
3,0,1,5,0,11.0,6
3,0,1,6,0,6.0,22
3,0,1,7,1,22.0,9
3,0,1,8,1,9.0,13
3,0,1,9,1,13.0,49
3,0,1,11,1,49.0,130
3,0,1,12,1,130.0,177
3,0,1,13,1,177.0,209
3,0,1,14,0,209.0,14
3,0,1,15,0,14.0,8
3,0,1,16,0,8.0,5
3,0,1,17,0,5.0,1
3,0,1,18,0,1.0,10
3,0,1,19,0,10.0,5
3,0,1,20,0,5.0,6
3,0,1,21,0,6.0,8
3,0,1,22,0,8.0,15
3,0,1,23,0,15.0,9
3,0,1,24,0,9.0,8
3,0,1,25,0,8.0,13
3,0,1,26,0,13.0,15
3,0,1,27,0,15.0,13
3,0,1,28,0,13.0,11
3,0,1,29,0,11.0,5
3,0,1,30,1,5.0,25
3,0,1,31,1,25.0,17
3,0,1,32,0,17.0,9
3,0,1,33,0,9.0,10
3,0,1,34,0,10.0,6
3,0,1,35,0,6.0,11
3,0,1,36,0,11.0,6
3,0,1,37,0,6.0,15
3,0,1,38,0,15.0,21
3,0,1,39,0,21.0,9
3,0,1,40,0,9.0,17
3,0,1,41,0,17.0,6
3,0,1,42,0,6.0,9
3,0,1,43,0,9.0,7
3,0,1,44,0,7.0,6
3,0,1,45,0,6.0,14
3,0,1,46,0,14.0,8
3,0,1,47,0,8.0,7
3,0,1,48,0,7.0,14
3,0,1,49,0,14.0,9
3,0,1,50,1,9.0,8
3,0,1,51,1,8.0,17
3,0,1,52,1,17.0,6
3,0,1,1,1,6.0,10
3,0,1,2,0,10.0,5
3,0,1,3,0,5.0,11
3,0,1,4,0,11.0,10
3,0,1,5,0,10.0,2
3,0,1,6,0,2.0,4
3,0,1,7,1,4.0,12
3,0,1,8,1,12.0,5
3,0,1,9,0,5.0,4
3,0,1,10,1,4.0,119
3,0,1,11,1,119.0,156
3,0,1,12,1,156.0,84
3,0,1,13,1,84.0,131
3,0,1,14,1,131.0,60
3,0,1,15,0,60.0,16
3,0,1,16,0,16.0,12
3,0,1,17,0,12.0,10
3,0,1,18,0,10.0,11
3,0,1,19,0,11.0,16
3,0,1,20,0,16.0,21
3,0,1,21,0,21.0,9
3,0,1,22,0,9.0,17
3,0,1,23,0,17.0,1
3,0,1,24,0,1.0,13
3,0,1,25,0,13.0,6
3,0,1,26,0,6.0,13
3,0,1,27,0,13.0,8
3,0,1,28,0,8.0,10
3,0,1,29,0,10.0,10
3,0,1,30,1,10.0,7
3,0,1,31,1,7.0,14
3,0,1,32,0,14.0,5
3,0,1,33,0,5.0,7
3,0,1,34,0,7.0,24
3,0,1,35,0,24.0,5
3,0,1,36,0,5.0,9
3,0,1,37,0,9.0,4
3,0,1,38,0,4.0,6
3,0,1,39,0,6.0,6
3,0,1,40,0,6.0,6
3,0,1,41,0,6.0,8
3,0,1,42,0,8.0,12
3,0,1,43,0,12.0,13
3,0,1,44,0,13.0,11
3,0,1,45,0,11.0,8
3,0,1,46,0,8.0,6
3,0,1,47,0,6.0,12
3,0,1,48,0,12.0,10
3,0,1,49,0,10.0,9
3,0,1,50,0,9.0,8
3,0,1,51,1,8.0,16
3,0,1,52,1,16.0,17
3,0,1,53,1,17.0,13
3,0,1,1,1,13.0,7
3,0,1,2,0,7.0,22
3,0,1,3,0,22.0,23
3,0,1,4,0,23.0,12
3,0,1,5,0,12.0,8
3,0,1,6,1,8.0,7
3,0,1,7,1,7.0,7
3,0,1,8,0,7.0,7
3,0,1,9,1,7.0,25
3,0,1,10,1,25.0,224
3,0,1,11,1,224.0,97
3,0,1,12,1,97.0,106
3,0,1,13,1,106.0,131
3,0,1,14,0,131.0,16
3,0,1,15,0,16.0,7
3,0,1,16,0,7.0,11
3,0,1,17,0,11.0,14
3,0,1,18,0,14.0,5
3,0,1,19,0,5.0,7
3,0,1,20,0,7.0,16
3,0,1,21,0,16.0,20
3,0,1,22,0,20.0,18
3,0,1,23,0,18.0,3
3,0,1,24,0,3.0,16
3,0,1,25,0,16.0,12
3,0,1,26,0,12.0,13
3,0,1,27,0,13.0,10
3,0,1,28,0,10.0,16
3,0,1,29,1,16.0,4
3,0,1,30,1,4.0,14
3,0,1,31,0,14.0,13
3,0,1,33,0,13.0,19
3,0,1,34,0,19.0,20
3,0,1,35,0,20.0,2
3,0,1,36,0,2.0,7
3,0,1,37,0,7.0,15
3,0,1,38,0,15.0,5
3,0,1,39,0,5.0,14
3,0,1,40,0,14.0,13
3,0,1,41,0,13.0,4
3,0,1,43,0,4.0,10
3,0,1,44,0,10.0,8
3,0,1,45,0,8.0,3
3,0,1,46,0,3.0,9
3,0,1,47,0,9.0,4
3,0,1,48,0,4.0,11
3,0,1,49,0,11.0,24
3,0,1,50,1,24.0,5
3,0,1,51,1,5.0,11
3,0,1,52,1,11.0,12
3,0,1,1,1,12.0,11
3,0,1,2,0,11.0,5
3,0,1,3,0,5.0,8
3,0,1,4,0,8.0,11
3,0,1,5,0,11.0,21
3,0,1,6,0,21.0,4
3,0,1,7,1,4.0,12
3,0,1,8,0,12.0,10
3,0,1,9,1,10.0,149
3,0,1,10,1,149.0,136
3,0,1,11,1,136.0,80
3,0,1,12,1,80.0,31
3,0,1,13,0,31.0,7
3,0,1,14,0,7.0,10
3,0,1,15,0,10.0,15
3,0,1,16,0,15.0,5
3,0,1,17,0,5.0,5
3,0,1,18,0,5.0,10
3,0,1,19,0,10.0,3
3,0,1,20,0,3.0,8
3,0,1,21,0,8.0,11
3,0,1,22,0,11.0,17
3,0,1,23,0,17.0,7
3,0,1,24,0,7.0,7
3,0,1,25,0,7.0,17
3,0,1,26,0,17.0,13
3,0,1,27,0,13.0,14
3,0,1,28,0,14.0,16
3,0,1,29,1,16.0,10
3,0,1,30,1,10.0,5
3,0,1,31,0,5.0,11
3,0,1,32,0,11.0,7
3,0,1,33,0,7.0,18
3,0,1,34,0,18.0,5
3,0,1,35,0,5.0,13
3,0,1,36,0,13.0,9
3,0,1,37,0,9.0,16
3,0,1,38,0,16.0,6
3,0,1,39,0,6.0,2
3,0,1,40,0,2.0,15
3,0,1,41,0,15.0,15
3,0,1,42,0,15.0,9
3,0,1,43,0,9.0,11
3,0,1,44,0,11.0,18
3,0,1,45,0,18.0,12
3,0,1,46,0,12.0,11
3,0,1,47,0,11.0,2
3,0,1,48,0,2.0,8
3,0,1,49,0,8.0,11
3,0,1,50,1,11.0,3
3,0,1,51,1,3.0,9
3,0,1,52,1,9.0,13
3,0,1,1,1,13.0,11
3,0,1,2,0,11.0,16
3,0,1,3,0,16.0,3
3,0,1,4,0,3.0,13
3,0,1,5,0,13.0,17
3,0,1,6,1,17.0,15
3,0,1,7,1,15.0,12
3,0,1,8,0,12.0,8
3,0,1,9,1,8.0,71
3,0,1,10,1,71.0,98
3,0,1,11,1,98.0,67
3,0,1,12,1,67.0,172
3,0,1,13,1,172.0,135
3,0,1,14,0,135.0,12
3,0,1,15,0,12.0,8
3,0,1,16,0,8.0,10
3,0,1,17,0,10.0,12
3,0,1,18,0,12.0,6
3,0,1,19,0,6.0,10
3,0,1,20,0,10.0,3
3,0,1,21,0,3.0,9
3,0,1,22,0,9.0,16
3,0,1,23,0,16.0,10
3,0,1,24,0,10.0,5
3,0,1,25,0,5.0,13
3,0,1,26,0,13.0,4
3,0,1,27,0,4.0,11
3,0,1,28,0,11.0,9
3,0,1,29,1,9.0,8
3,0,1,30,1,8.0,8
3,0,1,31,1,8.0,17
3,0,1,32,0,17.0,16
3,0,1,33,0,16.0,5
3,0,1,34,0,5.0,18
3,0,1,35,0,18.0,11
3,0,1,36,0,11.0,12
3,0,1,37,0,12.0,8
3,0,1,38,0,8.0,23
3,0,1,39,0,23.0,11
3,0,1,40,0,11.0,11
3,0,1,41,0,11.0,6
3,0,1,42,0,6.0,24
3,0,1,43,0,24.0,4
3,0,1,44,0,4.0,15
3,0,1,45,0,15.0,21
3,0,1,46,0,21.0,9
3,0,1,47,0,9.0,3
3,0,1,48,0,3.0,8
3,0,1,49,0,8.0,2
3,0,1,50,1,2.0,7
3,0,1,51,1,7.0,5
3,0,1,52,1,5.0,10
3,0,1,1,1,10.0,14
3,0,1,2,0,14.0,13
3,0,1,3,0,13.0,22
3,0,1,4,0,22.0,6
3,0,1,5,0,6.0,13
3,0,1,6,1,13.0,14
3,0,1,7,1,14.0,9
3,0,1,8,1,9.0,11
3,0,1,9,0,11.0,4
3,0,1,10,1,4.0,135
3,0,1,11,1,135.0,165
3,0,1,12,1,165.0,45
3,0,1,13,1,45.0,65
3,0,1,14,0,65.0,11
3,0,1,15,0,11.0,10
3,0,1,16,0,10.0,10
3,0,1,17,0,10.0,12
3,0,1,18,0,12.0,7
3,0,1,19,0,7.0,15
3,0,1,20,0,15.0,4
3,0,1,21,0,4.0,23
3,0,1,22,0,23.0,8
3,0,1,23,0,8.0,25
3,0,1,24,0,25.0,11
3,0,1,25,0,11.0,14
3,0,1,26,0,14.0,14
3,0,1,27,0,14.0,13
3,0,1,28,0,13.0,7
3,0,1,29,0,7.0,5
3,0,1,30,1,5.0,22
3,0,1,31,1,22.0,10
3,0,1,32,0,10.0,10
3,0,1,33,0,10.0,15
3,0,1,34,0,15.0,12
3,0,1,35,0,12.0,10
3,0,1,36,0,10.0,1
3,0,1,37,0,1.0,14
3,0,1,38,0,14.0,4
3,0,1,39,0,4.0,19
3,0,1,40,0,19.0,12
3,0,1,41,0,12.0,8
3,0,1,42,0,8.0,14
3,0,1,43,0,14.0,11
3,0,1,44,0,11.0,4
3,0,1,45,0,4.0,18
3,0,1,46,0,18.0,7
3,0,1,47,0,7.0,11
3,0,1,48,0,11.0,20
3,0,1,49,0,20.0,24
3,0,1,50,0,24.0,7
3,0,1,51,1,7.0,13
3,0,1,52,1,13.0,7
3,0,1,1,1,7.0,2
3,0,1,2,0,2.0,16
3,0,1,3,0,16.0,17
3,0,1,4,0,17.0,5
3,0,1,5,0,5.0,8
3,0,1,6,0,8.0,9
3,0,1,7,1,9.0,5
3,0,1,8,1,5.0,4
3,0,1,9,1,4.0,34
3,0,1,10,1,34.0,178
3,0,1,11,1,178.0,74
3,0,1,12,1,74.0,116
3,0,1,13,1,116.0,164
3,0,1,14,1,164.0,51
3,0,1,15,0,51.0,21
3,0,1,16,0,21.0,8
3,0,1,17,0,8.0,5
3,0,1,18,0,5.0,12
3,0,1,19,0,12.0,15
3,0,1,20,0,15.0,10
3,0,1,22,0,10.0,22
3,0,1,23,0,22.0,6
3,0,1,24,0,6.0,8
3,0,1,25,0,8.0,14
3,0,1,26,0,14.0,11
3,0,1,27,0,11.0,10
3,0,1,28,0,10.0,10
3,0,1,29,0,10.0,9
3,0,1,30,1,9.0,9
3,0,1,31,1,9.0,5
3,0,1,32,0,5.0,15
3,0,1,33,0,15.0,4
3,0,1,34,0,4.0,4
3,0,1,35,0,4.0,10
3,0,1,36,0,10.0,7
3,0,1,37,0,7.0,11
3,0,1,38,0,11.0,12
3,0,1,39,0,12.0,13
3,0,1,40,0,13.0,12
3,0,1,41,0,12.0,15
3,0,1,42,0,15.0,17
3,0,1,43,0,17.0,7
3,0,1,44,0,7.0,15
3,0,1,45,0,15.0,13
3,0,1,46,0,13.0,11
3,0,1,47,0,11.0,8
3,0,1,48,0,8.0,13
3,0,1,49,0,13.0,14
3,0,1,50,0,14.0,1
3,0,1,51,1,1.0,16
3,0,1,52,1,16.0,5
3,0,1,1,1,5.0,2
3,0,2,1,1,0.0,7
3,0,2,2,0,7.0,5
3,0,2,3,0,5.0,9
3,0,2,4,0,9.0,7
3,0,2,5,0,7.0,8
3,0,2,6,1,8.0,11
3,0,2,7,1,11.0,16
3,0,2,8,1,16.0,9
3,0,2,9,1,9.0,27
3,0,2,10,1,27.0,129
3,0,2,11,1,129.0,104
3,0,2,12,1,104.0,202
3,0,2,13,1,202.0,44
3,0,2,14,0,44.0,9
3,0,2,15,0,9.0,17
3,0,2,16,0,17.0,6
3,0,2,17,0,6.0,7
3,0,2,18,0,7.0,19
3,0,2,19,0,19.0,14
3,0,2,20,0,14.0,16
3,0,2,21,0,16.0,10
3,0,2,22,0,10.0,11
3,0,2,23,0,11.0,13
3,0,2,24,0,13.0,15
3,0,2,25,0,15.0,10
3,0,2,26,0,10.0,8
3,0,2,27,0,8.0,15
3,0,2,28,0,15.0,6
3,0,2,29,0,6.0,13
3,0,2,30,1,13.0,25
3,0,2,31,1,25.0,10
3,0,2,32,0,10.0,11
3,0,2,33,0,11.0,12
3,0,2,34,0,12.0,5
3,0,2,35,0,5.0,5
3,0,2,36,0,5.0,7
3,0,2,37,0,7.0,16
3,0,2,38,0,16.0,20
3,0,2,39,0,20.0,11
3,0,2,40,0,11.0,10
3,0,2,41,0,10.0,14
3,0,2,42,0,14.0,8
3,0,2,43,0,8.0,17
3,0,2,44,0,17.0,9
3,0,2,45,0,9.0,14
3,0,2,46,0,14.0,5
3,0,2,47,0,5.0,7
3,0,2,48,0,7.0,16
3,0,2,49,0,16.0,12
3,0,2,50,1,12.0,15
3,0,2,51,1,15.0,11
3,0,2,52,1,11.0,5
3,0,2,1,1,5.0,18
3,0,2,2,0,18.0,12
3,0,2,3,0,12.0,7
3,0,2,4,0,7.0,17
3,0,2,5,0,17.0,13
3,0,2,6,1,13.0,15
3,0,2,7,1,15.0,17
3,0,2,8,0,17.0,3
3,0,2,9,1,3.0,46
3,0,2,10,1,46.0,45
3,0,2,11,1,45.0,142
3,0,2,12,1,142.0,170
3,0,2,13,1,170.0,144
3,0,2,14,0,144.0,20
3,0,2,15,0,20.0,12
3,0,2,16,0,12.0,8
3,0,2,17,0,8.0,21
3,0,2,18,0,21.0,14
3,0,2,19,0,14.0,6
3,0,2,20,0,6.0,25
3,0,2,21,0,25.0,7
3,0,2,22,0,7.0,10
3,0,2,23,0,10.0,3
3,0,2,24,0,3.0,12
3,0,2,25,0,12.0,13
3,0,2,26,0,13.0,3
3,0,2,27,0,3.0,6
3,0,2,28,0,6.0,6
3,0,2,29,0,6.0,8
3,0,2,30,1,8.0,3
3,0,2,31,1,3.0,15
3,0,2,32,0,15.0,5
3,0,2,33,0,5.0,6
3,0,2,34,0,6.0,12
3,0,2,35,0,12.0,15
3,0,2,36,0,15.0,6
3,0,2,37,0,6.0,10
3,0,2,38,0,10.0,7
3,0,2,39,0,7.0,3
3,0,2,40,0,3.0,14
3,0,2,41,0,14.0,18
3,0,2,42,0,18.0,11
3,0,2,43,0,11.0,8
3,0,2,44,0,8.0,11
3,0,2,45,0,11.0,13
3,0,2,46,0,13.0,10
3,0,2,47,0,10.0,8
3,0,2,48,0,8.0,7
3,0,2,49,0,7.0,10
3,0,2,50,1,10.0,15
3,0,2,51,1,15.0,12
3,0,2,52,1,12.0,24
3,0,2,1,1,24.0,6
3,0,2,2,0,6.0,7
3,0,2,3,0,7.0,11
3,0,2,4,0,11.0,5
3,0,2,5,0,5.0,11
3,0,2,6,0,11.0,8
3,0,2,7,1,8.0,11
3,0,2,8,1,11.0,9
3,0,2,9,1,9.0,35
3,0,2,10,1,35.0,23
3,0,2,11,1,23.0,73
3,0,2,12,1,73.0,128
3,0,2,13,1,128.0,173
3,0,2,14,1,173.0,89
3,0,2,15,0,89.0,12
3,0,2,16,0,12.0,5
3,0,2,17,0,5.0,8
3,0,2,18,0,8.0,11
3,0,2,19,0,11.0,11
3,0,2,20,0,11.0,9
3,0,2,21,0,9.0,15
3,0,2,22,0,15.0,13
3,0,2,23,0,13.0,3
3,0,2,24,0,3.0,17
3,0,2,25,0,17.0,12
3,0,2,26,0,12.0,9
3,0,2,27,0,9.0,5
3,0,2,28,0,5.0,9
3,0,2,29,0,9.0,6
3,0,2,30,1,6.0,7
3,0,2,31,1,7.0,18
3,0,2,32,0,18.0,12
3,0,2,33,0,12.0,7
3,0,2,34,0,7.0,8
3,0,2,35,0,8.0,13
3,0,2,36,0,13.0,7
3,0,2,37,0,7.0,14
3,0,2,38,0,14.0,10
3,0,2,39,0,10.0,8
3,0,2,40,0,8.0,11
3,0,2,41,0,11.0,6
3,0,2,42,0,6.0,13
3,0,2,43,0,13.0,15
3,0,2,44,0,15.0,13
3,0,2,45,0,13.0,18
3,0,2,46,0,18.0,11
3,0,2,47,0,11.0,4
3,0,2,48,0,4.0,6
3,0,2,49,0,6.0,6
3,0,2,50,0,6.0,5
3,0,2,51,1,5.0,12
3,0,2,52,1,12.0,12
3,0,2,53,1,12.0,17
3,0,2,1,0,17.0,6
3,0,2,2,0,6.0,13
3,0,2,3,0,13.0,14
3,0,2,4,0,14.0,5
3,0,2,5,0,5.0,11
3,0,2,6,1,11.0,9
3,0,2,7,1,9.0,4
3,0,2,8,0,4.0,18
3,0,2,9,1,18.0,63
3,0,2,10,1,63.0,41
3,0,2,11,1,41.0,103
3,0,2,12,1,103.0,149
3,0,2,13,1,149.0,26
3,0,2,14,0,26.0,12
3,0,2,15,0,12.0,8
3,0,2,16,0,8.0,15
3,0,2,17,0,15.0,12
3,0,2,18,0,12.0,11
3,0,2,19,0,11.0,10
3,0,2,20,0,10.0,17
3,0,2,21,0,17.0,11
3,0,2,22,0,11.0,13
3,0,2,23,0,13.0,10
3,0,2,24,0,10.0,6
3,0,2,25,0,6.0,7
3,0,2,26,0,7.0,10
3,0,2,27,0,10.0,10
3,0,2,28,0,10.0,13
3,0,2,29,1,13.0,14
3,0,2,30,1,14.0,10
3,0,2,31,0,10.0,8
3,0,2,32,0,8.0,13
3,0,2,33,0,13.0,14
3,0,2,34,0,14.0,8
3,0,2,35,0,8.0,19
3,0,2,36,0,19.0,11
3,0,2,37,0,11.0,1
3,0,2,38,0,1.0,9
3,0,2,39,0,9.0,11
3,0,2,40,0,11.0,10
3,0,2,41,0,10.0,16
3,0,2,42,0,16.0,14
3,0,2,43,0,14.0,10
3,0,2,44,0,10.0,13
3,0,2,45,0,13.0,11
3,0,2,46,0,11.0,6
3,0,2,47,0,6.0,20
3,0,2,48,0,20.0,13
3,0,2,49,0,13.0,8
3,0,2,50,1,8.0,7
3,0,2,51,1,7.0,9
3,0,2,52,1,9.0,9
3,0,2,1,1,9.0,6
3,0,2,2,0,6.0,14
3,0,2,3,0,14.0,18
3,0,2,4,0,18.0,12
3,0,2,5,0,12.0,22
3,0,2,6,1,22.0,8
3,0,2,7,1,8.0,10
3,0,2,8,0,10.0,14
3,0,2,9,1,14.0,184
3,0,2,10,1,184.0,171
3,0,2,11,1,171.0,91
3,0,2,12,1,91.0,47
3,0,2,13,1,47.0,31
3,0,2,14,0,31.0,9
3,0,2,15,0,9.0,17
3,0,2,16,0,17.0,14
3,0,2,17,0,14.0,16
3,0,2,18,0,16.0,5
3,0,2,19,0,5.0,5
3,0,2,20,0,5.0,16
3,0,2,21,0,16.0,6
3,0,2,22,0,6.0,16
3,0,2,23,0,16.0,5
3,0,2,24,0,5.0,12
3,0,2,25,0,12.0,15
3,0,2,26,0,15.0,15
3,0,2,27,0,15.0,5
3,0,2,28,0,5.0,16
3,0,2,29,1,16.0,17
3,0,2,30,1,17.0,14
3,0,2,31,0,14.0,5
3,0,2,32,0,5.0,14
3,0,2,33,0,14.0,19
3,0,2,34,0,19.0,12
3,0,2,35,0,12.0,3
3,0,2,36,0,3.0,6
3,0,2,37,0,6.0,11
3,0,2,38,0,11.0,5
3,0,2,39,0,5.0,3
3,0,2,40,0,3.0,19
3,0,2,41,0,19.0,13
3,0,2,42,0,13.0,13
3,0,2,43,0,13.0,16
3,0,2,44,0,16.0,8
3,0,2,45,0,8.0,11
3,0,2,46,0,11.0,18
3,0,2,47,0,18.0,15
3,0,2,48,0,15.0,10
3,0,2,49,0,10.0,15
3,0,2,50,1,15.0,7
3,0,2,51,1,7.0,23
3,0,2,52,1,23.0,10
3,0,2,1,1,10.0,13
3,0,2,2,0,13.0,10
3,0,2,3,0,10.0,9
3,0,2,4,0,9.0,11
3,0,2,5,0,11.0,23
3,0,2,6,1,23.0,9
3,0,2,7,1,9.0,12
3,0,2,8,1,12.0,11
3,0,2,9,1,11.0,94
3,0,2,10,1,94.0,176
3,0,2,11,1,176.0,95
3,0,2,12,1,95.0,24
3,0,2,13,1,24.0,95
3,0,2,14,0,95.0,10
3,0,2,15,0,10.0,9
3,0,2,16,0,9.0,11
3,0,2,17,0,11.0,13
3,0,2,18,0,13.0,17
3,0,2,19,0,17.0,20
3,0,2,20,0,20.0,8
3,0,2,21,0,8.0,9
3,0,2,22,0,9.0,5
3,0,2,23,0,5.0,5
3,0,2,24,0,5.0,16
3,0,2,25,0,16.0,8
3,0,2,26,0,8.0,14
3,0,2,27,0,14.0,21
3,0,2,28,0,21.0,6
3,0,2,29,1,6.0,17
3,0,2,30,1,17.0,11
3,0,2,31,0,11.0,4
3,0,2,32,0,4.0,15
3,0,2,33,0,15.0,11
3,0,2,34,0,11.0,13
3,0,2,35,0,13.0,18
3,0,2,36,0,18.0,7
3,0,2,37,0,7.0,11
3,0,2,38,0,11.0,16
3,0,2,39,0,16.0,9
3,0,2,40,0,9.0,22
3,0,2,41,0,22.0,4
3,0,2,42,0,4.0,5
3,0,2,43,0,5.0,8
3,0,2,44,0,8.0,15
3,0,2,45,0,15.0,16
3,0,2,46,0,16.0,9
3,0,2,47,0,9.0,12
3,0,2,48,0,12.0,3
3,0,2,49,0,3.0,16
3,0,2,50,1,16.0,17
3,0,2,51,1,17.0,9
3,0,2,52,1,9.0,18
3,0,2,1,1,18.0,14
3,0,2,2,0,14.0,13
3,0,2,3,0,13.0,16
3,0,2,4,0,16.0,19
3,0,2,5,0,19.0,12
3,0,2,6,1,12.0,13
3,0,2,7,1,13.0,11
3,0,2,8,1,11.0,8
3,0,2,9,1,8.0,39
3,0,2,10,1,39.0,102
3,0,2,11,1,102.0,66
3,0,2,12,1,66.0,85
3,0,2,13,1,85.0,297
3,0,2,14,0,297.0,10
3,0,2,15,0,10.0,13
3,0,2,16,0,13.0,4
3,0,2,17,0,4.0,11
3,0,2,18,0,11.0,11
3,0,2,19,0,11.0,11
3,0,2,20,0,11.0,11
3,0,2,21,0,11.0,14
3,0,2,22,0,14.0,8
3,0,2,23,0,8.0,8
3,0,2,24,0,8.0,14
3,0,2,25,0,14.0,9
3,0,2,26,0,9.0,3
3,0,2,27,0,3.0,5
3,0,2,28,0,5.0,7
3,0,2,29,0,7.0,10
3,0,2,30,1,10.0,8
3,0,2,31,1,8.0,13
3,0,2,32,0,13.0,4
3,0,2,33,0,4.0,10
3,0,2,34,0,10.0,23
3,0,2,35,0,23.0,9
3,0,2,36,0,9.0,5
3,0,2,37,0,5.0,11
3,0,2,38,0,11.0,15
3,0,2,39,0,15.0,10
3,0,2,40,0,10.0,6
3,0,2,41,0,6.0,9
3,0,2,42,0,9.0,14
3,0,2,43,0,14.0,11
3,0,2,44,0,11.0,9
3,0,2,45,0,9.0,6
3,0,2,46,0,6.0,15
3,0,2,47,0,15.0,11
3,0,2,48,0,11.0,7
3,0,2,49,0,7.0,10
3,0,2,50,0,10.0,8
3,0,2,51,1,8.0,10
3,0,2,52,1,10.0,5
3,0,2,1,1,5.0,5
3,0,2,2,0,5.0,3
3,0,2,3,0,3.0,8
3,0,2,4,0,8.0,13
3,0,2,5,0,13.0,18
3,0,2,6,0,18.0,19
3,0,2,7,1,19.0,10
3,0,2,8,1,10.0,9
3,0,2,9,1,9.0,26
3,0,2,10,1,26.0,155
3,0,2,11,1,155.0,237
3,0,2,12,1,237.0,75
3,0,2,13,1,75.0,117
3,0,2,14,1,117.0,44
3,0,2,15,0,44.0,13
3,0,2,16,0,13.0,11
3,0,2,17,0,11.0,11
3,0,2,18,0,11.0,11
3,0,2,19,0,11.0,9
3,0,2,20,0,9.0,5
3,0,2,21,0,5.0,17
3,0,2,22,0,17.0,11
3,0,2,23,0,11.0,1
3,0,2,24,0,1.0,13
3,0,2,25,0,13.0,2
3,0,2,26,0,2.0,14
3,0,2,27,0,14.0,15
3,0,2,28,0,15.0,7
3,0,2,29,0,7.0,1
3,0,2,30,1,1.0,2
3,0,2,31,1,2.0,9
3,0,2,32,0,9.0,12
3,0,2,33,0,12.0,8
3,0,2,34,0,8.0,9
3,0,2,35,0,9.0,12
3,0,2,36,0,12.0,19
3,0,2,37,0,19.0,8
3,0,2,38,0,8.0,9
3,0,2,39,0,9.0,9
3,0,2,40,0,9.0,10
3,0,2,41,0,10.0,11
3,0,2,42,0,11.0,20
3,0,2,43,0,20.0,22
3,0,2,44,0,22.0,9
3,0,2,45,0,9.0,8
3,0,2,46,0,8.0,13
3,0,2,47,0,13.0,13
3,0,2,48,0,13.0,9
3,0,2,49,0,9.0,16
3,0,2,50,0,16.0,18
3,0,2,51,1,18.0,27
3,0,2,52,1,27.0,11
3,0,2,1,1,11.0,1
3,1,0,1,1,0.0,15
3,1,0,2,0,15.0,3
3,1,0,3,0,3.0,19
3,1,0,4,0,19.0,12
3,1,0,5,0,12.0,11
3,1,0,6,1,11.0,9
3,1,0,7,1,9.0,3
3,1,0,8,1,3.0,6
3,1,0,9,1,6.0,193
3,1,0,10,1,193.0,122
3,1,0,11,1,122.0,185
3,1,0,12,1,185.0,217
3,1,0,13,1,217.0,118
3,1,0,14,0,118.0,12
3,1,0,15,0,12.0,17
3,1,0,16,0,17.0,2
3,1,0,17,0,2.0,17
3,1,0,18,0,17.0,8
3,1,0,19,0,8.0,16
3,1,0,20,0,16.0,12
3,1,0,21,0,12.0,14
3,1,0,22,0,14.0,16
3,1,0,23,0,16.0,11
3,1,0,24,0,11.0,14
3,1,0,25,0,14.0,8
3,1,0,26,0,8.0,9
3,1,0,27,0,9.0,15
3,1,0,28,0,15.0,14
3,1,0,29,1,14.0,42
3,1,0,30,1,42.0,70
3,1,0,31,1,70.0,22
3,1,0,32,0,22.0,14
3,1,0,33,0,14.0,12
3,1,0,34,0,12.0,21
3,1,0,35,0,21.0,12
3,1,0,36,0,12.0,12
3,1,0,37,0,12.0,7
3,1,0,38,0,7.0,13
3,1,0,39,0,13.0,10
3,1,0,40,0,10.0,7
3,1,0,41,0,7.0,28
3,1,0,42,0,28.0,10
3,1,0,43,0,10.0,4
3,1,0,44,0,4.0,11
3,1,0,45,0,11.0,7
3,1,0,46,0,7.0,5
3,1,0,47,0,5.0,14
3,1,0,48,0,14.0,12
3,1,0,49,0,12.0,4
3,1,0,50,1,4.0,25
3,1,0,51,1,25.0,10
3,1,0,52,1,10.0,14
3,1,0,1,1,14.0,10
3,1,0,2,0,10.0,6
3,1,0,3,0,6.0,14
3,1,0,4,0,14.0,8
3,1,0,5,0,8.0,10
3,1,0,6,1,10.0,8
3,1,0,7,1,8.0,11
3,1,0,8,1,11.0,8
3,1,0,9,1,8.0,78
3,1,0,10,1,78.0,179
3,1,0,11,1,179.0,160
3,1,0,12,1,160.0,106
3,1,0,13,1,106.0,133
3,1,0,14,0,133.0,8
3,1,0,15,0,8.0,15
3,1,0,16,0,15.0,5
3,1,0,17,0,5.0,25
3,1,0,18,0,25.0,16
3,1,0,19,0,16.0,11
3,1,0,20,0,11.0,12
3,1,0,21,0,12.0,12
3,1,0,22,0,12.0,14
3,1,0,23,0,14.0,9
3,1,0,24,0,9.0,17
3,1,0,25,0,17.0,10
3,1,0,26,0,10.0,6
3,1,0,27,0,6.0,17
3,1,0,29,0,17.0,7
3,1,0,30,1,7.0,93
3,1,0,31,1,93.0,27
3,1,0,32,0,27.0,9
3,1,0,33,0,9.0,8
3,1,0,34,0,8.0,9
3,1,0,35,0,9.0,19
3,1,0,36,0,19.0,13
3,1,0,37,0,13.0,13
3,1,0,38,0,13.0,15
3,1,0,39,0,15.0,10
3,1,0,40,0,10.0,17
3,1,0,41,0,17.0,14
3,1,0,42,0,14.0,11
3,1,0,43,0,11.0,13
3,1,0,44,0,13.0,6
3,1,0,45,0,6.0,7
3,1,0,46,0,7.0,2
3,1,0,47,0,2.0,13
3,1,0,48,0,13.0,4
3,1,0,49,0,4.0,14
3,1,0,50,1,14.0,21
3,1,0,51,1,21.0,16
3,1,0,52,1,16.0,14
3,1,0,1,1,14.0,15
3,1,0,2,0,15.0,12
3,1,0,3,0,12.0,17
3,1,0,4,0,17.0,9
3,1,0,5,0,9.0,12
3,1,0,6,0,12.0,10
3,1,0,7,1,10.0,14
3,1,0,8,1,14.0,16
3,1,0,9,1,16.0,24
3,1,0,10,1,24.0,96
3,1,0,11,1,96.0,175
3,1,0,12,1,175.0,165
3,1,0,13,1,165.0,181
3,1,0,14,0,181.0,6
3,1,0,15,0,6.0,7
3,1,0,16,0,7.0,11
3,1,0,17,0,11.0,6
3,1,0,18,0,6.0,10
3,1,0,19,0,10.0,5
3,1,0,20,0,5.0,11
3,1,0,21,0,11.0,9
3,1,0,22,0,9.0,6
3,1,0,23,0,6.0,14
3,1,0,24,0,14.0,18
3,1,0,25,0,18.0,12
3,1,0,26,0,12.0,8
3,1,0,27,0,8.0,7
3,1,0,28,0,7.0,10
3,1,0,29,0,10.0,12
3,1,0,30,1,12.0,69
3,1,0,31,1,69.0,14
3,1,0,32,0,14.0,9
3,1,0,33,0,9.0,7
3,1,0,34,0,7.0,15
3,1,0,35,0,15.0,9
3,1,0,36,0,9.0,14
3,1,0,37,0,14.0,12
3,1,0,38,0,12.0,11
3,1,0,39,0,11.0,6
3,1,0,40,0,6.0,11
3,1,0,41,0,11.0,15
3,1,0,42,0,15.0,6
3,1,0,43,0,6.0,7
3,1,0,44,0,7.0,14
3,1,0,45,0,14.0,7
3,1,0,46,0,7.0,6
3,1,0,47,0,6.0,7
3,1,0,48,0,7.0,6
3,1,0,49,0,6.0,12
3,1,0,50,0,12.0,14
3,1,0,51,1,14.0,6
3,1,0,52,1,6.0,18
3,1,0,53,1,18.0,8
3,1,0,1,1,8.0,10
3,1,0,2,0,10.0,8
3,1,0,3,0,8.0,5
3,1,0,4,0,5.0,6
3,1,0,5,0,6.0,13
3,1,0,6,1,13.0,7
3,1,0,7,1,7.0,11
3,1,0,8,0,11.0,13
3,1,0,9,1,13.0,128
3,1,0,10,1,128.0,115
3,1,0,11,1,115.0,267
3,1,0,12,1,267.0,119
3,1,0,13,1,119.0,26
3,1,0,14,0,26.0,6
3,1,0,15,0,6.0,4
3,1,0,16,0,4.0,15
3,1,0,17,0,15.0,13
3,1,0,18,0,13.0,13
3,1,0,19,0,13.0,11
3,1,0,20,0,11.0,14
3,1,0,21,0,14.0,5
3,1,0,22,0,5.0,9
3,1,0,23,0,9.0,4
3,1,0,24,0,4.0,15
3,1,0,25,0,15.0,4
3,1,0,26,0,4.0,13
3,1,0,27,0,13.0,6
3,1,0,28,0,6.0,5
3,1,0,29,1,5.0,65
3,1,0,30,1,65.0,47
3,1,0,31,0,47.0,13
3,1,0,32,0,13.0,9
3,1,0,33,0,9.0,18
3,1,0,34,0,18.0,6
3,1,0,35,0,6.0,13
3,1,0,36,0,13.0,1
3,1,0,37,0,1.0,18
3,1,0,38,0,18.0,16
3,1,0,39,0,16.0,18
3,1,0,40,0,18.0,7
3,1,0,41,0,7.0,9
3,1,0,42,0,9.0,15
3,1,0,43,0,15.0,10
3,1,0,44,0,10.0,12
3,1,0,45,0,12.0,9
3,1,0,46,0,9.0,7
3,1,0,47,0,7.0,15
3,1,0,48,0,15.0,12
3,1,0,49,0,12.0,11
3,1,0,50,1,11.0,13
3,1,0,51,1,13.0,6
3,1,0,52,1,6.0,12
3,1,0,1,1,12.0,7
3,1,0,2,0,7.0,11
3,1,0,3,0,11.0,10
3,1,0,4,0,10.0,4
3,1,0,5,0,4.0,20
3,1,0,6,1,20.0,10
3,1,0,7,1,10.0,16
3,1,0,8,0,16.0,14
3,1,0,9,1,14.0,112
3,1,0,10,1,112.0,209
3,1,0,11,1,209.0,201
3,1,0,12,1,201.0,76
3,1,0,13,1,76.0,58
3,1,0,14,0,58.0,7
3,1,0,15,0,7.0,12
3,1,0,16,0,12.0,14
3,1,0,17,0,14.0,4
3,1,0,18,0,4.0,9
3,1,0,19,0,9.0,3
3,1,0,20,0,3.0,15
3,1,0,21,0,15.0,12
3,1,0,22,0,12.0,9
3,1,0,23,0,9.0,10
3,1,0,24,0,10.0,15
3,1,0,25,0,15.0,11
3,1,0,26,0,11.0,5
3,1,0,27,0,5.0,11
3,1,0,28,0,11.0,10
3,1,0,29,1,10.0,26
3,1,0,30,1,26.0,46
3,1,0,31,0,46.0,4
3,1,0,32,0,4.0,1
3,1,0,33,0,1.0,6
3,1,0,34,0,6.0,8
3,1,0,35,0,8.0,16
3,1,0,36,0,16.0,18
3,1,0,37,0,18.0,12
3,1,0,38,0,12.0,5
3,1,0,39,0,5.0,20
3,1,0,40,0,20.0,6
3,1,0,41,0,6.0,17
3,1,0,42,0,17.0,14
3,1,0,43,0,14.0,3
3,1,0,44,0,3.0,14
3,1,0,45,0,14.0,2
3,1,0,46,0,2.0,21
3,1,0,47,0,21.0,7
3,1,0,48,0,7.0,22
3,1,0,49,0,22.0,14
3,1,0,50,1,14.0,7
3,1,0,51,1,7.0,10
3,1,0,52,1,10.0,7
3,1,0,1,1,7.0,9
3,1,0,2,0,9.0,23
3,1,0,3,0,23.0,1
3,1,0,4,0,1.0,3
3,1,0,5,0,3.0,8
3,1,0,6,1,8.0,12
3,1,0,7,1,12.0,7
3,1,0,8,0,7.0,10
3,1,0,9,1,10.0,72
3,1,0,10,1,72.0,109
3,1,0,11,1,109.0,202
3,1,0,12,1,202.0,114
3,1,0,13,1,114.0,104
3,1,0,14,0,104.0,10
3,1,0,15,0,10.0,8
3,1,0,16,0,8.0,10
3,1,0,17,0,10.0,9
3,1,0,18,0,9.0,10
3,1,0,19,0,10.0,17
3,1,0,20,0,17.0,4
3,1,0,21,0,4.0,16
3,1,0,22,0,16.0,11
3,1,0,23,0,11.0,11
3,1,0,24,0,11.0,7
3,1,0,25,0,7.0,9
3,1,0,26,0,9.0,7
3,1,0,27,0,7.0,10
3,1,0,28,0,10.0,5
3,1,0,29,1,5.0,15
3,1,0,30,1,15.0,34
3,1,0,31,0,34.0,16
3,1,0,32,0,16.0,9
3,1,0,33,0,9.0,8
3,1,0,34,0,8.0,13
3,1,0,35,0,13.0,9
3,1,0,36,0,9.0,3
3,1,0,37,0,3.0,11
3,1,0,39,0,11.0,10
3,1,0,40,0,10.0,11
3,1,0,41,0,11.0,10
3,1,0,42,0,10.0,17
3,1,0,43,0,17.0,16
3,1,0,44,0,16.0,8
3,1,0,45,0,8.0,8
3,1,0,46,0,8.0,11
3,1,0,47,0,11.0,18
3,1,0,48,0,18.0,6
3,1,0,49,0,6.0,6
3,1,0,50,1,6.0,8
3,1,0,51,1,8.0,8
3,1,0,52,1,8.0,6
3,1,0,1,0,6.0,8
3,1,0,2,0,8.0,13
3,1,0,3,0,13.0,7
3,1,0,4,0,7.0,8
3,1,0,5,0,8.0,14
3,1,0,6,1,14.0,26
3,1,0,7,1,26.0,13
3,1,0,8,1,13.0,3
3,1,0,9,1,3.0,74
3,1,0,10,1,74.0,256
3,1,0,11,1,256.0,98
3,1,0,12,1,98.0,197
3,1,0,13,1,197.0,108
3,1,0,14,0,108.0,2
3,1,0,15,0,2.0,9
3,1,0,16,0,9.0,9
3,1,0,17,0,9.0,17
3,1,0,18,0,17.0,4
3,1,0,19,0,4.0,9
3,1,0,20,0,9.0,7
3,1,0,21,0,7.0,11
3,1,0,22,0,11.0,11
3,1,0,23,0,11.0,18
3,1,0,24,0,18.0,6
3,1,0,25,0,6.0,11
3,1,0,26,0,11.0,10
3,1,0,27,0,10.0,7
3,1,0,28,0,7.0,2
3,1,0,29,0,2.0,5
3,1,0,30,1,5.0,60
3,1,0,31,1,60.0,46
3,1,0,32,0,46.0,5
3,1,0,33,0,5.0,1
3,1,0,34,0,1.0,11
3,1,0,35,0,11.0,15
3,1,0,36,0,15.0,13
3,1,0,37,0,13.0,19
3,1,0,38,0,19.0,25
3,1,0,39,0,25.0,9
3,1,0,40,0,9.0,14
3,1,0,41,0,14.0,8
3,1,0,42,0,8.0,11
3,1,0,43,0,11.0,20
3,1,0,44,0,20.0,15
3,1,0,45,0,15.0,14
3,1,0,46,0,14.0,9
3,1,0,47,0,9.0,20
3,1,0,48,0,20.0,5
3,1,0,49,0,5.0,14
3,1,0,50,1,14.0,14
3,1,0,51,1,14.0,4
3,1,0,52,1,4.0,9
3,1,0,1,1,9.0,9
3,1,0,2,0,9.0,3
3,1,0,3,0,3.0,9
3,1,0,4,0,9.0,8
3,1,0,5,0,8.0,14
3,1,0,6,0,14.0,5
3,1,0,7,1,5.0,6
3,1,0,8,1,6.0,6
3,1,0,9,0,6.0,6
3,1,0,10,1,6.0,138
3,1,0,11,1,138.0,221
3,1,0,12,1,221.0,183
3,1,0,13,1,183.0,147
3,1,0,14,1,147.0,24
3,1,0,15,0,24.0,15
3,1,0,16,0,15.0,5
3,1,0,17,0,5.0,5
3,1,0,18,0,5.0,11
3,1,0,19,0,11.0,11
3,1,0,20,0,11.0,8
3,1,0,21,0,8.0,10
3,1,0,22,0,10.0,6
3,1,0,23,0,6.0,13
3,1,0,24,0,13.0,11
3,1,0,25,0,11.0,9
3,1,0,26,0,9.0,9
3,1,0,27,0,9.0,10
3,1,0,28,0,10.0,9
3,1,0,29,0,9.0,8
3,1,0,30,1,8.0,65
3,1,0,31,1,65.0,27
3,1,0,32,0,27.0,20
3,1,0,33,0,20.0,8
3,1,0,34,0,8.0,4
3,1,0,35,0,4.0,17
3,1,0,36,0,17.0,10
3,1,0,37,0,10.0,5
3,1,0,38,0,5.0,11
3,1,0,39,0,11.0,10
3,1,0,40,0,10.0,10
3,1,0,41,0,10.0,12
3,1,0,42,0,12.0,15
3,1,0,43,0,15.0,14
3,1,0,44,0,14.0,9
3,1,0,45,0,9.0,12
3,1,0,46,0,12.0,7
3,1,0,47,0,7.0,16
3,1,0,48,0,16.0,18
3,1,0,49,0,18.0,10
3,1,0,50,0,10.0,9
3,1,0,51,1,9.0,13
3,1,0,52,1,13.0,8
3,1,0,1,1,8.0,5
3,1,1,1,1,0.0,4
3,1,1,2,0,4.0,6
3,1,1,3,0,6.0,14
3,1,1,4,0,14.0,14
3,1,1,5,0,14.0,14
3,1,1,6,1,14.0,5
3,1,1,7,1,5.0,2
3,1,1,8,1,2.0,4
3,1,1,9,1,4.0,81
3,1,1,10,1,81.0,104
3,1,1,11,1,104.0,164
3,1,1,12,1,164.0,81
3,1,1,13,1,81.0,295
3,1,1,14,0,295.0,3
3,1,1,16,0,3.0,8
3,1,1,17,0,8.0,9
3,1,1,18,0,9.0,11
3,1,1,19,0,11.0,14
3,1,1,20,0,14.0,6
3,1,1,21,0,6.0,11
3,1,1,22,0,11.0,13
3,1,1,23,0,13.0,4
3,1,1,24,0,4.0,10
3,1,1,25,0,10.0,14
3,1,1,26,0,14.0,5
3,1,1,27,0,5.0,13
3,1,1,28,0,13.0,8
3,1,1,29,0,8.0,14
3,1,1,30,1,14.0,64
3,1,1,31,1,64.0,43
3,1,1,32,0,43.0,16
3,1,1,33,0,16.0,10
3,1,1,34,0,10.0,11
3,1,1,35,0,11.0,4
3,1,1,36,0,4.0,18
3,1,1,37,0,18.0,7
3,1,1,38,0,7.0,14
3,1,1,39,0,14.0,14
3,1,1,40,0,14.0,5
3,1,1,41,0,5.0,12
3,1,1,42,0,12.0,14
3,1,1,43,0,14.0,5
3,1,1,44,0,5.0,18
3,1,1,45,0,18.0,10
3,1,1,46,0,10.0,9
3,1,1,47,0,9.0,6
3,1,1,48,0,6.0,18
3,1,1,49,0,18.0,10
3,1,1,51,1,10.0,5
3,1,1,52,1,5.0,14
3,1,1,1,1,14.0,15
3,1,1,2,0,15.0,8
3,1,1,3,0,8.0,13
3,1,1,4,0,13.0,14
3,1,1,5,0,14.0,13
3,1,1,6,0,13.0,2
3,1,1,7,1,2.0,1
3,1,1,8,1,1.0,20
3,1,1,9,0,20.0,6
3,1,1,10,1,6.0,151
3,1,1,11,1,151.0,18
3,1,1,12,1,18.0,240
3,1,1,13,1,240.0,137
3,1,1,14,0,137.0,13
3,1,1,15,0,13.0,10
3,1,1,16,0,10.0,4
3,1,1,17,0,4.0,12
3,1,1,18,0,12.0,12
3,1,1,19,0,12.0,12
3,1,1,20,0,12.0,5
3,1,1,21,0,5.0,3
3,1,1,22,0,3.0,9
3,1,1,23,0,9.0,13
3,1,1,24,0,13.0,17
3,1,1,25,0,17.0,9
3,1,1,26,0,9.0,10
3,1,1,27,0,10.0,17
3,1,1,28,0,17.0,12
3,1,1,29,0,12.0,6
3,1,1,30,1,6.0,18
3,1,1,31,1,18.0,47
3,1,1,32,0,47.0,8
3,1,1,33,0,8.0,9
3,1,1,34,0,9.0,10
3,1,1,35,0,10.0,9
3,1,1,36,0,9.0,9
3,1,1,37,0,9.0,13
3,1,1,38,0,13.0,12
3,1,1,39,0,12.0,14
3,1,1,40,0,14.0,11
3,1,1,41,0,11.0,1
3,1,1,42,0,1.0,8
3,1,1,43,0,8.0,5
3,1,1,44,0,5.0,19
3,1,1,45,0,19.0,20
3,1,1,46,0,20.0,15
3,1,1,47,0,15.0,8
3,1,1,48,0,8.0,11
3,1,1,49,0,11.0,13
3,1,1,50,0,13.0,3
3,1,1,51,1,3.0,15
3,1,1,52,1,15.0,12
3,1,1,1,1,12.0,14
3,1,1,2,0,14.0,11
3,1,1,3,0,11.0,9
3,1,1,4,0,9.0,12
3,1,1,5,0,12.0,5
3,1,1,6,0,5.0,7
3,1,1,7,1,7.0,6
3,1,1,8,0,6.0,7
3,1,1,9,1,7.0,44
3,1,1,10,1,44.0,93
3,1,1,11,1,93.0,131
3,1,1,12,1,131.0,214
3,1,1,13,1,214.0,144
3,1,1,14,0,144.0,10
3,1,1,15,0,10.0,8
3,1,1,16,0,8.0,8
3,1,1,17,0,8.0,12
3,1,1,18,0,12.0,5
3,1,1,19,0,5.0,9
3,1,1,20,0,9.0,12
3,1,1,21,0,12.0,11
3,1,1,22,0,11.0,12
3,1,1,23,0,12.0,9
3,1,1,24,0,9.0,16
3,1,1,25,0,16.0,11
3,1,1,26,0,11.0,2
3,1,1,27,0,2.0,14
3,1,1,28,0,14.0,1
3,1,1,29,0,1.0,22
3,1,1,30,1,22.0,36
3,1,1,31,1,36.0,45
3,1,1,32,0,45.0,10
3,1,1,33,0,10.0,4
3,1,1,34,0,4.0,5
3,1,1,35,0,5.0,14
3,1,1,36,0,14.0,12
3,1,1,37,0,12.0,17
3,1,1,38,0,17.0,22
3,1,1,39,0,22.0,11
3,1,1,40,0,11.0,17
3,1,1,41,0,17.0,11
3,1,1,42,0,11.0,15
3,1,1,43,0,15.0,7
3,1,1,44,0,7.0,10
3,1,1,45,0,10.0,14
3,1,1,46,0,14.0,7
3,1,1,47,0,7.0,8
3,1,1,48,0,8.0,11
3,1,1,49,0,11.0,8
3,1,1,50,0,8.0,19
3,1,1,51,1,19.0,11
3,1,1,52,1,11.0,1
3,1,1,53,1,1.0,5
3,1,1,1,1,5.0,17
3,1,1,2,0,17.0,3
3,1,1,3,0,3.0,13
3,1,1,4,0,13.0,12
3,1,1,5,0,12.0,9
3,1,1,6,1,9.0,13
3,1,1,7,1,13.0,16
3,1,1,8,0,16.0,6
3,1,1,9,1,6.0,197
3,1,1,10,1,197.0,135
3,1,1,11,1,135.0,148
3,1,1,12,1,148.0,20
3,1,1,13,1,20.0,61
3,1,1,14,0,61.0,7
3,1,1,15,0,7.0,12
3,1,1,16,0,12.0,3
3,1,1,17,0,3.0,9
3,1,1,18,0,9.0,10
3,1,1,19,0,10.0,7
3,1,1,20,0,7.0,13
3,1,1,21,0,13.0,9
3,1,1,22,0,9.0,9
3,1,1,23,0,9.0,12
3,1,1,24,0,12.0,10
3,1,1,25,0,10.0,26
3,1,1,26,0,26.0,17
3,1,1,27,0,17.0,13
3,1,1,28,0,13.0,14
3,1,1,29,1,14.0,17
3,1,1,30,1,17.0,29
3,1,1,31,0,29.0,9
3,1,1,32,0,9.0,2
3,1,1,33,0,2.0,13
3,1,1,34,0,13.0,17
3,1,1,35,0,17.0,6
3,1,1,36,0,6.0,3
3,1,1,37,0,3.0,7
3,1,1,38,0,7.0,2
3,1,1,39,0,2.0,3
3,1,1,40,0,3.0,14
3,1,1,41,0,14.0,16
3,1,1,42,0,16.0,13
3,1,1,43,0,13.0,17
3,1,1,44,0,17.0,13
3,1,1,45,0,13.0,11
3,1,1,46,0,11.0,20
3,1,1,47,0,20.0,16
3,1,1,48,0,16.0,9
3,1,1,49,0,9.0,10
3,1,1,50,1,10.0,15
3,1,1,51,1,15.0,12
3,1,1,52,1,12.0,4
3,1,1,1,1,4.0,17
3,1,1,2,0,17.0,21
3,1,1,3,0,21.0,7
3,1,1,4,0,7.0,4
3,1,1,5,0,4.0,15
3,1,1,6,1,15.0,14
3,1,1,7,1,14.0,9
3,1,1,8,0,9.0,3
3,1,1,9,1,3.0,19
3,1,1,10,1,19.0,145
3,1,1,11,1,145.0,187
3,1,1,12,1,187.0,128
3,1,1,13,1,128.0,270
3,1,1,14,0,270.0,15
3,1,1,15,0,15.0,5
3,1,1,16,0,5.0,14
3,1,1,17,0,14.0,8
3,1,1,18,0,8.0,13
3,1,1,19,0,13.0,5
3,1,1,20,0,5.0,10
3,1,1,21,0,10.0,11
3,1,1,22,0,11.0,7
3,1,1,23,0,7.0,11
3,1,1,24,0,11.0,22
3,1,1,25,0,22.0,12
3,1,1,26,0,12.0,13
3,1,1,27,0,13.0,10
3,1,1,28,0,10.0,3
3,1,1,29,1,3.0,56
3,1,1,30,1,56.0,38
3,1,1,31,0,38.0,15
3,1,1,32,0,15.0,12
3,1,1,33,0,12.0,7
3,1,1,34,0,7.0,18
3,1,1,35,0,18.0,10
3,1,1,36,0,10.0,15
3,1,1,37,0,15.0,11
3,1,1,38,0,11.0,9
3,1,1,39,0,9.0,9
3,1,1,40,0,9.0,25
3,1,1,41,0,25.0,9
3,1,1,42,0,9.0,9
3,1,1,43,0,9.0,8
3,1,1,44,0,8.0,17
3,1,1,45,0,17.0,2
3,1,1,46,0,2.0,6
3,1,1,47,0,6.0,29
3,1,1,48,0,29.0,10
3,1,1,49,0,10.0,13
3,1,1,50,1,13.0,11
3,1,1,51,1,11.0,5
3,1,1,52,1,5.0,25
3,1,1,1,1,25.0,19
3,1,1,2,0,19.0,11
3,1,1,3,0,11.0,17
3,1,1,4,0,17.0,8
3,1,1,5,0,8.0,4
3,1,1,6,1,4.0,3
3,1,1,7,1,3.0,4
3,1,1,8,0,4.0,6
3,1,1,9,1,6.0,57
3,1,1,10,1,57.0,142
3,1,1,11,1,142.0,63
3,1,1,12,1,63.0,79
3,1,1,13,1,79.0,23
3,1,1,14,0,23.0,7
3,1,1,15,0,7.0,11
3,1,1,16,0,11.0,5
3,1,1,17,0,5.0,18
3,1,1,18,0,18.0,10
3,1,1,19,0,10.0,3
3,1,1,20,0,3.0,8
3,1,1,21,0,8.0,11
3,1,1,22,0,11.0,18
3,1,1,23,0,18.0,8
3,1,1,24,0,8.0,10
3,1,1,25,0,10.0,16
3,1,1,26,0,16.0,10
3,1,1,27,0,10.0,9
3,1,1,28,0,9.0,10
3,1,1,29,1,10.0,25
3,1,1,30,1,25.0,31
3,1,1,31,1,31.0,20
3,1,1,32,0,20.0,10
3,1,1,33,0,10.0,23
3,1,1,34,0,23.0,21
3,1,1,35,0,21.0,11
3,1,1,36,0,11.0,7
3,1,1,37,0,7.0,15
3,1,1,38,0,15.0,14
3,1,1,39,0,14.0,14
3,1,1,40,0,14.0,18
3,1,1,41,0,18.0,8
3,1,1,42,0,8.0,10
3,1,1,43,0,10.0,14
3,1,1,44,0,14.0,13
3,1,1,45,0,13.0,10
3,1,1,46,0,10.0,6
3,1,1,47,0,6.0,5
3,1,1,48,0,5.0,14
3,1,1,49,0,14.0,15
3,1,1,50,1,15.0,10
3,1,1,51,1,10.0,12
3,1,1,52,1,12.0,10
3,1,1,1,1,10.0,4
3,1,1,2,0,4.0,12
3,1,1,3,0,12.0,12
3,1,1,4,0,12.0,17
3,1,1,5,0,17.0,23
3,1,1,6,1,23.0,13
3,1,1,7,1,13.0,20
3,1,1,8,1,20.0,12
3,1,1,9,1,12.0,32
3,1,1,10,1,32.0,136
3,1,1,11,1,136.0,176
3,1,1,12,1,176.0,188
3,1,1,13,1,188.0,90
3,1,1,14,0,90.0,7
3,1,1,15,0,7.0,6
3,1,1,16,0,6.0,8
3,1,1,17,0,8.0,9
3,1,1,18,0,9.0,10
3,1,1,19,0,10.0,17
3,1,1,20,0,17.0,12
3,1,1,21,0,12.0,6
3,1,1,22,0,6.0,18
3,1,1,23,0,18.0,1
3,1,1,24,0,1.0,12
3,1,1,25,0,12.0,13
3,1,1,26,0,13.0,6
3,1,1,27,0,6.0,17
3,1,1,28,0,17.0,9
3,1,1,29,0,9.0,14
3,1,1,30,1,14.0,48
3,1,1,31,1,48.0,58
3,1,1,32,0,58.0,17
3,1,1,33,0,17.0,15
3,1,1,34,0,15.0,17
3,1,1,35,0,17.0,19
3,1,1,36,0,19.0,19
3,1,1,37,0,19.0,16
3,1,1,38,0,16.0,10
3,1,1,39,0,10.0,11
3,1,1,40,0,11.0,8
3,1,1,41,0,8.0,15
3,1,1,42,0,15.0,12
3,1,1,43,0,12.0,6
3,1,1,44,0,6.0,13
3,1,1,45,0,13.0,5
3,1,1,46,0,5.0,3
3,1,1,47,0,3.0,12
3,1,1,48,0,12.0,4
3,1,1,49,0,4.0,11
3,1,1,50,1,11.0,14
3,1,1,51,1,14.0,13
3,1,1,52,1,13.0,16
3,1,1,1,1,16.0,7
3,1,1,2,0,7.0,8
3,1,1,3,0,8.0,20
3,1,1,4,0,20.0,12
3,1,1,5,0,12.0,5
3,1,1,6,0,5.0,10
3,1,1,7,1,10.0,4
3,1,1,8,1,4.0,19
3,1,1,9,1,19.0,61
3,1,1,10,1,61.0,85
3,1,1,11,1,85.0,160
3,1,1,12,1,160.0,197
3,1,1,13,1,197.0,121
3,1,1,14,1,121.0,25
3,1,1,15,0,25.0,6
3,1,1,16,0,6.0,13
3,1,1,17,0,13.0,12
3,1,1,18,0,12.0,17
3,1,1,19,0,17.0,9
3,1,1,20,0,9.0,19
3,1,1,21,0,19.0,26
3,1,1,22,0,26.0,14
3,1,1,23,0,14.0,4
3,1,1,24,0,4.0,16
3,1,1,25,0,16.0,16
3,1,1,26,0,16.0,4
3,1,1,27,0,4.0,6
3,1,1,28,0,6.0,7
3,1,1,29,0,7.0,10
3,1,1,30,1,10.0,48
3,1,1,31,1,48.0,24
3,1,1,32,0,24.0,6
3,1,1,33,0,6.0,17
3,1,1,34,0,17.0,8
3,1,1,35,0,8.0,11
3,1,1,36,0,11.0,18
3,1,1,37,0,18.0,3
3,1,1,38,0,3.0,7
3,1,1,39,0,7.0,10
3,1,1,40,0,10.0,7
3,1,1,41,0,7.0,4
3,1,1,42,0,4.0,9
3,1,1,43,0,9.0,12
3,1,1,44,0,12.0,17
3,1,1,45,0,17.0,11
3,1,1,46,0,11.0,18
3,1,1,47,0,18.0,8
3,1,1,48,0,8.0,13
3,1,1,49,0,13.0,13
3,1,1,50,0,13.0,16
3,1,1,51,1,16.0,9
3,1,1,52,1,9.0,24
3,1,2,1,1,0.0,20
3,1,2,2,0,20.0,19
3,1,2,3,0,19.0,7
3,1,2,4,0,7.0,15
3,1,2,5,0,15.0,21
3,1,2,6,1,21.0,9
3,1,2,7,1,9.0,17
3,1,2,8,1,17.0,2
3,1,2,9,1,2.0,78
3,1,2,10,1,78.0,244
3,1,2,11,1,244.0,135
3,1,2,12,1,135.0,74
3,1,2,13,1,74.0,160
3,1,2,14,0,160.0,14
3,1,2,15,0,14.0,5
3,1,2,16,0,5.0,8
3,1,2,17,0,8.0,6
3,1,2,18,0,6.0,2
3,1,2,19,0,2.0,9
3,1,2,20,0,9.0,16
3,1,2,21,0,16.0,3
3,1,2,22,0,3.0,15
3,1,2,23,0,15.0,19
3,1,2,24,0,19.0,6
3,1,2,25,0,6.0,6
3,1,2,26,0,6.0,7
3,1,2,27,0,7.0,9
3,1,2,28,0,9.0,5
3,1,2,29,0,5.0,7
3,1,2,30,1,7.0,57
3,1,2,31,1,57.0,23
3,1,2,32,0,23.0,2
3,1,2,33,0,2.0,12
3,1,2,34,0,12.0,10
3,1,2,35,0,10.0,10
3,1,2,36,0,10.0,7
3,1,2,37,0,7.0,17
3,1,2,38,0,17.0,18
3,1,2,39,0,18.0,28
3,1,2,40,0,28.0,6
3,1,2,41,0,6.0,11
3,1,2,42,0,11.0,9
3,1,2,43,0,9.0,6
3,1,2,44,0,6.0,5
3,1,2,45,0,5.0,20
3,1,2,46,0,20.0,4
3,1,2,47,0,4.0,14
3,1,2,48,0,14.0,3
3,1,2,49,0,3.0,16
3,1,2,50,1,16.0,8
3,1,2,51,1,8.0,15
3,1,2,52,1,15.0,20
3,1,2,1,1,20.0,6
3,1,2,2,0,6.0,4
3,1,2,3,0,4.0,4
3,1,2,4,0,4.0,7
3,1,2,5,0,7.0,13
3,1,2,6,1,13.0,5
3,1,2,7,1,5.0,10
3,1,2,8,0,10.0,3
3,1,2,9,1,3.0,32
3,1,2,10,1,32.0,148
3,1,2,11,1,148.0,194
3,1,2,12,1,194.0,235
3,1,2,13,1,235.0,149
3,1,2,14,0,149.0,3
3,1,2,15,0,3.0,20
3,1,2,16,0,20.0,6
3,1,2,17,0,6.0,29
3,1,2,18,0,29.0,3
3,1,2,19,0,3.0,4
3,1,2,20,0,4.0,7
3,1,2,21,0,7.0,6
3,1,2,22,0,6.0,12
3,1,2,23,0,12.0,20
3,1,2,24,0,20.0,18
3,1,2,25,0,18.0,14
3,1,2,26,0,14.0,11
3,1,2,27,0,11.0,8
3,1,2,28,0,8.0,8
3,1,2,29,0,8.0,12
3,1,2,30,1,12.0,34
3,1,2,31,1,34.0,21
3,1,2,32,0,21.0,12
3,1,2,33,0,12.0,5
3,1,2,34,0,5.0,15
3,1,2,35,0,15.0,6
3,1,2,36,0,6.0,15
3,1,2,37,0,15.0,12
3,1,2,38,0,12.0,2
3,1,2,39,0,2.0,15
3,1,2,40,0,15.0,5
3,1,2,41,0,5.0,11
3,1,2,42,0,11.0,18
3,1,2,43,0,18.0,3
3,1,2,44,0,3.0,9
3,1,2,45,0,9.0,15
3,1,2,46,0,15.0,14
3,1,2,47,0,14.0,19
3,1,2,48,0,19.0,16
3,1,2,49,0,16.0,13
3,1,2,50,1,13.0,14
3,1,2,51,1,14.0,12
3,1,2,52,1,12.0,7
3,1,2,1,1,7.0,7
3,1,2,2,0,7.0,8
3,1,2,3,0,8.0,12
3,1,2,4,0,12.0,18
3,1,2,5,0,18.0,16
3,1,2,6,0,16.0,8
3,1,2,7,1,8.0,13
3,1,2,8,1,13.0,1
3,1,2,10,1,1.0,70
3,1,2,11,1,70.0,113
3,1,2,12,1,113.0,155
3,1,2,13,1,155.0,122
3,1,2,14,1,122.0,20
3,1,2,15,0,20.0,13
3,1,2,16,0,13.0,5
3,1,2,17,0,5.0,10
3,1,2,18,0,10.0,12
3,1,2,19,0,12.0,8
3,1,2,20,0,8.0,7
3,1,2,21,0,7.0,10
3,1,2,22,0,10.0,11
3,1,2,23,0,11.0,6
3,1,2,24,0,6.0,11
3,1,2,25,0,11.0,13
3,1,2,26,0,13.0,19
3,1,2,27,0,19.0,8
3,1,2,28,0,8.0,13
3,1,2,29,0,13.0,11
3,1,2,30,1,11.0,66
3,1,2,31,1,66.0,11
3,1,2,32,0,11.0,5
3,1,2,33,0,5.0,16
3,1,2,34,0,16.0,9
3,1,2,35,0,9.0,16
3,1,2,36,0,16.0,3
3,1,2,37,0,3.0,9
3,1,2,38,0,9.0,3
3,1,2,39,0,3.0,7
3,1,2,40,0,7.0,9
3,1,2,41,0,9.0,7
3,1,2,42,0,7.0,9
3,1,2,43,0,9.0,17
3,1,2,44,0,17.0,10
3,1,2,45,0,10.0,5
3,1,2,46,0,5.0,8
3,1,2,47,0,8.0,8
3,1,2,48,0,8.0,18
3,1,2,49,0,18.0,11
3,1,2,50,0,11.0,6
3,1,2,51,1,6.0,17
3,1,2,53,1,17.0,2
3,1,2,1,1,2.0,20
3,1,2,2,0,20.0,5
3,1,2,3,0,5.0,23
3,1,2,4,0,23.0,2
3,1,2,5,0,2.0,8
3,1,2,6,1,8.0,10
3,1,2,7,1,10.0,6
3,1,2,8,0,6.0,15
3,1,2,9,1,15.0,34
3,1,2,10,1,34.0,74
3,1,2,11,1,74.0,72
3,1,2,12,1,72.0,79
3,1,2,13,1,79.0,61
3,1,2,14,0,61.0,6
3,1,2,15,0,6.0,11
3,1,2,16,0,11.0,12
3,1,2,17,0,12.0,16
3,1,2,18,0,16.0,12
3,1,2,19,0,12.0,9
3,1,2,20,0,9.0,17
3,1,2,21,0,17.0,8
3,1,2,22,0,8.0,8
3,1,2,23,0,8.0,11
3,1,2,24,0,11.0,11
3,1,2,25,0,11.0,15
3,1,2,26,0,15.0,14
3,1,2,27,0,14.0,12
3,1,2,28,0,12.0,9
3,1,2,29,1,9.0,27
3,1,2,30,1,27.0,32
3,1,2,31,0,32.0,12
3,1,2,32,0,12.0,14
3,1,2,33,0,14.0,7
3,1,2,34,0,7.0,6
3,1,2,35,0,6.0,7
3,1,2,36,0,7.0,10
3,1,2,37,0,10.0,6
3,1,2,38,0,6.0,11
3,1,2,39,0,11.0,10
3,1,2,40,0,10.0,18
3,1,2,41,0,18.0,3
3,1,2,42,0,3.0,5
3,1,2,43,0,5.0,6
3,1,2,44,0,6.0,11
3,1,2,45,0,11.0,15
3,1,2,46,0,15.0,16
3,1,2,47,0,16.0,3
3,1,2,48,0,3.0,14
3,1,2,49,0,14.0,17
3,1,2,50,1,17.0,3
3,1,2,51,1,3.0,5
3,1,2,52,1,5.0,13
3,1,2,1,1,13.0,5
3,1,2,2,0,5.0,17
3,1,2,3,0,17.0,5
3,1,2,4,0,5.0,13
3,1,2,5,0,13.0,18
3,1,2,6,1,18.0,9
3,1,2,7,1,9.0,5
3,1,2,8,0,5.0,11
3,1,2,9,1,11.0,174
3,1,2,10,1,174.0,175
3,1,2,11,1,175.0,206
3,1,2,12,1,206.0,138
3,1,2,13,1,138.0,82
3,1,2,14,0,82.0,4
3,1,2,15,0,4.0,14
3,1,2,16,0,14.0,7
3,1,2,17,0,7.0,17
3,1,2,18,0,17.0,9
3,1,2,19,0,9.0,12
3,1,2,20,0,12.0,11
3,1,2,21,0,11.0,10
3,1,2,22,0,10.0,5
3,1,2,24,0,5.0,19
3,1,2,25,0,19.0,2
3,1,2,26,0,2.0,14
3,1,2,27,0,14.0,18
3,1,2,28,0,18.0,12
3,1,2,29,1,12.0,21
3,1,2,30,1,21.0,29
3,1,2,31,0,29.0,13
3,1,2,32,0,13.0,16
3,1,2,33,0,16.0,18
3,1,2,34,0,18.0,13
3,1,2,35,0,13.0,11
3,1,2,36,0,11.0,4
3,1,2,37,0,4.0,17
3,1,2,38,0,17.0,5
3,1,2,39,0,5.0,6
3,1,2,40,0,6.0,5
3,1,2,41,0,5.0,14
3,1,2,42,0,14.0,21
3,1,2,43,0,21.0,17
3,1,2,44,0,17.0,11
3,1,2,45,0,11.0,19
3,1,2,46,0,19.0,14
3,1,2,47,0,14.0,11
3,1,2,48,0,11.0,8
3,1,2,49,0,8.0,11
3,1,2,50,1,11.0,3
3,1,2,51,1,3.0,7
3,1,2,52,1,7.0,16
3,1,2,1,1,16.0,2
3,1,2,2,0,2.0,5
3,1,2,3,0,5.0,9
3,1,2,4,0,9.0,11
3,1,2,5,0,11.0,21
3,1,2,6,1,21.0,20
3,1,2,7,1,20.0,16
3,1,2,8,0,16.0,7
3,1,2,9,1,7.0,100
3,1,2,10,1,100.0,47
3,1,2,12,1,47.0,111
3,1,2,13,1,111.0,71
3,1,2,14,0,71.0,12
3,1,2,15,0,12.0,10
3,1,2,16,0,10.0,8
3,1,2,18,0,8.0,6
3,1,2,19,0,6.0,14
3,1,2,20,0,14.0,13
3,1,2,21,0,13.0,9
3,1,2,22,0,9.0,7
3,1,2,23,0,7.0,9
3,1,2,24,0,9.0,9
3,1,2,25,0,9.0,8
3,1,2,26,0,8.0,3
3,1,2,27,0,3.0,8
3,1,2,28,0,8.0,17
3,1,2,29,1,17.0,34
3,1,2,30,1,34.0,52
3,1,2,31,1,52.0,21
3,1,2,32,0,21.0,16
3,1,2,33,0,16.0,10
3,1,2,34,0,10.0,13
3,1,2,35,0,13.0,11
3,1,2,36,0,11.0,4
3,1,2,37,0,4.0,1
3,1,2,38,0,1.0,1
3,1,2,39,0,1.0,9
3,1,2,40,0,9.0,11
3,1,2,41,0,11.0,13
3,1,2,42,0,13.0,9
3,1,2,43,0,9.0,7
3,1,2,44,0,7.0,15
3,1,2,45,0,15.0,6
3,1,2,46,0,6.0,8
3,1,2,47,0,8.0,7
3,1,2,48,0,7.0,8
3,1,2,49,0,8.0,16
3,1,2,50,0,16.0,3
3,1,2,51,1,3.0,11
3,1,2,52,1,11.0,19
3,1,2,1,1,19.0,13
3,1,2,2,0,13.0,8
3,1,2,3,0,8.0,9
3,1,2,4,0,9.0,4
3,1,2,5,0,4.0,16
3,1,2,6,0,16.0,15
3,1,2,7,1,15.0,4
3,1,2,8,1,4.0,14
3,1,2,9,1,14.0,82
3,1,2,10,1,82.0,144
3,1,2,11,1,144.0,64
3,1,2,12,1,64.0,216
3,1,2,13,1,216.0,266
3,1,2,14,0,266.0,9
3,1,2,15,0,9.0,9
3,1,2,16,0,9.0,14
3,1,2,17,0,14.0,11
3,1,2,18,0,11.0,6
3,1,2,19,0,6.0,11
3,1,2,20,0,11.0,15
3,1,2,21,0,15.0,16
3,1,2,22,0,16.0,14
3,1,2,23,0,14.0,12
3,1,2,24,0,12.0,11
3,1,2,25,0,11.0,17
3,1,2,26,0,17.0,12
3,1,2,27,0,12.0,4
3,1,2,28,0,4.0,11
3,1,2,29,0,11.0,7
3,1,2,30,1,7.0,51
3,1,2,31,1,51.0,21
3,1,2,32,0,21.0,13
3,1,2,33,0,13.0,10
3,1,2,34,0,10.0,7
3,1,2,35,0,7.0,7
3,1,2,36,0,7.0,12
3,1,2,37,0,12.0,15
3,1,2,38,0,15.0,13
3,1,2,39,0,13.0,5
3,1,2,40,0,5.0,12
3,1,2,41,0,12.0,10
3,1,2,42,0,10.0,3
3,1,2,43,0,3.0,24
3,1,2,44,0,24.0,13
3,1,2,45,0,13.0,2
3,1,2,46,0,2.0,15
3,1,2,47,0,15.0,9
3,1,2,48,0,9.0,10
3,1,2,49,0,10.0,17
3,1,2,50,1,17.0,14
3,1,2,51,1,14.0,7
3,1,2,52,1,7.0,13
3,1,2,1,1,13.0,6
3,1,2,2,0,6.0,15
3,1,2,3,0,15.0,8
3,1,2,4,0,8.0,6
3,1,2,5,0,6.0,17
3,1,2,6,0,17.0,7
3,1,2,7,1,7.0,13
3,1,2,8,1,13.0,17
3,1,2,9,1,17.0,34
3,1,2,10,1,34.0,105
3,1,2,11,1,105.0,219
3,1,2,12,1,219.0,106
3,1,2,13,1,106.0,167
3,1,2,14,0,167.0,6
3,1,2,15,0,6.0,17
3,1,2,16,0,17.0,5
3,1,2,17,0,5.0,8
3,1,2,18,0,8.0,14
3,1,2,19,0,14.0,16
3,1,2,20,0,16.0,9
3,1,2,21,0,9.0,4
3,1,2,22,0,4.0,4
3,1,2,23,0,4.0,10
3,1,2,24,0,10.0,9
3,1,2,25,0,9.0,11
3,1,2,26,0,11.0,13
3,1,2,27,0,13.0,13
3,1,2,28,0,13.0,7
3,1,2,29,0,7.0,9
3,1,2,30,1,9.0,27
3,1,2,31,1,27.0,43
3,1,2,32,0,43.0,12
3,1,2,33,0,12.0,5
3,1,2,34,0,5.0,9
3,1,2,35,0,9.0,12
3,1,2,36,0,12.0,10
3,1,2,37,0,10.0,8
3,1,2,38,0,8.0,22
3,1,2,39,0,22.0,11
3,1,2,40,0,11.0,17
3,1,2,41,0,17.0,7
3,1,2,42,0,7.0,11
3,1,2,44,0,11.0,8
3,1,2,45,0,8.0,15
3,1,2,46,0,15.0,8
3,1,2,47,0,8.0,6
3,1,2,48,0,6.0,8
3,1,2,49,0,8.0,14
3,1,2,50,0,14.0,16
3,1,2,51,1,16.0,16
3,1,2,52,1,16.0,8
3,1,2,1,1,8.0,4
3,2,0,1,1,0.0,12
3,2,0,2,0,12.0,19
3,2,0,3,0,19.0,17
3,2,0,4,0,17.0,6
3,2,0,5,0,6.0,2
3,2,0,6,1,2.0,11
3,2,0,7,1,11.0,16
3,2,0,8,1,16.0,7
3,2,0,9,1,7.0,42
3,2,0,10,1,42.0,51
3,2,0,11,1,51.0,196
3,2,0,12,1,196.0,128
3,2,0,13,1,128.0,127
3,2,0,14,0,127.0,2
3,2,0,15,0,2.0,7
3,2,0,16,0,7.0,13
3,2,0,17,0,13.0,5
3,2,0,18,0,5.0,17
3,2,0,19,0,17.0,3
3,2,0,20,0,3.0,17
3,2,0,21,0,17.0,12
3,2,0,22,0,12.0,17
3,2,0,23,0,17.0,15
3,2,0,24,0,15.0,13
3,2,0,25,0,13.0,8
3,2,0,26,0,8.0,10
3,2,0,27,0,10.0,16
3,2,0,28,0,16.0,2
3,2,0,29,0,2.0,11
3,2,0,30,1,11.0,12
3,2,0,31,0,12.0,2
3,2,0,32,0,2.0,5
3,2,0,33,0,5.0,10
3,2,0,34,0,10.0,13
3,2,0,35,0,13.0,5
3,2,0,36,0,5.0,11
3,2,0,37,0,11.0,9
3,2,0,38,0,9.0,15
3,2,0,39,0,15.0,5
3,2,0,40,0,5.0,11
3,2,0,41,0,11.0,1
3,2,0,42,0,1.0,4
3,2,0,43,0,4.0,10
3,2,0,44,0,10.0,8
3,2,0,45,0,8.0,7
3,2,0,46,0,7.0,12
3,2,0,47,0,12.0,8
3,2,0,48,0,8.0,10
3,2,0,49,0,10.0,9
3,2,0,50,1,9.0,14
3,2,0,51,1,14.0,7
3,2,0,52,1,7.0,12
3,2,0,1,1,12.0,20
3,2,0,2,0,20.0,8
3,2,0,3,0,8.0,12
3,2,0,4,0,12.0,7
3,2,0,5,0,7.0,10
3,2,0,6,1,10.0,10
3,2,0,7,1,10.0,7
3,2,0,8,1,7.0,8
3,2,0,9,0,8.0,6
3,2,0,10,1,6.0,126
3,2,0,11,1,126.0,106
3,2,0,12,1,106.0,169
3,2,0,13,1,169.0,144
3,2,0,14,0,144.0,10
3,2,0,15,0,10.0,8
3,2,0,16,0,8.0,14
3,2,0,17,0,14.0,7
3,2,0,18,0,7.0,13
3,2,0,19,0,13.0,10
3,2,0,20,0,10.0,16
3,2,0,21,0,16.0,14
3,2,0,22,0,14.0,19
3,2,0,23,0,19.0,13
3,2,0,24,0,13.0,13
3,2,0,25,0,13.0,10
3,2,0,26,0,10.0,2
3,2,0,27,0,2.0,11
3,2,0,28,0,11.0,5
3,2,0,29,0,5.0,9
3,2,0,30,1,9.0,24
3,2,0,31,0,24.0,2
3,2,0,32,0,2.0,10
3,2,0,33,0,10.0,26
3,2,0,34,0,26.0,12
3,2,0,35,0,12.0,16
3,2,0,36,0,16.0,6
3,2,0,37,0,6.0,10
3,2,0,38,0,10.0,10
3,2,0,39,0,10.0,2
3,2,0,40,0,2.0,4
3,2,0,41,0,4.0,18
3,2,0,42,0,18.0,12
3,2,0,43,0,12.0,5
3,2,0,44,0,5.0,17
3,2,0,45,0,17.0,12
3,2,0,46,0,12.0,6
3,2,0,47,0,6.0,15
3,2,0,48,0,15.0,11
3,2,0,49,0,11.0,8
3,2,0,50,1,8.0,7
3,2,0,51,1,7.0,14
3,2,0,52,1,14.0,14
3,2,0,1,1,14.0,10
3,2,0,2,0,10.0,15
3,2,0,3,0,15.0,7
3,2,0,4,0,7.0,7
3,2,0,5,0,7.0,11
3,2,0,6,0,11.0,7
3,2,0,7,1,7.0,8
3,2,0,8,1,8.0,11
3,2,0,9,1,11.0,65
3,2,0,10,1,65.0,42
3,2,0,11,1,42.0,100
3,2,0,12,1,100.0,68
3,2,0,13,1,68.0,104
3,2,0,14,1,104.0,67
3,2,0,15,0,67.0,7
3,2,0,16,0,7.0,16
3,2,0,17,0,16.0,5
3,2,0,18,0,5.0,7
3,2,0,19,0,7.0,7
3,2,0,20,0,7.0,11
3,2,0,21,0,11.0,9
3,2,0,22,0,9.0,9
3,2,0,23,0,9.0,11
3,2,0,24,0,11.0,15
3,2,0,25,0,15.0,6
3,2,0,26,0,6.0,14
3,2,0,27,0,14.0,7
3,2,0,28,0,7.0,4
3,2,0,29,0,4.0,20
3,2,0,30,1,20.0,16
3,2,0,31,1,16.0,18
3,2,0,32,0,18.0,13
3,2,0,33,0,13.0,18
3,2,0,34,0,18.0,12
3,2,0,35,0,12.0,18
3,2,0,36,0,18.0,16
3,2,0,37,0,16.0,7
3,2,0,38,0,7.0,12
3,2,0,39,0,12.0,15
3,2,0,40,0,15.0,8
3,2,0,41,0,8.0,11
3,2,0,42,0,11.0,13
3,2,0,43,0,13.0,15
3,2,0,44,0,15.0,11
3,2,0,45,0,11.0,5
3,2,0,46,0,5.0,10
3,2,0,47,0,10.0,9
3,2,0,48,0,9.0,8
3,2,0,49,0,8.0,20
3,2,0,50,0,20.0,10
3,2,0,51,1,10.0,4
3,2,0,52,1,4.0,3
3,2,0,53,1,3.0,8
3,2,0,1,1,8.0,8
3,2,0,2,0,8.0,9
3,2,0,3,0,9.0,3
3,2,0,4,0,3.0,15
3,2,0,5,0,15.0,14
3,2,0,6,1,14.0,11
3,2,0,7,1,11.0,19
3,2,0,8,0,19.0,7
3,2,0,9,1,7.0,103
3,2,0,10,1,103.0,143
3,2,0,11,1,143.0,141
3,2,0,12,1,141.0,47
3,2,0,13,1,47.0,82
3,2,0,14,0,82.0,9
3,2,0,15,0,9.0,12
3,2,0,16,0,12.0,9
3,2,0,17,0,9.0,14
3,2,0,18,0,14.0,14
3,2,0,19,0,14.0,9
3,2,0,20,0,9.0,13
3,2,0,21,0,13.0,5
3,2,0,22,0,5.0,20
3,2,0,23,0,20.0,21
3,2,0,24,0,21.0,10
3,2,0,25,0,10.0,5
3,2,0,26,0,5.0,11
3,2,0,27,0,11.0,10
3,2,0,28,0,10.0,13
3,2,0,29,1,13.0,18
3,2,0,30,1,18.0,7
3,2,0,32,0,7.0,7
3,2,0,33,0,7.0,19
3,2,0,34,0,19.0,6
3,2,0,35,0,6.0,10
3,2,0,36,0,10.0,9
3,2,0,37,0,9.0,16
3,2,0,38,0,16.0,12
3,2,0,39,0,12.0,13
3,2,0,40,0,13.0,3
3,2,0,41,0,3.0,5
3,2,0,42,0,5.0,10
3,2,0,43,0,10.0,6
3,2,0,44,0,6.0,10
3,2,0,45,0,10.0,11
3,2,0,46,0,11.0,4
3,2,0,47,0,4.0,11
3,2,0,48,0,11.0,8
3,2,0,49,0,8.0,18
3,2,0,50,1,18.0,13
3,2,0,51,1,13.0,9
3,2,0,52,1,9.0,21
3,2,0,1,1,21.0,18
3,2,0,2,0,18.0,6
3,2,0,3,0,6.0,8
3,2,0,4,0,8.0,10
3,2,0,5,0,10.0,13
3,2,0,6,1,13.0,12
3,2,0,7,1,12.0,6
3,2,0,8,0,6.0,5
3,2,0,9,1,5.0,217
3,2,0,10,1,217.0,189
3,2,0,11,1,189.0,107
3,2,0,12,1,107.0,117
3,2,0,13,1,117.0,74
3,2,0,14,0,74.0,12
3,2,0,15,0,12.0,6
3,2,0,16,0,6.0,12
3,2,0,17,0,12.0,11
3,2,0,18,0,11.0,9
3,2,0,19,0,9.0,10
3,2,0,20,0,10.0,7
3,2,0,21,0,7.0,15
3,2,0,22,0,15.0,14
3,2,0,23,0,14.0,13
3,2,0,24,0,13.0,13
3,2,0,25,0,13.0,4
3,2,0,26,0,4.0,3
3,2,0,27,0,3.0,5
3,2,0,28,0,5.0,7
3,2,0,29,1,7.0,11
3,2,0,30,1,11.0,4
3,2,0,31,0,4.0,15
3,2,0,32,0,15.0,9
3,2,0,33,0,9.0,9
3,2,0,34,0,9.0,7
3,2,0,35,0,7.0,13
3,2,0,36,0,13.0,9
3,2,0,37,0,9.0,22
3,2,0,38,0,22.0,11
3,2,0,39,0,11.0,7
3,2,0,40,0,7.0,4
3,2,0,41,0,4.0,6
3,2,0,42,0,6.0,3
3,2,0,43,0,3.0,12
3,2,0,44,0,12.0,7
3,2,0,45,0,7.0,11
3,2,0,46,0,11.0,12
3,2,0,47,0,12.0,11
3,2,0,48,0,11.0,12
3,2,0,49,0,12.0,8
3,2,0,50,1,8.0,7
3,2,0,51,1,7.0,3
3,2,0,52,1,3.0,13
3,2,0,1,1,13.0,6
3,2,0,2,0,6.0,14
3,2,0,3,0,14.0,17
3,2,0,4,0,17.0,3
3,2,0,5,0,3.0,12
3,2,0,6,0,12.0,7
3,2,0,7,1,7.0,6
3,2,0,8,0,6.0,6
3,2,0,9,1,6.0,18
3,2,0,10,1,18.0,110
3,2,0,11,1,110.0,148
3,2,0,12,1,148.0,166
3,2,0,13,1,166.0,102
3,2,0,14,0,102.0,6
3,2,0,15,0,6.0,12
3,2,0,16,0,12.0,5
3,2,0,17,0,5.0,10
3,2,0,18,0,10.0,11
3,2,0,19,0,11.0,2
3,2,0,20,0,2.0,12
3,2,0,21,0,12.0,5
3,2,0,22,0,5.0,14
3,2,0,23,0,14.0,13
3,2,0,24,0,13.0,26
3,2,0,25,0,26.0,15
3,2,0,26,0,15.0,9
3,2,0,27,0,9.0,12
3,2,0,28,0,12.0,17
3,2,0,29,1,17.0,7
3,2,0,30,1,7.0,9
3,2,0,31,0,9.0,9
3,2,0,32,0,9.0,15
3,2,0,33,0,15.0,19
3,2,0,34,0,19.0,11
3,2,0,35,0,11.0,5
3,2,0,36,0,5.0,6
3,2,0,37,0,6.0,5
3,2,0,38,0,5.0,6
3,2,0,39,0,6.0,15
3,2,0,40,0,15.0,18
3,2,0,41,0,18.0,15
3,2,0,42,0,15.0,10
3,2,0,43,0,10.0,8
3,2,0,44,0,8.0,13
3,2,0,45,0,13.0,9
3,2,0,46,0,9.0,14
3,2,0,47,0,14.0,8
3,2,0,48,0,8.0,11
3,2,0,49,0,11.0,11
3,2,0,50,0,11.0,7
3,2,0,51,1,7.0,6
3,2,0,52,1,6.0,11
3,2,0,1,1,11.0,7
3,2,0,2,0,7.0,11
3,2,0,3,0,11.0,15
3,2,0,4,0,15.0,1
3,2,0,5,0,1.0,6
3,2,0,6,1,6.0,20
3,2,0,7,1,20.0,5
3,2,0,8,0,5.0,16
3,2,0,9,1,16.0,63
3,2,0,10,1,63.0,70
3,2,0,11,1,70.0,183
3,2,0,12,1,183.0,117
3,2,0,13,1,117.0,194
3,2,0,14,0,194.0,6
3,2,0,15,0,6.0,13
3,2,0,16,0,13.0,3
3,2,0,17,0,3.0,3
3,2,0,18,0,3.0,24
3,2,0,19,0,24.0,12
3,2,0,20,0,12.0,9
3,2,0,21,0,9.0,8
3,2,0,22,0,8.0,13
3,2,0,23,0,13.0,11
3,2,0,24,0,11.0,12
3,2,0,25,0,12.0,9
3,2,0,26,0,9.0,12
3,2,0,27,0,12.0,7
3,2,0,28,0,7.0,12
3,2,0,29,0,12.0,6
3,2,0,30,1,6.0,14
3,2,0,31,1,14.0,9
3,2,0,32,0,9.0,8
3,2,0,33,0,8.0,12
3,2,0,34,0,12.0,9
3,2,0,35,0,9.0,9
3,2,0,36,0,9.0,9
3,2,0,37,0,9.0,12
3,2,0,38,0,12.0,11
3,2,0,39,0,11.0,10
3,2,0,40,0,10.0,13
3,2,0,41,0,13.0,7
3,2,0,42,0,7.0,4
3,2,0,43,0,4.0,12
3,2,0,44,0,12.0,14
3,2,0,45,0,14.0,13
3,2,0,46,0,13.0,17
3,2,0,47,0,17.0,12
3,2,0,48,0,12.0,3
3,2,0,49,0,3.0,11
3,2,0,50,0,11.0,11
3,2,0,51,1,11.0,15
3,2,0,52,1,15.0,12
3,2,0,1,1,12.0,5
3,2,0,2,0,5.0,5
3,2,0,3,0,5.0,19
3,2,0,4,0,19.0,2
3,2,0,5,0,2.0,6
3,2,0,6,0,6.0,20
3,2,0,7,1,20.0,8
3,2,0,8,1,8.0,10
3,2,0,9,1,10.0,80
3,2,0,10,1,80.0,27
3,2,0,11,1,27.0,180
3,2,0,12,1,180.0,112
3,2,0,13,1,112.0,300
3,2,0,14,0,300.0,2
3,2,0,15,0,2.0,7
3,2,0,16,0,7.0,10
3,2,0,17,0,10.0,15
3,2,0,18,0,15.0,11
3,2,0,19,0,11.0,8
3,2,0,20,0,8.0,13
3,2,0,21,0,13.0,12
3,2,0,22,0,12.0,17
3,2,0,23,0,17.0,10
3,2,0,24,0,10.0,17
3,2,0,25,0,17.0,5
3,2,0,26,0,5.0,10
3,2,0,27,0,10.0,16
3,2,0,28,0,16.0,8
3,2,0,29,0,8.0,14
3,2,0,30,1,14.0,10
3,2,0,31,1,10.0,18
3,2,0,32,0,18.0,9
3,2,0,33,0,9.0,5
3,2,0,34,0,5.0,5
3,2,0,35,0,5.0,8
3,2,0,36,0,8.0,18
3,2,0,37,0,18.0,17
3,2,0,38,0,17.0,17
3,2,0,39,0,17.0,12
3,2,0,40,0,12.0,1
3,2,0,42,0,1.0,5
3,2,0,43,0,5.0,6
3,2,0,44,0,6.0,10
3,2,0,45,0,10.0,10
3,2,0,46,0,10.0,6
3,2,0,47,0,6.0,13
3,2,0,48,0,13.0,7
3,2,0,49,0,7.0,16
3,2,0,50,0,16.0,5
3,2,0,51,1,5.0,21
3,2,0,52,1,21.0,5
3,2,0,1,1,5.0,6
3,2,1,1,1,0.0,10
3,2,1,2,0,10.0,8
3,2,1,3,0,8.0,5
3,2,1,4,0,5.0,12
3,2,1,5,0,12.0,6
3,2,1,6,1,6.0,9
3,2,1,7,1,9.0,20
3,2,1,8,1,20.0,16
3,2,1,9,1,16.0,100
3,2,1,10,1,100.0,52
3,2,1,11,1,52.0,210
3,2,1,12,1,210.0,129
3,2,1,13,1,129.0,78
3,2,1,14,0,78.0,17
3,2,1,15,0,17.0,4
3,2,1,16,0,4.0,9
3,2,1,17,0,9.0,7
3,2,1,18,0,7.0,12
3,2,1,19,0,12.0,10
3,2,1,20,0,10.0,3
3,2,1,21,0,3.0,16
3,2,1,22,0,16.0,10
3,2,1,23,0,10.0,19
3,2,1,24,0,19.0,19
3,2,1,25,0,19.0,15
3,2,1,26,0,15.0,5
3,2,1,27,0,5.0,11
3,2,1,28,0,11.0,10
3,2,1,29,1,10.0,18
3,2,1,30,1,18.0,10
3,2,1,31,0,10.0,6
3,2,1,32,0,6.0,16
3,2,1,33,0,16.0,18
3,2,1,34,0,18.0,5
3,2,1,35,0,5.0,9
3,2,1,36,0,9.0,18
3,2,1,37,0,18.0,18
3,2,1,38,0,18.0,10
3,2,1,39,0,10.0,19
3,2,1,40,0,19.0,6
3,2,1,41,0,6.0,15
3,2,1,42,0,15.0,16
3,2,1,43,0,16.0,12
3,2,1,44,0,12.0,10
3,2,1,45,0,10.0,13
3,2,1,46,0,13.0,10
3,2,1,47,0,10.0,11
3,2,1,48,0,11.0,13
3,2,1,49,0,13.0,16
3,2,1,50,1,16.0,8
3,2,1,51,1,8.0,5
3,2,1,52,1,5.0,9
3,2,1,1,1,9.0,5
3,2,1,2,0,5.0,4
3,2,1,3,0,4.0,21
3,2,1,4,0,21.0,12
3,2,1,5,0,12.0,7
3,2,1,6,1,7.0,9
3,2,1,7,1,9.0,8
3,2,1,8,1,8.0,11
3,2,1,9,1,11.0,81
3,2,1,10,1,81.0,170
3,2,1,11,1,170.0,143
3,2,1,12,1,143.0,115
3,2,1,13,1,115.0,219
3,2,1,14,0,219.0,8
3,2,1,15,0,8.0,6
3,2,1,16,0,6.0,9
3,2,1,17,0,9.0,6
3,2,1,18,0,6.0,3
3,2,1,19,0,3.0,8
3,2,1,20,0,8.0,11
3,2,1,21,0,11.0,8
3,2,1,22,0,8.0,23
3,2,1,23,0,23.0,1
3,2,1,24,0,1.0,18
3,2,1,25,0,18.0,13
3,2,1,26,0,13.0,13
3,2,1,27,0,13.0,5
3,2,1,28,0,5.0,9
3,2,1,29,0,9.0,10
3,2,1,30,1,10.0,12
3,2,1,31,1,12.0,15
3,2,1,32,0,15.0,14
3,2,1,33,0,14.0,6
3,2,1,34,0,6.0,14
3,2,1,35,0,14.0,17
3,2,1,36,0,17.0,3
3,2,1,37,0,3.0,12
3,2,1,38,0,12.0,7
3,2,1,39,0,7.0,7
3,2,1,40,0,7.0,22
3,2,1,41,0,22.0,10
3,2,1,42,0,10.0,1
3,2,1,43,0,1.0,12
3,2,1,44,0,12.0,14
3,2,1,45,0,14.0,10
3,2,1,46,0,10.0,7
3,2,1,47,0,7.0,11
3,2,1,48,0,11.0,8
3,2,1,49,0,8.0,6
3,2,1,50,1,6.0,11
3,2,1,51,1,11.0,11
3,2,1,52,1,11.0,12
3,2,1,1,1,12.0,16
3,2,1,2,0,16.0,9
3,2,1,3,0,9.0,12
3,2,1,4,0,12.0,7
3,2,1,5,0,7.0,12
3,2,1,6,0,12.0,4
3,2,1,7,1,4.0,13
3,2,1,8,1,13.0,7
3,2,1,9,0,7.0,10
3,2,1,10,1,10.0,127
3,2,1,11,1,127.0,39
3,2,1,12,1,39.0,120
3,2,1,13,1,120.0,142
3,2,1,14,1,142.0,109
3,2,1,15,0,109.0,6
3,2,1,16,0,6.0,8
3,2,1,17,0,8.0,7
3,2,1,18,0,7.0,8
3,2,1,19,0,8.0,12
3,2,1,20,0,12.0,19
3,2,1,21,0,19.0,21
3,2,1,22,0,21.0,7
3,2,1,23,0,7.0,7
3,2,1,24,0,7.0,14
3,2,1,25,0,14.0,9
3,2,1,26,0,9.0,11
3,2,1,27,0,11.0,16
3,2,1,28,0,16.0,14
3,2,1,29,0,14.0,5
3,2,1,30,1,5.0,9
3,2,1,31,1,9.0,6
3,2,1,32,0,6.0,10
3,2,1,33,0,10.0,11
3,2,1,34,0,11.0,9
3,2,1,35,0,9.0,15
3,2,1,36,0,15.0,4
3,2,1,37,0,4.0,19
3,2,1,38,0,19.0,1
3,2,1,39,0,1.0,14
3,2,1,40,0,14.0,3
3,2,1,41,0,3.0,9
3,2,1,42,0,9.0,16
3,2,1,43,0,16.0,15
3,2,1,44,0,15.0,14
3,2,1,45,0,14.0,11
3,2,1,46,0,11.0,11
3,2,1,47,0,11.0,6
3,2,1,48,0,6.0,6
3,2,1,49,0,6.0,4
3,2,1,50,0,4.0,16
3,2,1,51,1,16.0,7
3,2,1,52,1,7.0,5
3,2,1,53,1,5.0,8
3,2,1,1,1,8.0,11
3,2,1,2,0,11.0,23
3,2,1,3,0,23.0,7
3,2,1,4,0,7.0,5
3,2,1,5,0,5.0,7
3,2,1,6,1,7.0,9
3,2,1,7,1,9.0,14
3,2,1,8,0,14.0,6
3,2,1,9,1,6.0,46
3,2,1,10,1,46.0,148
3,2,1,11,1,148.0,217
3,2,1,12,1,217.0,166
3,2,1,13,1,166.0,129
3,2,1,14,0,129.0,12
3,2,1,15,0,12.0,14
3,2,1,16,0,14.0,7
3,2,1,17,0,7.0,14
3,2,1,18,0,14.0,9
3,2,1,19,0,9.0,8
3,2,1,20,0,8.0,9
3,2,1,21,0,9.0,11
3,2,1,22,0,11.0,15
3,2,1,23,0,15.0,16
3,2,1,24,0,16.0,14
3,2,1,25,0,14.0,5
3,2,1,26,0,5.0,6
3,2,1,27,0,6.0,25
3,2,1,28,0,25.0,11
3,2,1,29,1,11.0,5
3,2,1,30,1,5.0,5
3,2,1,31,0,5.0,25
3,2,1,32,0,25.0,11
3,2,1,33,0,11.0,6
3,2,1,34,0,6.0,13
3,2,1,35,0,13.0,7
3,2,1,36,0,7.0,7
3,2,1,37,0,7.0,11
3,2,1,38,0,11.0,9
3,2,1,39,0,9.0,24
3,2,1,40,0,24.0,7
3,2,1,41,0,7.0,10
3,2,1,42,0,10.0,10
3,2,1,43,0,10.0,7
3,2,1,44,0,7.0,15
3,2,1,45,0,15.0,2
3,2,1,46,0,2.0,7
3,2,1,47,0,7.0,4
3,2,1,48,0,4.0,10
3,2,1,49,0,10.0,7
3,2,1,50,1,7.0,9
3,2,1,51,1,9.0,16
3,2,1,52,1,16.0,9
3,2,1,1,1,9.0,12
3,2,1,2,0,12.0,13
3,2,1,3,0,13.0,15
3,2,1,4,0,15.0,25
3,2,1,5,0,25.0,5
3,2,1,6,1,5.0,11
3,2,1,7,1,11.0,13
3,2,1,8,0,13.0,12
3,2,1,9,1,12.0,89
3,2,1,10,1,89.0,88
3,2,1,11,1,88.0,82
3,2,1,13,1,82.0,173
3,2,1,14,0,173.0,4
3,2,1,15,0,4.0,11
3,2,1,16,0,11.0,8
3,2,1,17,0,8.0,17
3,2,1,18,0,17.0,6
3,2,1,19,0,6.0,16
3,2,1,20,0,16.0,26
3,2,1,21,0,26.0,5
3,2,1,22,0,5.0,8
3,2,1,23,0,8.0,4
3,2,1,24,0,4.0,7
3,2,1,25,0,7.0,6
3,2,1,26,0,6.0,13
3,2,1,27,0,13.0,18
3,2,1,28,0,18.0,14
3,2,1,29,1,14.0,6
3,2,1,30,1,6.0,8
3,2,1,31,0,8.0,3
3,2,1,32,0,3.0,14
3,2,1,33,0,14.0,9
3,2,1,34,0,9.0,6
3,2,1,35,0,6.0,7
3,2,1,36,0,7.0,8
3,2,1,37,0,8.0,10
3,2,1,38,0,10.0,15
3,2,1,39,0,15.0,8
3,2,1,40,0,8.0,9
3,2,1,41,0,9.0,15
3,2,1,42,0,15.0,10
3,2,1,43,0,10.0,6
3,2,1,44,0,6.0,3
3,2,1,45,0,3.0,8
3,2,1,46,0,8.0,9
3,2,1,47,0,9.0,5
3,2,1,48,0,5.0,12
3,2,1,49,0,12.0,4
3,2,1,50,1,4.0,9
3,2,1,51,1,9.0,4
3,2,1,52,1,4.0,11
3,2,1,1,1,11.0,16
3,2,1,2,0,16.0,10
3,2,1,3,0,10.0,15
3,2,1,4,0,15.0,6
3,2,1,5,0,6.0,14
3,2,1,6,1,14.0,14
3,2,1,7,1,14.0,14
3,2,1,8,1,14.0,11
3,2,1,9,1,11.0,48
3,2,1,10,1,48.0,86
3,2,1,11,1,86.0,73
3,2,1,12,1,73.0,130
3,2,1,13,1,130.0,108
3,2,1,14,0,108.0,10
3,2,1,15,0,10.0,11
3,2,1,16,0,11.0,4
3,2,1,17,0,4.0,18
3,2,1,18,0,18.0,20
3,2,1,19,0,20.0,3
3,2,1,20,0,3.0,13
3,2,1,21,0,13.0,20
3,2,1,22,0,20.0,11
3,2,1,23,0,11.0,11
3,2,1,24,0,11.0,16
3,2,1,25,0,16.0,10
3,2,1,26,0,10.0,10
3,2,1,27,0,10.0,15
3,2,1,28,0,15.0,16
3,2,1,29,1,16.0,14
3,2,1,30,1,14.0,22
3,2,1,31,0,22.0,10
3,2,1,32,0,10.0,8
3,2,1,33,0,8.0,8
3,2,1,34,0,8.0,12
3,2,1,35,0,12.0,17
3,2,1,36,0,17.0,4
3,2,1,37,0,4.0,16
3,2,1,38,0,16.0,16
3,2,1,39,0,16.0,6
3,2,1,40,0,6.0,16
3,2,1,41,0,16.0,12
3,2,1,42,0,12.0,11
3,2,1,43,0,11.0,4
3,2,1,44,0,4.0,14
3,2,1,45,0,14.0,3
3,2,1,46,0,3.0,3
3,2,1,47,0,3.0,20
3,2,1,48,0,20.0,10
3,2,1,49,0,10.0,10
3,2,1,51,1,10.0,10
3,2,1,52,1,10.0,16
3,2,1,1,1,16.0,6
3,2,1,2,0,6.0,14
3,2,1,3,0,14.0,10
3,2,1,4,0,10.0,5
3,2,1,5,0,5.0,9
3,2,1,6,1,9.0,7
3,2,1,7,1,7.0,4
3,2,1,8,1,4.0,4
3,2,1,9,1,4.0,68
3,2,1,10,1,68.0,77
3,2,1,11,1,77.0,229
3,2,1,12,1,229.0,71
3,2,1,13,1,71.0,148
3,2,1,14,0,148.0,10
3,2,1,15,0,10.0,14
3,2,1,16,0,14.0,12
3,2,1,17,0,12.0,4
3,2,1,18,0,4.0,8
3,2,1,19,0,8.0,5
3,2,1,20,0,5.0,11
3,2,1,21,0,11.0,3
3,2,1,22,0,3.0,4
3,2,1,23,0,4.0,23
3,2,1,24,0,23.0,8
3,2,1,25,0,8.0,8
3,2,1,26,0,8.0,13
3,2,1,27,0,13.0,3
3,2,1,28,0,3.0,6
3,2,1,29,0,6.0,15
3,2,1,30,1,15.0,5
3,2,1,31,1,5.0,9
3,2,1,32,0,9.0,15
3,2,1,33,0,15.0,8
3,2,1,34,0,8.0,3
3,2,1,35,0,3.0,4
3,2,1,36,0,4.0,23
3,2,1,37,0,23.0,13
3,2,1,38,0,13.0,19
3,2,1,39,0,19.0,9
3,2,1,40,0,9.0,12
3,2,1,41,0,12.0,11
3,2,1,42,0,11.0,2
3,2,1,43,0,2.0,9
3,2,1,44,0,9.0,12
3,2,1,45,0,12.0,19
3,2,1,46,0,19.0,5
3,2,1,47,0,5.0,16
3,2,1,48,0,16.0,14
3,2,1,49,0,14.0,13
3,2,1,50,1,13.0,6
3,2,1,51,1,6.0,8
3,2,1,52,1,8.0,6
3,2,1,1,1,6.0,8
3,2,1,2,0,8.0,24
3,2,1,3,0,24.0,10
3,2,1,4,0,10.0,10
3,2,1,5,0,10.0,8
3,2,1,6,0,8.0,7
3,2,1,7,1,7.0,17
3,2,1,8,1,17.0,6
3,2,1,9,1,6.0,50
3,2,1,10,1,50.0,156
3,2,1,11,1,156.0,81
3,2,1,12,1,81.0,22
3,2,1,13,1,22.0,172
3,2,1,14,1,172.0,28
3,2,1,15,0,28.0,4
3,2,1,16,0,4.0,13
3,2,1,17,0,13.0,13
3,2,1,18,0,13.0,8
3,2,1,19,0,8.0,5
3,2,1,20,0,5.0,10
3,2,1,21,0,10.0,14
3,2,1,22,0,14.0,11
3,2,1,23,0,11.0,15
3,2,1,24,0,15.0,12
3,2,1,25,0,12.0,13
3,2,1,26,0,13.0,6
3,2,1,27,0,6.0,13
3,2,1,28,0,13.0,12
3,2,1,29,0,12.0,4
3,2,1,30,1,4.0,3
3,2,1,31,1,3.0,9
3,2,1,32,0,9.0,7
3,2,1,33,0,7.0,13
3,2,1,34,0,13.0,26
3,2,1,35,0,26.0,7
3,2,1,36,0,7.0,19
3,2,1,37,0,19.0,19
3,2,1,38,0,19.0,11
3,2,1,39,0,11.0,9
3,2,1,40,0,9.0,13
3,2,1,41,0,13.0,7
3,2,1,42,0,7.0,15
3,2,1,43,0,15.0,16
3,2,1,44,0,16.0,18
3,2,1,45,0,18.0,9
3,2,1,46,0,9.0,11
3,2,1,47,0,11.0,6
3,2,1,48,0,6.0,15
3,2,1,49,0,15.0,11
3,2,1,50,0,11.0,9
3,2,1,51,1,9.0,15
3,2,1,52,1,15.0,11
3,2,1,1,1,11.0,4
3,2,2,1,1,0.0,12
3,2,2,2,0,12.0,15
3,2,2,3,0,15.0,14
3,2,2,4,0,14.0,7
3,2,2,5,0,7.0,23
3,2,2,6,1,23.0,8
3,2,2,7,1,8.0,11
3,2,2,8,1,11.0,7
3,2,2,9,1,7.0,157
3,2,2,10,1,157.0,76
3,2,2,11,1,76.0,127
3,2,2,12,1,127.0,206
3,2,2,13,1,206.0,86
3,2,2,14,0,86.0,11
3,2,2,15,0,11.0,7
3,2,2,16,0,7.0,8
3,2,2,17,0,8.0,7
3,2,2,18,0,7.0,10
3,2,2,19,0,10.0,6
3,2,2,20,0,6.0,10
3,2,2,21,0,10.0,22
3,2,2,22,0,22.0,8
3,2,2,23,0,8.0,20
3,2,2,24,0,20.0,15
3,2,2,25,0,15.0,13
3,2,2,26,0,13.0,8
3,2,2,27,0,8.0,17
3,2,2,28,0,17.0,17
3,2,2,29,0,17.0,5
3,2,2,30,1,5.0,11
3,2,2,31,0,11.0,10
3,2,2,32,0,10.0,8
3,2,2,33,0,8.0,13
3,2,2,34,0,13.0,8
3,2,2,35,0,8.0,15
3,2,2,36,0,15.0,9
3,2,2,37,0,9.0,14
3,2,2,38,0,14.0,9
3,2,2,39,0,9.0,13
3,2,2,40,0,13.0,17
3,2,2,41,0,17.0,12
3,2,2,42,0,12.0,19
3,2,2,43,0,19.0,9
3,2,2,44,0,9.0,3
3,2,2,45,0,3.0,16
3,2,2,46,0,16.0,12
3,2,2,47,0,12.0,10
3,2,2,48,0,10.0,14
3,2,2,49,0,14.0,12
3,2,2,50,1,12.0,9
3,2,2,51,1,9.0,4
3,2,2,52,1,4.0,8
3,2,2,1,1,8.0,11
3,2,2,2,0,11.0,10
3,2,2,3,0,10.0,18
3,2,2,4,0,18.0,12
3,2,2,5,0,12.0,12
3,2,2,6,0,12.0,6
3,2,2,7,1,6.0,24
3,2,2,8,0,24.0,13
3,2,2,9,1,13.0,116
3,2,2,10,1,116.0,71
3,2,2,11,1,71.0,69
3,2,2,12,1,69.0,235
3,2,2,13,1,235.0,86
3,2,2,14,0,86.0,5
3,2,2,15,0,5.0,3
3,2,2,16,0,3.0,24
3,2,2,17,0,24.0,9
3,2,2,18,0,9.0,8
3,2,2,19,0,8.0,23
3,2,2,20,0,23.0,13
3,2,2,21,0,13.0,16
3,2,2,22,0,16.0,11
3,2,2,23,0,11.0,13
3,2,2,24,0,13.0,11
3,2,2,25,0,11.0,8
3,2,2,26,0,8.0,8
3,2,2,27,0,8.0,5
3,2,2,28,0,5.0,12
3,2,2,29,0,12.0,15
3,2,2,30,1,15.0,7
3,2,2,31,1,7.0,23
3,2,2,32,0,23.0,13
3,2,2,33,0,13.0,20
3,2,2,34,0,20.0,15
3,2,2,35,0,15.0,9
3,2,2,36,0,9.0,11
3,2,2,37,0,11.0,9
3,2,2,38,0,9.0,10
3,2,2,39,0,10.0,8
3,2,2,40,0,8.0,22
3,2,2,41,0,22.0,13
3,2,2,42,0,13.0,12
3,2,2,43,0,12.0,7
3,2,2,44,0,7.0,12
3,2,2,45,0,12.0,18
3,2,2,46,0,18.0,14
3,2,2,47,0,14.0,22
3,2,2,48,0,22.0,23
3,2,2,49,0,23.0,14
3,2,2,50,1,14.0,10
3,2,2,51,1,10.0,7
3,2,2,52,1,7.0,8
3,2,2,1,1,8.0,23
3,2,2,2,0,23.0,9
3,2,2,3,0,9.0,9
3,2,2,4,0,9.0,9
3,2,2,5,0,9.0,7
3,2,2,6,0,7.0,6
3,2,2,7,1,6.0,11
3,2,2,8,1,11.0,11
3,2,2,9,0,11.0,10
3,2,2,10,1,10.0,128
3,2,2,11,1,128.0,92
3,2,2,12,1,92.0,94
3,2,2,13,1,94.0,168
3,2,2,14,1,168.0,77
3,2,2,15,0,77.0,2
3,2,2,16,0,2.0,13
3,2,2,17,0,13.0,10
3,2,2,18,0,10.0,6
3,2,2,19,0,6.0,4
3,2,2,20,0,4.0,11
3,2,2,21,0,11.0,11
3,2,2,22,0,11.0,14
3,2,2,23,0,14.0,6
3,2,2,24,0,6.0,2
3,2,2,25,0,2.0,13
3,2,2,26,0,13.0,6
3,2,2,27,0,6.0,14
3,2,2,28,0,14.0,10
3,2,2,29,0,10.0,13
3,2,2,30,1,13.0,12
3,2,2,31,1,12.0,5
3,2,2,32,0,5.0,12
3,2,2,33,0,12.0,7
3,2,2,34,0,7.0,6
3,2,2,35,0,6.0,16
3,2,2,36,0,16.0,7
3,2,2,37,0,7.0,1
3,2,2,38,0,1.0,14
3,2,2,39,0,14.0,18
3,2,2,40,0,18.0,11
3,2,2,41,0,11.0,9
3,2,2,42,0,9.0,10
3,2,2,43,0,10.0,4
3,2,2,44,0,4.0,10
3,2,2,45,0,10.0,3
3,2,2,46,0,3.0,15
3,2,2,47,0,15.0,7
3,2,2,48,0,7.0,8
3,2,2,49,0,8.0,6
3,2,2,50,0,6.0,8
3,2,2,51,1,8.0,12
3,2,2,52,1,12.0,11
3,2,2,53,1,11.0,13
3,2,2,1,1,13.0,19
3,2,2,2,0,19.0,11
3,2,2,3,0,11.0,2
3,2,2,4,0,2.0,10
3,2,2,5,0,10.0,13
3,2,2,6,1,13.0,16
3,2,2,7,1,16.0,15
3,2,2,8,0,15.0,15
3,2,2,9,1,15.0,154
3,2,2,10,1,154.0,171
3,2,2,11,1,171.0,51
3,2,2,12,1,51.0,174
3,2,2,13,1,174.0,41
3,2,2,14,0,41.0,18
3,2,2,15,0,18.0,22
3,2,2,16,0,22.0,14
3,2,2,17,0,14.0,16
3,2,2,18,0,16.0,7
3,2,2,19,0,7.0,8
3,2,2,20,0,8.0,14
3,2,2,21,0,14.0,4
3,2,2,22,0,4.0,13
3,2,2,23,0,13.0,12
3,2,2,24,0,12.0,15
3,2,2,25,0,15.0,8
3,2,2,26,0,8.0,9
3,2,2,27,0,9.0,13
3,2,2,28,0,13.0,10
3,2,2,29,0,10.0,3
3,2,2,30,1,3.0,9
3,2,2,31,0,9.0,13
3,2,2,32,0,13.0,13
3,2,2,33,0,13.0,7
3,2,2,34,0,7.0,10
3,2,2,35,0,10.0,10
3,2,2,36,0,10.0,18
3,2,2,37,0,18.0,14
3,2,2,38,0,14.0,5
3,2,2,39,0,5.0,13
3,2,2,40,0,13.0,12
3,2,2,41,0,12.0,8
3,2,2,42,0,8.0,3
3,2,2,43,0,3.0,13
3,2,2,44,0,13.0,6
3,2,2,45,0,6.0,15
3,2,2,46,0,15.0,12
3,2,2,47,0,12.0,11
3,2,2,48,0,11.0,5
3,2,2,49,0,5.0,8
3,2,2,50,1,8.0,5
3,2,2,51,1,5.0,17
3,2,2,52,1,17.0,12
3,2,2,1,1,12.0,6
3,2,2,2,0,6.0,18
3,2,2,3,0,18.0,5
3,2,2,4,0,5.0,10
3,2,2,5,0,10.0,4
3,2,2,6,1,4.0,5
3,2,2,7,1,5.0,4
3,2,2,8,0,4.0,13
3,2,2,9,1,13.0,192
3,2,2,10,1,192.0,127
3,2,2,11,1,127.0,150
3,2,2,12,1,150.0,210
3,2,2,13,1,210.0,73
3,2,2,14,0,73.0,12
3,2,2,15,0,12.0,5
3,2,2,16,0,5.0,6
3,2,2,17,0,6.0,11
3,2,2,18,0,11.0,5
3,2,2,19,0,5.0,6
3,2,2,20,0,6.0,7
3,2,2,21,0,7.0,5
3,2,2,22,0,5.0,10
3,2,2,23,0,10.0,8
3,2,2,24,0,8.0,8
3,2,2,25,0,8.0,5
3,2,2,26,0,5.0,11
3,2,2,27,0,11.0,11
3,2,2,28,0,11.0,11
3,2,2,29,1,11.0,8
3,2,2,30,1,8.0,5
3,2,2,31,0,5.0,7
3,2,2,32,0,7.0,2
3,2,2,33,0,2.0,12
3,2,2,34,0,12.0,16
3,2,2,35,0,16.0,17
3,2,2,36,0,17.0,17
3,2,2,37,0,17.0,15
3,2,2,38,0,15.0,19
3,2,2,39,0,19.0,8
3,2,2,40,0,8.0,16
3,2,2,41,0,16.0,5
3,2,2,42,0,5.0,18
3,2,2,43,0,18.0,10
3,2,2,44,0,10.0,12
3,2,2,45,0,12.0,11
3,2,2,46,0,11.0,7
3,2,2,47,0,7.0,7
3,2,2,48,0,7.0,9
3,2,2,49,0,9.0,11
3,2,2,50,1,11.0,11
3,2,2,52,1,11.0,9
3,2,2,1,1,9.0,14
3,2,2,3,0,14.0,11
3,2,2,4,0,11.0,21
3,2,2,5,0,21.0,25
3,2,2,6,1,25.0,6
3,2,2,7,1,6.0,9
3,2,2,8,0,9.0,11
3,2,2,9,1,11.0,85
3,2,2,10,1,85.0,73
3,2,2,11,1,73.0,131
3,2,2,12,1,131.0,155
3,2,2,13,1,155.0,96
3,2,2,14,0,96.0,13
3,2,2,15,0,13.0,14
3,2,2,16,0,14.0,1
3,2,2,17,0,1.0,7
3,2,2,18,0,7.0,15
3,2,2,19,0,15.0,11
3,2,2,20,0,11.0,1
3,2,2,21,0,1.0,1
3,2,2,22,0,1.0,14
3,2,2,23,0,14.0,4
3,2,2,24,0,4.0,6
3,2,2,25,0,6.0,5
3,2,2,26,0,5.0,11
3,2,2,27,0,11.0,19
3,2,2,28,0,19.0,20
3,2,2,29,1,20.0,14
3,2,2,30,1,14.0,3
3,2,2,31,0,3.0,13
3,2,2,32,0,13.0,10
3,2,2,33,0,10.0,10
3,2,2,34,0,10.0,15
3,2,2,35,0,15.0,18
3,2,2,36,0,18.0,13
3,2,2,37,0,13.0,13
3,2,2,38,0,13.0,10
3,2,2,39,0,10.0,9
3,2,2,40,0,9.0,13
3,2,2,41,0,13.0,16
3,2,2,42,0,16.0,10
3,2,2,43,0,10.0,12
3,2,2,44,0,12.0,9
3,2,2,45,0,9.0,10
3,2,2,46,0,10.0,15
3,2,2,47,0,15.0,13
3,2,2,48,0,13.0,12
3,2,2,49,0,12.0,7
3,2,2,50,1,7.0,5
3,2,2,51,1,5.0,13
3,2,2,52,1,13.0,12
3,2,2,1,1,12.0,7
3,2,2,2,0,7.0,3
3,2,2,3,0,3.0,8
3,2,2,4,0,8.0,22
3,2,2,5,0,22.0,10
3,2,2,6,1,10.0,19
3,2,2,7,1,19.0,13
3,2,2,8,0,13.0,5
3,2,2,9,1,5.0,88
3,2,2,10,1,88.0,97
3,2,2,11,1,97.0,133
3,2,2,12,1,133.0,76
3,2,2,13,1,76.0,135
3,2,2,14,0,135.0,6
3,2,2,15,0,6.0,6
3,2,2,16,0,6.0,5
3,2,2,17,0,5.0,9
3,2,2,18,0,9.0,11
3,2,2,19,0,11.0,13
3,2,2,20,0,13.0,7
3,2,2,21,0,7.0,14
3,2,2,22,0,14.0,16
3,2,2,23,0,16.0,17
3,2,2,24,0,17.0,11
3,2,2,25,0,11.0,7
3,2,2,26,0,7.0,11
3,2,2,27,0,11.0,12
3,2,2,28,0,12.0,17
3,2,2,29,0,17.0,18
3,2,2,30,1,18.0,17
3,2,2,31,1,17.0,12
3,2,2,32,0,12.0,3
3,2,2,33,0,3.0,12
3,2,2,34,0,12.0,8
3,2,2,35,0,8.0,13
3,2,2,36,0,13.0,2
3,2,2,37,0,2.0,6
3,2,2,38,0,6.0,3
3,2,2,39,0,3.0,8
3,2,2,40,0,8.0,17
3,2,2,41,0,17.0,13
3,2,2,42,0,13.0,11
3,2,2,43,0,11.0,3
3,2,2,44,0,3.0,9
3,2,2,45,0,9.0,11
3,2,2,46,0,11.0,15
3,2,2,47,0,15.0,12
3,2,2,48,0,12.0,10
3,2,2,49,0,10.0,7
3,2,2,50,0,7.0,8
3,2,2,51,1,8.0,10
3,2,2,52,1,10.0,8
3,2,2,1,1,8.0,10
3,2,2,2,0,10.0,13
3,2,2,3,0,13.0,10
3,2,2,4,0,10.0,16
3,2,2,5,0,16.0,11
3,2,2,6,0,11.0,10
3,2,2,7,1,10.0,16
3,2,2,8,1,16.0,6
3,2,2,9,1,6.0,22
3,2,2,10,1,22.0,155
3,2,2,11,1,155.0,216
3,2,2,12,1,216.0,31
3,2,2,13,1,31.0,216
3,2,2,14,0,216.0,6
3,2,2,15,0,6.0,20
3,2,2,16,0,20.0,21
3,2,2,17,0,21.0,17
3,2,2,18,0,17.0,11
3,2,2,19,0,11.0,12
3,2,2,20,0,12.0,11
3,2,2,21,0,11.0,4
3,2,2,22,0,4.0,10
3,2,2,23,0,10.0,5
3,2,2,24,0,5.0,5
3,2,2,25,0,5.0,11
3,2,2,26,0,11.0,10
3,2,2,27,0,10.0,6
3,2,2,28,0,6.0,11
3,2,2,29,0,11.0,18
3,2,2,30,1,18.0,1
3,2,2,31,1,1.0,5
3,2,2,32,0,5.0,6
3,2,2,33,0,6.0,8
3,2,2,34,0,8.0,4
3,2,2,35,0,4.0,18
3,2,2,36,0,18.0,21
3,2,2,37,0,21.0,12
3,2,2,38,0,12.0,20
3,2,2,39,0,20.0,16
3,2,2,40,0,16.0,13
3,2,2,41,0,13.0,10
3,2,2,42,0,10.0,11
3,2,2,43,0,11.0,5
3,2,2,44,0,5.0,3
3,2,2,45,0,3.0,16
3,2,2,46,0,16.0,9
3,2,2,47,0,9.0,5
3,2,2,48,0,5.0,10
3,2,2,49,0,10.0,15
3,2,2,50,0,15.0,11
3,2,2,51,1,11.0,6
3,2,2,52,1,6.0,8
3,2,2,1,1,8.0,3
3,3,0,1,1,0.0,16
3,3,0,2,0,16.0,4
3,3,0,3,0,4.0,14
3,3,0,4,0,14.0,9
3,3,0,5,0,9.0,9
3,3,0,6,0,9.0,9
3,3,0,7,1,9.0,11
3,3,0,8,1,11.0,10
3,3,0,9,1,10.0,21
3,3,0,10,1,21.0,6
3,3,0,11,1,6.0,21
3,3,0,12,1,21.0,10
3,3,0,13,1,10.0,15
3,3,0,14,0,15.0,11
3,3,0,15,0,11.0,4
3,3,0,16,0,4.0,12
3,3,0,17,0,12.0,10
3,3,0,18,0,10.0,4
3,3,0,19,0,4.0,14
3,3,0,20,0,14.0,11
3,3,0,21,0,11.0,1
3,3,0,22,0,1.0,15
3,3,0,23,0,15.0,12
3,3,0,24,0,12.0,9
3,3,0,25,0,9.0,24
3,3,0,26,0,24.0,12
3,3,0,27,0,12.0,10
3,3,0,28,0,10.0,4
3,3,0,29,1,4.0,10
3,3,0,30,1,10.0,10
3,3,0,31,0,10.0,3
3,3,0,32,0,3.0,5
3,3,0,33,0,5.0,17
3,3,0,34,0,17.0,10
3,3,0,35,0,10.0,7
3,3,0,36,0,7.0,12
3,3,0,37,0,12.0,7
3,3,0,38,0,7.0,15
3,3,0,39,0,15.0,20
3,3,0,40,0,20.0,13
3,3,0,41,0,13.0,13
3,3,0,42,0,13.0,13
3,3,0,43,0,13.0,7
3,3,0,44,0,7.0,17
3,3,0,45,0,17.0,18
3,3,0,46,0,18.0,13
3,3,0,47,0,13.0,7
3,3,0,48,0,7.0,8
3,3,0,49,0,8.0,18
3,3,0,50,0,18.0,7
3,3,0,51,1,7.0,11
3,3,0,52,1,11.0,12
3,3,0,1,1,12.0,3
3,3,0,2,0,3.0,6
3,3,0,3,0,6.0,7
3,3,0,4,0,7.0,13
3,3,0,5,0,13.0,4
3,3,0,6,1,4.0,6
3,3,0,7,1,6.0,21
3,3,0,8,1,21.0,13
3,3,0,9,1,13.0,10
3,3,0,10,1,10.0,10
3,3,0,11,1,10.0,19
3,3,0,12,1,19.0,21
3,3,0,13,1,21.0,14
3,3,0,14,0,14.0,9
3,3,0,15,0,9.0,11
3,3,0,16,0,11.0,20
3,3,0,17,0,20.0,12
3,3,0,18,0,12.0,12
3,3,0,19,0,12.0,12
3,3,0,20,0,12.0,7
3,3,0,21,0,7.0,5
3,3,0,22,0,5.0,8
3,3,0,23,0,8.0,7
3,3,0,24,0,7.0,8
3,3,0,25,0,8.0,16
3,3,0,26,0,16.0,4
3,3,0,27,0,4.0,8
3,3,0,28,0,8.0,14
3,3,0,29,0,14.0,12
3,3,0,30,1,12.0,15
3,3,0,31,1,15.0,11
3,3,0,32,0,11.0,18
3,3,0,33,0,18.0,11
3,3,0,34,0,11.0,10
3,3,0,35,0,10.0,4
3,3,0,36,0,4.0,7
3,3,0,37,0,7.0,9
3,3,0,38,0,9.0,11
3,3,0,39,0,11.0,13
3,3,0,40,0,13.0,11
3,3,0,41,0,11.0,2
3,3,0,42,0,2.0,8
3,3,0,43,0,8.0,8
3,3,0,44,0,8.0,18
3,3,0,45,0,18.0,12
3,3,0,46,0,12.0,9
3,3,0,47,0,9.0,20
3,3,0,48,0,20.0,9
3,3,0,49,0,9.0,8
3,3,0,50,1,8.0,19
3,3,0,51,1,19.0,9
3,3,0,52,1,9.0,7
3,3,0,1,1,7.0,10
3,3,0,2,0,10.0,11
3,3,0,3,0,11.0,16
3,3,0,4,0,16.0,8
3,3,0,5,0,8.0,8
3,3,0,6,0,8.0,9
3,3,0,7,1,9.0,11
3,3,0,8,1,11.0,8
3,3,0,9,0,8.0,11
3,3,0,10,1,11.0,15
3,3,0,11,1,15.0,6
3,3,0,12,1,6.0,5
3,3,0,13,1,5.0,8
3,3,0,14,1,8.0,14
3,3,0,15,0,14.0,3
3,3,0,16,0,3.0,5
3,3,0,17,0,5.0,13
3,3,0,18,0,13.0,11
3,3,0,19,0,11.0,7
3,3,0,20,0,7.0,8
3,3,0,21,0,8.0,8
3,3,0,22,0,8.0,17
3,3,0,23,0,17.0,12
3,3,0,24,0,12.0,9
3,3,0,25,0,9.0,3
3,3,0,26,0,3.0,5
3,3,0,27,0,5.0,2
3,3,0,28,0,2.0,9
3,3,0,29,0,9.0,12
3,3,0,30,1,12.0,6
3,3,0,31,1,6.0,6
3,3,0,32,0,6.0,15
3,3,0,33,0,15.0,9
3,3,0,34,0,9.0,13
3,3,0,35,0,13.0,14
3,3,0,36,0,14.0,9
3,3,0,37,0,9.0,6
3,3,0,38,0,6.0,10
3,3,0,39,0,10.0,16
3,3,0,40,0,16.0,21
3,3,0,42,0,21.0,26
3,3,0,43,0,26.0,14
3,3,0,44,0,14.0,15
3,3,0,45,0,15.0,10
3,3,0,46,0,10.0,18
3,3,0,47,0,18.0,7
3,3,0,48,0,7.0,4
3,3,0,49,0,4.0,6
3,3,0,50,0,6.0,12
3,3,0,51,1,12.0,7
3,3,0,52,1,7.0,13
3,3,0,53,1,13.0,11
3,3,0,1,1,11.0,5
3,3,0,2,0,5.0,9
3,3,0,3,0,9.0,22
3,3,0,4,0,22.0,16
3,3,0,5,0,16.0,18
3,3,0,6,1,18.0,11
3,3,0,7,1,11.0,7
3,3,0,8,0,7.0,5
3,3,0,9,1,5.0,17
3,3,0,10,1,17.0,3
3,3,0,11,1,3.0,12
3,3,0,12,1,12.0,16
3,3,0,13,1,16.0,15
3,3,0,14,0,15.0,13
3,3,0,15,0,13.0,13
3,3,0,16,0,13.0,6
3,3,0,17,0,6.0,12
3,3,0,18,0,12.0,7
3,3,0,19,0,7.0,11
3,3,0,20,0,11.0,12
3,3,0,21,0,12.0,9
3,3,0,22,0,9.0,7
3,3,0,23,0,7.0,13
3,3,0,24,0,13.0,16
3,3,0,25,0,16.0,7
3,3,0,26,0,7.0,6
3,3,0,27,0,6.0,16
3,3,0,28,0,16.0,9
3,3,0,29,1,9.0,12
3,3,0,30,1,12.0,13
3,3,0,31,0,13.0,16
3,3,0,32,0,16.0,8
3,3,0,33,0,8.0,9
3,3,0,34,0,9.0,17
3,3,0,35,0,17.0,6
3,3,0,36,0,6.0,7
3,3,0,37,0,7.0,3
3,3,0,38,0,3.0,6
3,3,0,39,0,6.0,11
3,3,0,40,0,11.0,11
3,3,0,41,0,11.0,8
3,3,0,42,0,8.0,10
3,3,0,43,0,10.0,8
3,3,0,44,0,8.0,10
3,3,0,45,0,10.0,4
3,3,0,46,0,4.0,6
3,3,0,47,0,6.0,9
3,3,0,48,0,9.0,8
3,3,0,49,0,8.0,19
3,3,0,50,1,19.0,14
3,3,0,51,1,14.0,2
3,3,0,52,1,2.0,13
3,3,0,1,1,13.0,7
3,3,0,2,0,7.0,11
3,3,0,3,0,11.0,11
3,3,0,4,0,11.0,5
3,3,0,5,0,5.0,4
3,3,0,6,1,4.0,12
3,3,0,7,1,12.0,20
3,3,0,8,0,20.0,5
3,3,0,9,1,5.0,13
3,3,0,10,1,13.0,12
3,3,0,11,1,12.0,14
3,3,0,12,1,14.0,9
3,3,0,13,1,9.0,11
3,3,0,14,0,11.0,3
3,3,0,15,0,3.0,15
3,3,0,16,0,15.0,15
3,3,0,17,0,15.0,5
3,3,0,18,0,5.0,13
3,3,0,19,0,13.0,1
3,3,0,20,0,1.0,18
3,3,0,21,0,18.0,11
3,3,0,22,0,11.0,8
3,3,0,23,0,8.0,8
3,3,0,24,0,8.0,6
3,3,0,25,0,6.0,12
3,3,0,26,0,12.0,14
3,3,0,27,0,14.0,9
3,3,0,28,0,9.0,21
3,3,0,29,1,21.0,12
3,3,0,30,1,12.0,2
3,3,0,31,0,2.0,8
3,3,0,32,0,8.0,8
3,3,0,33,0,8.0,10
3,3,0,34,0,10.0,6
3,3,0,35,0,6.0,8
3,3,0,36,0,8.0,4
3,3,0,37,0,4.0,9
3,3,0,38,0,9.0,4
3,3,0,39,0,4.0,9
3,3,0,40,0,9.0,4
3,3,0,41,0,4.0,9
3,3,0,42,0,9.0,12
3,3,0,43,0,12.0,20
3,3,0,44,0,20.0,10
3,3,0,45,0,10.0,7
3,3,0,46,0,7.0,2
3,3,0,47,0,2.0,9
3,3,0,48,0,9.0,22
3,3,0,49,0,22.0,10
3,3,0,50,1,10.0,10
3,3,0,51,1,10.0,3
3,3,0,52,1,3.0,13
3,3,0,1,1,13.0,6
3,3,0,2,0,6.0,18
3,3,0,3,0,18.0,3
3,3,0,4,0,3.0,9
3,3,0,5,0,9.0,1
3,3,0,6,1,1.0,4
3,3,0,7,1,4.0,3
3,3,0,8,1,3.0,8
3,3,0,9,1,8.0,12
3,3,0,10,1,12.0,6
3,3,0,11,1,6.0,13
3,3,0,12,1,13.0,16
3,3,0,13,1,16.0,8
3,3,0,14,0,8.0,10
3,3,0,15,0,10.0,13
3,3,0,16,0,13.0,14
3,3,0,17,0,14.0,13
3,3,0,18,0,13.0,12
3,3,0,19,0,12.0,17
3,3,0,20,0,17.0,13
3,3,0,21,0,13.0,11
3,3,0,22,0,11.0,17
3,3,0,23,0,17.0,6
3,3,0,24,0,6.0,9
3,3,0,25,0,9.0,21
3,3,0,26,0,21.0,7
3,3,0,27,0,7.0,14
3,3,0,28,0,14.0,18
3,3,0,29,0,18.0,7
3,3,0,30,1,7.0,10
3,3,0,31,0,10.0,14
3,3,0,32,0,14.0,14
3,3,0,33,0,14.0,12
3,3,0,34,0,12.0,11
3,3,0,35,0,11.0,12
3,3,0,36,0,12.0,17
3,3,0,37,0,17.0,18
3,3,0,38,0,18.0,17
3,3,0,39,0,17.0,8
3,3,0,40,0,8.0,4
3,3,0,41,0,4.0,7
3,3,0,42,0,7.0,9
3,3,0,43,0,9.0,1
3,3,0,44,0,1.0,7
3,3,0,45,0,7.0,16
3,3,0,46,0,16.0,8
3,3,0,47,0,8.0,10
3,3,0,48,0,10.0,7
3,3,0,49,0,7.0,9
3,3,0,50,1,9.0,12
3,3,0,51,1,12.0,13
3,3,0,52,1,13.0,12
3,3,0,1,0,12.0,1
3,3,0,2,0,1.0,14
3,3,0,3,0,14.0,24
3,3,0,4,0,24.0,11
3,3,0,5,0,11.0,8
3,3,0,6,0,8.0,2
3,3,0,7,1,2.0,15
3,3,0,8,1,15.0,15
3,3,0,9,1,15.0,6
3,3,0,10,1,6.0,6
3,3,0,11,1,6.0,8
3,3,0,12,1,8.0,9
3,3,0,13,1,9.0,10
3,3,0,14,0,10.0,6
3,3,0,15,0,6.0,15
3,3,0,16,0,15.0,15
3,3,0,17,0,15.0,21
3,3,0,18,0,21.0,17
3,3,0,19,0,17.0,12
3,3,0,20,0,12.0,8
3,3,0,21,0,8.0,13
3,3,0,22,0,13.0,13
3,3,0,23,0,13.0,6
3,3,0,24,0,6.0,14
3,3,0,25,0,14.0,8
3,3,0,26,0,8.0,9
3,3,0,27,0,9.0,15
3,3,0,28,0,15.0,11
3,3,0,29,0,11.0,16
3,3,0,30,1,16.0,6
3,3,0,31,1,6.0,9
3,3,0,32,0,9.0,4
3,3,0,33,0,4.0,6
3,3,0,34,0,6.0,7
3,3,0,35,0,7.0,20
3,3,0,36,0,20.0,21
3,3,0,37,0,21.0,11
3,3,0,38,0,11.0,7
3,3,0,39,0,7.0,9
3,3,0,40,0,9.0,4
3,3,0,41,0,4.0,15
3,3,0,42,0,15.0,8
3,3,0,43,0,8.0,5
3,3,0,44,0,5.0,7
3,3,0,45,0,7.0,10
3,3,0,46,0,10.0,7
3,3,0,47,0,7.0,10
3,3,0,48,0,10.0,8
3,3,0,49,0,8.0,9
3,3,0,50,1,9.0,10
3,3,0,51,1,10.0,8
3,3,0,52,1,8.0,5
3,3,0,1,1,5.0,5
3,3,0,2,0,5.0,4
3,3,0,3,0,4.0,11
3,3,0,4,0,11.0,3
3,3,0,5,0,3.0,15
3,3,0,6,0,15.0,11
3,3,0,7,1,11.0,13
3,3,0,8,1,13.0,9
3,3,0,9,1,9.0,13
3,3,0,10,1,13.0,8
3,3,0,11,1,8.0,4
3,3,0,12,1,4.0,22
3,3,0,13,1,22.0,4
3,3,0,14,1,4.0,7
3,3,0,15,0,7.0,11
3,3,0,16,0,11.0,22
3,3,0,17,0,22.0,8
3,3,0,18,0,8.0,14
3,3,0,19,0,14.0,7
3,3,0,20,0,7.0,10
3,3,0,21,0,10.0,17
3,3,0,22,0,17.0,13
3,3,0,23,0,13.0,20
3,3,0,24,0,20.0,7
3,3,0,25,0,7.0,3
3,3,0,26,0,3.0,22
3,3,0,27,0,22.0,2
3,3,0,28,0,2.0,16
3,3,0,29,0,16.0,4
3,3,0,30,1,4.0,2
3,3,0,31,1,2.0,7
3,3,0,32,0,7.0,10
3,3,0,33,0,10.0,11
3,3,0,34,0,11.0,8
3,3,0,35,0,8.0,10
3,3,0,36,0,10.0,5
3,3,0,37,0,5.0,11
3,3,0,38,0,11.0,8
3,3,0,39,0,8.0,13
3,3,0,40,0,13.0,8
3,3,0,41,0,8.0,11
3,3,0,42,0,11.0,12
3,3,0,43,0,12.0,9
3,3,0,44,0,9.0,7
3,3,0,45,0,7.0,9
3,3,0,46,0,9.0,7
3,3,0,47,0,7.0,12
3,3,0,48,0,12.0,14
3,3,0,49,0,14.0,4
3,3,0,50,0,4.0,4
3,3,0,51,1,4.0,16
3,3,0,52,1,16.0,5
3,3,0,1,1,5.0,1
3,3,1,1,1,0.0,16
3,3,1,2,0,16.0,3
3,3,1,3,0,3.0,13
3,3,1,4,0,13.0,5
3,3,1,5,0,5.0,9
3,3,1,6,1,9.0,12
3,3,1,7,1,12.0,11
3,3,1,8,0,11.0,5
3,3,1,9,1,5.0,10
3,3,1,10,1,10.0,11
3,3,1,11,1,11.0,4
3,3,1,12,1,4.0,9
3,3,1,13,1,9.0,11
3,3,1,14,0,11.0,11
3,3,1,15,0,11.0,11
3,3,1,16,0,11.0,25
3,3,1,17,0,25.0,8
3,3,1,18,0,8.0,19
3,3,1,19,0,19.0,12
3,3,1,20,0,12.0,18
3,3,1,21,0,18.0,14
3,3,1,22,0,14.0,15
3,3,1,23,0,15.0,10
3,3,1,24,0,10.0,10
3,3,1,25,0,10.0,11
3,3,1,26,0,11.0,14
3,3,1,27,0,14.0,12
3,3,1,28,0,12.0,7
3,3,1,29,0,7.0,12
3,3,1,30,1,12.0,8
3,3,1,32,0,8.0,8
3,3,1,33,0,8.0,7
3,3,1,34,0,7.0,13
3,3,1,35,0,13.0,14
3,3,1,36,0,14.0,9
3,3,1,37,0,9.0,8
3,3,1,38,0,8.0,13
3,3,1,39,0,13.0,7
3,3,1,40,0,7.0,12
3,3,1,41,0,12.0,3
3,3,1,42,0,3.0,11
3,3,1,43,0,11.0,9
3,3,1,44,0,9.0,2
3,3,1,45,0,2.0,17
3,3,1,46,0,17.0,7
3,3,1,47,0,7.0,12
3,3,1,48,0,12.0,11
3,3,1,50,1,11.0,17
3,3,1,51,1,17.0,12
3,3,1,52,1,12.0,5
3,3,1,1,1,5.0,8
3,3,1,2,0,8.0,11
3,3,1,3,0,11.0,10
3,3,1,4,0,10.0,3
3,3,1,5,0,3.0,15
3,3,1,6,0,15.0,12
3,3,1,7,1,12.0,14
3,3,1,8,1,14.0,8
3,3,1,9,1,8.0,20
3,3,1,10,1,20.0,10
3,3,1,11,1,10.0,15
3,3,1,12,1,15.0,13
3,3,1,13,1,13.0,8
3,3,1,14,0,8.0,11
3,3,1,15,0,11.0,6
3,3,1,16,0,6.0,12
3,3,1,17,0,12.0,14
3,3,1,18,0,14.0,7
3,3,1,19,0,7.0,10
3,3,1,20,0,10.0,7
3,3,1,21,0,7.0,18
3,3,1,22,0,18.0,9
3,3,1,23,0,9.0,13
3,3,1,24,0,13.0,11
3,3,1,25,0,11.0,11
3,3,1,26,0,11.0,16
3,3,1,27,0,16.0,18
3,3,1,28,0,18.0,12
3,3,1,29,0,12.0,12
3,3,1,30,1,12.0,13
3,3,1,31,1,13.0,10
3,3,1,32,0,10.0,15
3,3,1,33,0,15.0,7
3,3,1,34,0,7.0,15
3,3,1,35,0,15.0,13
3,3,1,36,0,13.0,11
3,3,1,37,0,11.0,13
3,3,1,38,0,13.0,12
3,3,1,40,0,12.0,6
3,3,1,41,0,6.0,7
3,3,1,42,0,7.0,7
3,3,1,43,0,7.0,11
3,3,1,44,0,11.0,6
3,3,1,45,0,6.0,13
3,3,1,46,0,13.0,13
3,3,1,47,0,13.0,9
3,3,1,48,0,9.0,10
3,3,1,49,0,10.0,5
3,3,1,50,1,5.0,3
3,3,1,51,1,3.0,23
3,3,1,52,1,23.0,9
3,3,1,1,1,9.0,14
3,3,1,2,0,14.0,6
3,3,1,3,0,6.0,18
3,3,1,4,0,18.0,14
3,3,1,5,0,14.0,13
3,3,1,6,0,13.0,7
3,3,1,7,1,7.0,20
3,3,1,8,1,20.0,16
3,3,1,9,0,16.0,8
3,3,1,10,1,8.0,16
3,3,1,11,1,16.0,13
3,3,1,12,1,13.0,3
3,3,1,13,1,3.0,10
3,3,1,14,0,10.0,13
3,3,1,15,0,13.0,12
3,3,1,16,0,12.0,14
3,3,1,17,0,14.0,9
3,3,1,18,0,9.0,13
3,3,1,19,0,13.0,11
3,3,1,20,0,11.0,14
3,3,1,21,0,14.0,10
3,3,1,22,0,10.0,6
3,3,1,23,0,6.0,8
3,3,1,24,0,8.0,17
3,3,1,25,0,17.0,16
3,3,1,26,0,16.0,9
3,3,1,27,0,9.0,6
3,3,1,28,0,6.0,10
3,3,1,29,0,10.0,10
3,3,1,30,1,10.0,7
3,3,1,31,1,7.0,15
3,3,1,32,0,15.0,12
3,3,1,33,0,12.0,5
3,3,1,34,0,5.0,15
3,3,1,35,0,15.0,9
3,3,1,36,0,9.0,8
3,3,1,37,0,8.0,18
3,3,1,38,0,18.0,8
3,3,1,39,0,8.0,10
3,3,1,40,0,10.0,17
3,3,1,41,0,17.0,6
3,3,1,42,0,6.0,16
3,3,1,43,0,16.0,11
3,3,1,44,0,11.0,13
3,3,1,45,0,13.0,8
3,3,1,46,0,8.0,8
3,3,1,47,0,8.0,9
3,3,1,48,0,9.0,14
3,3,1,49,0,14.0,21
3,3,1,50,0,21.0,14
3,3,1,51,1,14.0,3
3,3,1,52,1,3.0,8
3,3,1,53,1,8.0,6
3,3,1,1,1,6.0,12
3,3,1,2,0,12.0,11
3,3,1,3,0,11.0,7
3,3,1,4,0,7.0,12
3,3,1,5,0,12.0,8
3,3,1,6,1,8.0,10
3,3,1,7,1,10.0,15
3,3,1,8,0,15.0,12
3,3,1,9,1,12.0,15
3,3,1,10,1,15.0,19
3,3,1,11,1,19.0,11
3,3,1,12,1,11.0,2
3,3,1,13,0,2.0,1
3,3,1,14,0,1.0,13
3,3,1,15,0,13.0,13
3,3,1,17,0,13.0,8
3,3,1,18,0,8.0,10
3,3,1,19,0,10.0,9
3,3,1,20,0,9.0,7
3,3,1,21,0,7.0,10
3,3,1,22,0,10.0,4
3,3,1,23,0,4.0,5
3,3,1,24,0,5.0,14
3,3,1,25,0,14.0,10
3,3,1,26,0,10.0,13
3,3,1,27,0,13.0,8
3,3,1,28,0,8.0,7
3,3,1,29,1,7.0,5
3,3,1,30,1,5.0,11
3,3,1,31,0,11.0,10
3,3,1,32,0,10.0,9
3,3,1,33,0,9.0,7
3,3,1,34,0,7.0,11
3,3,1,35,0,11.0,6
3,3,1,36,0,6.0,23
3,3,1,37,0,23.0,10
3,3,1,38,0,10.0,8
3,3,1,39,0,8.0,16
3,3,1,40,0,16.0,13
3,3,1,41,0,13.0,10
3,3,1,42,0,10.0,11
3,3,1,43,0,11.0,11
3,3,1,44,0,11.0,9
3,3,1,45,0,9.0,4
3,3,1,46,0,4.0,9
3,3,1,47,0,9.0,11
3,3,1,48,0,11.0,2
3,3,1,49,0,2.0,11
3,3,1,50,1,11.0,13
3,3,1,51,1,13.0,10
3,3,1,52,1,10.0,6
3,3,1,1,1,6.0,9
3,3,1,2,0,9.0,6
3,3,1,3,0,6.0,3
3,3,1,4,0,3.0,10
3,3,1,5,0,10.0,4
3,3,1,6,1,4.0,22
3,3,1,7,1,22.0,8
3,3,1,8,0,8.0,18
3,3,1,9,1,18.0,8
3,3,1,10,1,8.0,3
3,3,1,11,1,3.0,9
3,3,1,12,1,9.0,6
3,3,1,13,1,6.0,10
3,3,1,14,0,10.0,9
3,3,1,15,0,9.0,12
3,3,1,16,0,12.0,8
3,3,1,17,0,8.0,10
3,3,1,18,0,10.0,15
3,3,1,19,0,15.0,5
3,3,1,20,0,5.0,9
3,3,1,21,0,9.0,5
3,3,1,22,0,5.0,18
3,3,1,23,0,18.0,11
3,3,1,24,0,11.0,8
3,3,1,25,0,8.0,7
3,3,1,26,0,7.0,7
3,3,1,27,0,7.0,5
3,3,1,28,0,5.0,5
3,3,1,29,1,5.0,13
3,3,1,30,1,13.0,7
3,3,1,31,0,7.0,17
3,3,1,32,0,17.0,13
3,3,1,33,0,13.0,10
3,3,1,34,0,10.0,10
3,3,1,35,0,10.0,14
3,3,1,36,0,14.0,5
3,3,1,37,0,5.0,15
3,3,1,38,0,15.0,12
3,3,1,39,0,12.0,8
3,3,1,40,0,8.0,8
3,3,1,41,0,8.0,8
3,3,1,42,0,8.0,10
3,3,1,43,0,10.0,5
3,3,1,44,0,5.0,8
3,3,1,45,0,8.0,15
3,3,1,46,0,15.0,14
3,3,1,47,0,14.0,16
3,3,1,48,0,16.0,13
3,3,1,49,0,13.0,15
3,3,1,50,1,15.0,3
3,3,1,51,1,3.0,12
3,3,1,52,1,12.0,19
3,3,1,1,1,19.0,6
3,3,1,2,0,6.0,17
3,3,1,3,0,17.0,3
3,3,1,4,0,3.0,17
3,3,1,5,0,17.0,9
3,3,1,6,1,9.0,11
3,3,1,7,1,11.0,6
3,3,1,8,1,6.0,12
3,3,1,9,1,12.0,28
3,3,1,10,1,28.0,9
3,3,1,11,1,9.0,15
3,3,1,12,1,15.0,10
3,3,1,13,1,10.0,8
3,3,1,14,0,8.0,6
3,3,1,15,0,6.0,17
3,3,1,16,0,17.0,9
3,3,1,17,0,9.0,14
3,3,1,18,0,14.0,5
3,3,1,19,0,5.0,7
3,3,1,20,0,7.0,11
3,3,1,21,0,11.0,11
3,3,1,22,0,11.0,17
3,3,1,23,0,17.0,6
3,3,1,24,0,6.0,7
3,3,1,25,0,7.0,13
3,3,1,26,0,13.0,3
3,3,1,27,0,3.0,2
3,3,1,28,0,2.0,4
3,3,1,29,1,4.0,12
3,3,1,30,1,12.0,9
3,3,1,31,1,9.0,6
3,3,1,32,0,6.0,6
3,3,1,33,0,6.0,7
3,3,1,34,0,7.0,9
3,3,1,35,0,9.0,5
3,3,1,36,0,5.0,8
3,3,1,37,0,8.0,13
3,3,1,38,0,13.0,20
3,3,1,39,0,20.0,3
3,3,1,40,0,3.0,8
3,3,1,41,0,8.0,10
3,3,1,42,0,10.0,8
3,3,1,43,0,8.0,12
3,3,1,44,0,12.0,23
3,3,1,45,0,23.0,8
3,3,1,46,0,8.0,8
3,3,1,47,0,8.0,5
3,3,1,48,0,5.0,3
3,3,1,49,0,3.0,14
3,3,1,50,1,14.0,2
3,3,1,51,1,2.0,8
3,3,1,52,1,8.0,16
3,3,1,1,1,16.0,17
3,3,1,2,0,17.0,8
3,3,1,3,0,8.0,15
3,3,1,4,0,15.0,20
3,3,1,5,0,20.0,9
3,3,1,6,1,9.0,12
3,3,1,7,1,12.0,4
3,3,1,8,1,4.0,16
3,3,1,9,1,16.0,15
3,3,1,10,1,15.0,14
3,3,1,11,1,14.0,10
3,3,1,12,1,10.0,7
3,3,1,13,1,7.0,8
3,3,1,14,0,8.0,11
3,3,1,15,0,11.0,9
3,3,1,16,0,9.0,17
3,3,1,17,0,17.0,14
3,3,1,18,0,14.0,6
3,3,1,19,0,6.0,5
3,3,1,20,0,5.0,18
3,3,1,21,0,18.0,24
3,3,1,22,0,24.0,20
3,3,1,23,0,20.0,13
3,3,1,24,0,13.0,13
3,3,1,25,0,13.0,12
3,3,1,26,0,12.0,28
3,3,1,27,0,28.0,15
3,3,1,28,0,15.0,4
3,3,1,29,0,4.0,16
3,3,1,30,1,16.0,5
3,3,1,31,1,5.0,8
3,3,1,32,0,8.0,16
3,3,1,33,0,16.0,8
3,3,1,34,0,8.0,17
3,3,1,35,0,17.0,1
3,3,1,36,0,1.0,6
3,3,1,37,0,6.0,10
3,3,1,38,0,10.0,13
3,3,1,39,0,13.0,9
3,3,1,40,0,9.0,4
3,3,1,41,0,4.0,17
3,3,1,42,0,17.0,7
3,3,1,43,0,7.0,16
3,3,1,44,0,16.0,2
3,3,1,45,0,2.0,9
3,3,1,46,0,9.0,14
3,3,1,47,0,14.0,22
3,3,1,48,0,22.0,16
3,3,1,49,0,16.0,15
3,3,1,50,1,15.0,10
3,3,1,51,1,10.0,4
3,3,1,52,1,4.0,13
3,3,1,1,1,13.0,18
3,3,1,2,0,18.0,11
3,3,1,3,0,11.0,20
3,3,1,4,0,20.0,8
3,3,1,5,0,8.0,16
3,3,1,6,0,16.0,11
3,3,1,7,1,11.0,11
3,3,1,8,1,11.0,12
3,3,1,9,1,12.0,12
3,3,1,10,1,12.0,17
3,3,1,11,1,17.0,13
3,3,1,12,1,13.0,8
3,3,1,13,1,8.0,8
3,3,1,14,0,8.0,9
3,3,1,15,0,9.0,9
3,3,1,16,0,9.0,7
3,3,1,17,0,7.0,21
3,3,1,18,0,21.0,2
3,3,1,19,0,2.0,12
3,3,1,20,0,12.0,9
3,3,1,21,0,9.0,16
3,3,1,22,0,16.0,8
3,3,1,23,0,8.0,4
3,3,1,24,0,4.0,14
3,3,1,25,0,14.0,14
3,3,1,26,0,14.0,22
3,3,1,27,0,22.0,5
3,3,1,28,0,5.0,14
3,3,1,29,0,14.0,6
3,3,1,30,1,6.0,18
3,3,1,31,1,18.0,12
3,3,1,32,0,12.0,6
3,3,1,33,0,6.0,8
3,3,1,34,0,8.0,9
3,3,1,35,0,9.0,14
3,3,1,36,0,14.0,15
3,3,1,37,0,15.0,6
3,3,1,38,0,6.0,24
3,3,1,39,0,24.0,15
3,3,1,40,0,15.0,6
3,3,1,41,0,6.0,8
3,3,1,42,0,8.0,10
3,3,1,43,0,10.0,5
3,3,1,44,0,5.0,12
3,3,1,45,0,12.0,5
3,3,1,46,0,5.0,9
3,3,1,47,0,9.0,6
3,3,1,48,0,6.0,7
3,3,1,49,0,7.0,9
3,3,1,50,0,9.0,5
3,3,1,51,1,5.0,8
3,3,1,52,1,8.0,11
3,3,2,1,1,0.0,22
3,3,2,2,0,22.0,22
3,3,2,3,0,22.0,14
3,3,2,4,0,14.0,7
3,3,2,5,0,7.0,11
3,3,2,6,1,11.0,16
3,3,2,7,1,16.0,20
3,3,2,8,1,20.0,14
3,3,2,9,1,14.0,18
3,3,2,10,1,18.0,4
3,3,2,11,1,4.0,17
3,3,2,12,1,17.0,12
3,3,2,13,1,12.0,10
3,3,2,14,0,10.0,13
3,3,2,16,0,13.0,14
3,3,2,17,0,14.0,23
3,3,2,18,0,23.0,9
3,3,2,19,0,9.0,11
3,3,2,20,0,11.0,11
3,3,2,21,0,11.0,21
3,3,2,22,0,21.0,13
3,3,2,23,0,13.0,5
3,3,2,24,0,5.0,14
3,3,2,25,0,14.0,14
3,3,2,26,0,14.0,14
3,3,2,27,0,14.0,4
3,3,2,28,0,4.0,13
3,3,2,29,0,13.0,11
3,3,2,30,1,11.0,9
3,3,2,31,1,9.0,5
3,3,2,32,0,5.0,3
3,3,2,33,0,3.0,10
3,3,2,34,0,10.0,15
3,3,2,35,0,15.0,9
3,3,2,36,0,9.0,11
3,3,2,37,0,11.0,17
3,3,2,38,0,17.0,13
3,3,2,39,0,13.0,7
3,3,2,40,0,7.0,16
3,3,2,41,0,16.0,22
3,3,2,42,0,22.0,7
3,3,2,44,0,7.0,10
3,3,2,45,0,10.0,14
3,3,2,46,0,14.0,18
3,3,2,47,0,18.0,18
3,3,2,48,0,18.0,6
3,3,2,49,0,6.0,7
3,3,2,50,1,7.0,6
3,3,2,51,1,6.0,13
3,3,2,52,1,13.0,18
3,3,2,1,1,18.0,10
3,3,2,2,0,10.0,20
3,3,2,3,0,20.0,10
3,3,2,4,0,10.0,10
3,3,2,5,0,10.0,14
3,3,2,6,0,14.0,7
3,3,2,7,1,7.0,7
3,3,2,8,1,7.0,10
3,3,2,9,1,10.0,18
3,3,2,10,1,18.0,12
3,3,2,11,1,12.0,13
3,3,2,12,1,13.0,19
3,3,2,13,1,19.0,22
3,3,2,14,0,22.0,20
3,3,2,15,0,20.0,18
3,3,2,16,0,18.0,14
3,3,2,17,0,14.0,4
3,3,2,18,0,4.0,8
3,3,2,19,0,8.0,6
3,3,2,20,0,6.0,8
3,3,2,21,0,8.0,10
3,3,2,22,0,10.0,7
3,3,2,23,0,7.0,4
3,3,2,24,0,4.0,7
3,3,2,25,0,7.0,6
3,3,2,26,0,6.0,3
3,3,2,27,0,3.0,11
3,3,2,28,0,11.0,12
3,3,2,29,0,12.0,11
3,3,2,30,1,11.0,5
3,3,2,31,0,5.0,3
3,3,2,32,0,3.0,8
3,3,2,33,0,8.0,11
3,3,2,34,0,11.0,9
3,3,2,35,0,9.0,9
3,3,2,36,0,9.0,14
3,3,2,37,0,14.0,9
3,3,2,38,0,9.0,10
3,3,2,39,0,10.0,6
3,3,2,40,0,6.0,20
3,3,2,41,0,20.0,7
3,3,2,42,0,7.0,14
3,3,2,43,0,14.0,12
3,3,2,44,0,12.0,9
3,3,2,45,0,9.0,6
3,3,2,46,0,6.0,5
3,3,2,47,0,5.0,6
3,3,2,48,0,6.0,14
3,3,2,49,0,14.0,6
3,3,2,50,0,6.0,16
3,3,2,51,1,16.0,12
3,3,2,52,1,12.0,10
3,3,2,1,1,10.0,15
3,3,2,2,0,15.0,9
3,3,2,3,0,9.0,8
3,3,2,4,0,8.0,8
3,3,2,5,0,8.0,3
3,3,2,6,0,3.0,4
3,3,2,7,1,4.0,11
3,3,2,8,1,11.0,19
3,3,2,9,0,19.0,12
3,3,2,10,1,12.0,6
3,3,2,11,1,6.0,14
3,3,2,12,1,14.0,13
3,3,2,13,1,13.0,16
3,3,2,14,1,16.0,11
3,3,2,15,0,11.0,9
3,3,2,16,0,9.0,10
3,3,2,17,0,10.0,9
3,3,2,18,0,9.0,17
3,3,2,19,0,17.0,21
3,3,2,20,0,21.0,11
3,3,2,21,0,11.0,7
3,3,2,22,0,7.0,7
3,3,2,23,0,7.0,14
3,3,2,24,0,14.0,19
3,3,2,25,0,19.0,15
3,3,2,26,0,15.0,8
3,3,2,27,0,8.0,13
3,3,2,28,0,13.0,11
3,3,2,29,0,11.0,1
3,3,2,30,1,1.0,13
3,3,2,31,1,13.0,16
3,3,2,32,0,16.0,1
3,3,2,33,0,1.0,6
3,3,2,34,0,6.0,4
3,3,2,35,0,4.0,9
3,3,2,36,0,9.0,13
3,3,2,37,0,13.0,17
3,3,2,38,0,17.0,14
3,3,2,39,0,14.0,2
3,3,2,40,0,2.0,10
3,3,2,41,0,10.0,8
3,3,2,42,0,8.0,7
3,3,2,43,0,7.0,7
3,3,2,44,0,7.0,19
3,3,2,45,0,19.0,17
3,3,2,46,0,17.0,11
3,3,2,47,0,11.0,10
3,3,2,48,0,10.0,7
3,3,2,49,0,7.0,4
3,3,2,50,0,4.0,15
3,3,2,51,1,15.0,9
3,3,2,52,1,9.0,8
3,3,2,53,1,8.0,9
3,3,2,1,1,9.0,23
3,3,2,2,0,23.0,14
3,3,2,3,0,14.0,7
3,3,2,4,0,7.0,20
3,3,2,5,0,20.0,11
3,3,2,6,1,11.0,17
3,3,2,7,1,17.0,6
3,3,2,8,0,6.0,9
3,3,2,9,1,9.0,20
3,3,2,10,1,20.0,2
3,3,2,11,1,2.0,13
3,3,2,12,1,13.0,12
3,3,2,13,1,12.0,7
3,3,2,14,0,7.0,13
3,3,2,15,0,13.0,11
3,3,2,16,0,11.0,21
3,3,2,17,0,21.0,10
3,3,2,18,0,10.0,3
3,3,2,19,0,3.0,2
3,3,2,20,0,2.0,12
3,3,2,21,0,12.0,11
3,3,2,22,0,11.0,12
3,3,2,23,0,12.0,15
3,3,2,24,0,15.0,4
3,3,2,25,0,4.0,12
3,3,2,26,0,12.0,10
3,3,2,27,0,10.0,14
3,3,2,29,1,14.0,17
3,3,2,30,1,17.0,11
3,3,2,31,0,11.0,22
3,3,2,32,0,22.0,10
3,3,2,33,0,10.0,9
3,3,2,34,0,9.0,13
3,3,2,35,0,13.0,13
3,3,2,36,0,13.0,11
3,3,2,37,0,11.0,19
3,3,2,38,0,19.0,4
3,3,2,39,0,4.0,11
3,3,2,40,0,11.0,6
3,3,2,41,0,6.0,5
3,3,2,42,0,5.0,15
3,3,2,43,0,15.0,19
3,3,2,44,0,19.0,13
3,3,2,45,0,13.0,18
3,3,2,46,0,18.0,13
3,3,2,47,0,13.0,6
3,3,2,48,0,6.0,14
3,3,2,49,0,14.0,9
3,3,2,50,1,9.0,4
3,3,2,51,1,4.0,8
3,3,2,52,1,8.0,12
3,3,2,1,1,12.0,10
3,3,2,2,0,10.0,11
3,3,2,3,0,11.0,5
3,3,2,4,0,5.0,7
3,3,2,5,0,7.0,5
3,3,2,6,1,5.0,10
3,3,2,7,1,10.0,15
3,3,2,8,0,15.0,12
3,3,2,9,1,12.0,12
3,3,2,10,1,12.0,2
3,3,2,11,1,2.0,6
3,3,2,12,1,6.0,16
3,3,2,13,1,16.0,19
3,3,2,14,0,19.0,9
3,3,2,15,0,9.0,11
3,3,2,16,0,11.0,14
3,3,2,17,0,14.0,15
3,3,2,18,0,15.0,5
3,3,2,19,0,5.0,14
3,3,2,20,0,14.0,13
3,3,2,21,0,13.0,4
3,3,2,22,0,4.0,10
3,3,2,23,0,10.0,17
3,3,2,24,0,17.0,10
3,3,2,25,0,10.0,9
3,3,2,26,0,9.0,9
3,3,2,27,0,9.0,17
3,3,2,28,0,17.0,8
3,3,2,29,1,8.0,6
3,3,2,30,1,6.0,14
3,3,2,31,0,14.0,6
3,3,2,32,0,6.0,14
3,3,2,33,0,14.0,10
3,3,2,34,0,10.0,6
3,3,2,35,0,6.0,6
3,3,2,36,0,6.0,7
3,3,2,37,0,7.0,11
3,3,2,38,0,11.0,2
3,3,2,39,0,2.0,10
3,3,2,40,0,10.0,8
3,3,2,41,0,8.0,8
3,3,2,42,0,8.0,16
3,3,2,43,0,16.0,10
3,3,2,44,0,10.0,7
3,3,2,45,0,7.0,11
3,3,2,46,0,11.0,17
3,3,2,47,0,17.0,3
3,3,2,48,0,3.0,12
3,3,2,49,0,12.0,9
3,3,2,50,1,9.0,15
3,3,2,51,1,15.0,9
3,3,2,52,1,9.0,11
3,3,2,1,1,11.0,5
3,3,2,2,0,5.0,13
3,3,2,3,0,13.0,22
3,3,2,4,0,22.0,7
3,3,2,5,0,7.0,19
3,3,2,6,1,19.0,12
3,3,2,7,1,12.0,19
3,3,2,8,0,19.0,14
3,3,2,9,1,14.0,2
3,3,2,10,1,2.0,6
3,3,2,11,1,6.0,9
3,3,2,12,1,9.0,11
3,3,2,13,1,11.0,14
3,3,2,14,0,14.0,4
3,3,2,15,0,4.0,2
3,3,2,16,0,2.0,5
3,3,2,17,0,5.0,15
3,3,2,18,0,15.0,25
3,3,2,19,0,25.0,9
3,3,2,20,0,9.0,12
3,3,2,21,0,12.0,14
3,3,2,22,0,14.0,8
3,3,2,23,0,8.0,7
3,3,2,24,0,7.0,5
3,3,2,25,0,5.0,10
3,3,2,26,0,10.0,8
3,3,2,27,0,8.0,5
3,3,2,28,0,5.0,8
3,3,2,29,1,8.0,15
3,3,2,30,1,15.0,13
3,3,2,31,1,13.0,12
3,3,2,32,0,12.0,8
3,3,2,33,0,8.0,13
3,3,2,34,0,13.0,2
3,3,2,35,0,2.0,9
3,3,2,36,0,9.0,12
3,3,2,37,0,12.0,10
3,3,2,38,0,10.0,18
3,3,2,39,0,18.0,19
3,3,2,40,0,19.0,4
3,3,2,41,0,4.0,9
3,3,2,42,0,9.0,19
3,3,2,43,0,19.0,19
3,3,2,44,0,19.0,7
3,3,2,45,0,7.0,11
3,3,2,46,0,11.0,13
3,3,2,47,0,13.0,13
3,3,2,48,0,13.0,12
3,3,2,49,0,12.0,6
3,3,2,50,1,6.0,10
3,3,2,51,1,10.0,7
3,3,2,52,1,7.0,9
3,3,2,1,1,9.0,8
3,3,2,2,0,8.0,13
3,3,2,3,0,13.0,12
3,3,2,4,0,12.0,6
3,3,2,5,0,6.0,13
3,3,2,6,1,13.0,9
3,3,2,7,1,9.0,6
3,3,2,8,0,6.0,10
3,3,2,9,1,10.0,6
3,3,2,10,1,6.0,13
3,3,2,11,1,13.0,18
3,3,2,12,1,18.0,9
3,3,2,13,1,9.0,8
3,3,2,14,0,8.0,13
3,3,2,15,0,13.0,10
3,3,2,16,0,10.0,18
3,3,2,17,0,18.0,11
3,3,2,18,0,11.0,6
3,3,2,19,0,6.0,22
3,3,2,20,0,22.0,10
3,3,2,21,0,10.0,9
3,3,2,22,0,9.0,7
3,3,2,23,0,7.0,6
3,3,2,24,0,6.0,10
3,3,2,25,0,10.0,10
3,3,2,26,0,10.0,13
3,3,2,27,0,13.0,5
3,3,2,28,0,5.0,9
3,3,2,29,0,9.0,13
3,3,2,30,1,13.0,3
3,3,2,31,1,3.0,6
3,3,2,32,0,6.0,14
3,3,2,33,0,14.0,11
3,3,2,34,0,11.0,12
3,3,2,35,0,12.0,15
3,3,2,36,0,15.0,15
3,3,2,37,0,15.0,4
3,3,2,38,0,4.0,4
3,3,2,39,0,4.0,5
3,3,2,40,0,5.0,10
3,3,2,41,0,10.0,22
3,3,2,42,0,22.0,9
3,3,2,43,0,9.0,2
3,3,2,44,0,2.0,14
3,3,2,45,0,14.0,25
3,3,2,46,0,25.0,13
3,3,2,47,0,13.0,15
3,3,2,48,0,15.0,15
3,3,2,49,0,15.0,9
3,3,2,50,1,9.0,11
3,3,2,51,1,11.0,7
3,3,2,52,1,7.0,6
3,3,2,1,1,6.0,4
3,3,2,2,0,4.0,14
3,3,2,3,0,14.0,5
3,3,2,4,0,5.0,9
3,3,2,5,0,9.0,5
3,3,2,6,0,5.0,8
3,3,2,7,1,8.0,20
3,3,2,8,1,20.0,10
3,3,2,9,1,10.0,12
3,3,2,10,1,12.0,14
3,3,2,11,1,14.0,17
3,3,2,12,1,17.0,7
3,3,2,13,1,7.0,15
3,3,2,14,1,15.0,11
3,3,2,15,0,11.0,9
3,3,2,16,0,9.0,11
3,3,2,17,0,11.0,7
3,3,2,18,0,7.0,8
3,3,2,19,0,8.0,6
3,3,2,20,0,6.0,5
3,3,2,21,0,5.0,11
3,3,2,22,0,11.0,11
3,3,2,23,0,11.0,6
3,3,2,24,0,6.0,15
3,3,2,25,0,15.0,13
3,3,2,26,0,13.0,10
3,3,2,27,0,10.0,17
3,3,2,28,0,17.0,11
3,3,2,29,0,11.0,8
3,3,2,30,1,8.0,6
3,3,2,31,1,6.0,9
3,3,2,32,0,9.0,5
3,3,2,33,0,5.0,15
3,3,2,34,0,15.0,11
3,3,2,35,0,11.0,8
3,3,2,36,0,8.0,9
3,3,2,37,0,9.0,4
3,3,2,38,0,4.0,12
3,3,2,39,0,12.0,15
3,3,2,41,0,15.0,15
3,3,2,42,0,15.0,5
3,3,2,43,0,5.0,18
3,3,2,44,0,18.0,9
3,3,2,45,0,9.0,11
3,3,2,46,0,11.0,9
3,3,2,47,0,9.0,7
3,3,2,48,0,7.0,16
3,3,2,49,0,16.0,22
3,3,2,50,0,22.0,10
3,3,2,51,1,10.0,11
3,3,2,52,1,11.0,18
3,3,2,1,1,18.0,1
3,4,0,1,1,0.0,74
3,4,0,2,0,74.0,9
3,4,0,3,0,9.0,16
3,4,0,4,0,16.0,11
3,4,0,5,0,11.0,10
3,4,0,6,1,10.0,20
3,4,0,7,1,20.0,12
3,4,0,8,0,12.0,9
3,4,0,9,0,9.0,2
3,4,0,10,1,2.0,8
3,4,0,11,1,8.0,12
3,4,0,12,1,12.0,6
3,4,0,13,1,6.0,8
3,4,0,14,0,8.0,9
3,4,0,15,0,9.0,16
3,4,0,16,0,16.0,12
3,4,0,17,0,12.0,9
3,4,0,18,0,9.0,12
3,4,0,19,0,12.0,12
3,4,0,20,0,12.0,11
3,4,0,21,0,11.0,13
3,4,0,22,0,13.0,8
3,4,0,23,0,8.0,7
3,4,0,24,0,7.0,11
3,4,0,25,0,11.0,3
3,4,0,26,0,3.0,9
3,4,0,27,0,9.0,5
3,4,0,28,0,5.0,9
3,4,0,29,1,9.0,20
3,4,0,30,1,20.0,78
3,4,0,31,1,78.0,20
3,4,0,32,0,20.0,14
3,4,0,33,0,14.0,9
3,4,0,34,0,9.0,5
3,4,0,35,0,5.0,9
3,4,0,36,0,9.0,11
3,4,0,37,0,11.0,18
3,4,0,38,0,18.0,5
3,4,0,39,0,5.0,4
3,4,0,40,0,4.0,7
3,4,0,41,0,7.0,16
3,4,0,42,0,16.0,17
3,4,0,43,0,17.0,15
3,4,0,44,0,15.0,14
3,4,0,45,0,14.0,13
3,4,0,46,0,13.0,9
3,4,0,47,0,9.0,7
3,4,0,48,0,7.0,9
3,4,0,49,0,9.0,17
3,4,0,50,1,17.0,36
3,4,0,51,1,36.0,106
3,4,0,52,1,106.0,19
3,4,0,1,1,19.0,27
3,4,0,2,0,27.0,11
3,4,0,3,0,11.0,8
3,4,0,4,0,8.0,4
3,4,0,5,0,4.0,9
3,4,0,6,0,9.0,16
3,4,0,7,1,16.0,10
3,4,0,8,1,10.0,7
3,4,0,9,1,7.0,8
3,4,0,10,1,8.0,4
3,4,0,11,1,4.0,7
3,4,0,12,1,7.0,10
3,4,0,13,1,10.0,9
3,4,0,14,0,9.0,16
3,4,0,15,0,16.0,13
3,4,0,16,0,13.0,9
3,4,0,17,0,9.0,20
3,4,0,18,0,20.0,21
3,4,0,19,0,21.0,12
3,4,0,20,0,12.0,9
3,4,0,21,0,9.0,18
3,4,0,22,0,18.0,4
3,4,0,23,0,4.0,5
3,4,0,24,0,5.0,14
3,4,0,25,0,14.0,14
3,4,0,26,0,14.0,12
3,4,0,27,0,12.0,5
3,4,0,28,0,5.0,7
3,4,0,29,0,7.0,6
3,4,0,30,1,6.0,84
3,4,0,31,1,84.0,16
3,4,0,32,0,16.0,1
3,4,0,33,0,1.0,16
3,4,0,34,0,16.0,6
3,4,0,35,0,6.0,9
3,4,0,36,0,9.0,4
3,4,0,37,0,4.0,14
3,4,0,38,0,14.0,12
3,4,0,39,0,12.0,6
3,4,0,40,0,6.0,8
3,4,0,41,0,8.0,16
3,4,0,42,0,16.0,7
3,4,0,43,0,7.0,27
3,4,0,44,0,27.0,15
3,4,0,45,0,15.0,13
3,4,0,46,0,13.0,18
3,4,0,47,0,18.0,13
3,4,0,48,0,13.0,3
3,4,0,49,0,3.0,6
3,4,0,50,1,6.0,17
3,4,0,51,1,17.0,48
3,4,0,52,1,48.0,58
3,4,0,1,1,58.0,42
3,4,0,2,0,42.0,9
3,4,0,3,0,9.0,10
3,4,0,4,0,10.0,10
3,4,0,5,0,10.0,10
3,4,0,6,0,10.0,10
3,4,0,7,1,10.0,4
3,4,0,8,1,4.0,13
3,4,0,9,0,13.0,3
3,4,0,10,1,3.0,3
3,4,0,11,1,3.0,10
3,4,0,12,1,10.0,18
3,4,0,13,1,18.0,7
3,4,0,14,1,7.0,8
3,4,0,15,0,8.0,13
3,4,0,16,0,13.0,10
3,4,0,17,0,10.0,7
3,4,0,18,0,7.0,15
3,4,0,19,0,15.0,11
3,4,0,20,0,11.0,17
3,4,0,21,0,17.0,7
3,4,0,22,0,7.0,8
3,4,0,23,0,8.0,8
3,4,0,24,0,8.0,16
3,4,0,25,0,16.0,11
3,4,0,26,0,11.0,19
3,4,0,27,0,19.0,8
3,4,0,28,0,8.0,9
3,4,0,29,0,9.0,19
3,4,0,30,1,19.0,63
3,4,0,31,1,63.0,28
3,4,0,32,0,28.0,16
3,4,0,33,0,16.0,7
3,4,0,34,0,7.0,8
3,4,0,35,0,8.0,6
3,4,0,36,0,6.0,6
3,4,0,37,0,6.0,3
3,4,0,38,0,3.0,9
3,4,0,39,0,9.0,12
3,4,0,40,0,12.0,10
3,4,0,41,0,10.0,8
3,4,0,42,0,8.0,2
3,4,0,43,0,2.0,8
3,4,0,44,0,8.0,7
3,4,0,45,0,7.0,6
3,4,0,46,0,6.0,20
3,4,0,47,0,20.0,5
3,4,0,48,0,5.0,7
3,4,0,49,0,7.0,12
3,4,0,50,0,12.0,18
3,4,0,51,1,18.0,63
3,4,0,52,1,63.0,53
3,4,0,53,1,53.0,125
3,4,0,1,0,125.0,2
3,4,0,2,0,2.0,11
3,4,0,3,0,11.0,17
3,4,0,4,0,17.0,7
3,4,0,5,0,7.0,5
3,4,0,6,1,5.0,13
3,4,0,7,1,13.0,4
3,4,0,8,0,4.0,10
3,4,0,9,1,10.0,16
3,4,0,10,1,16.0,6
3,4,0,11,1,6.0,17
3,4,0,12,1,17.0,15
3,4,0,13,1,15.0,9
3,4,0,14,0,9.0,14
3,4,0,15,0,14.0,6
3,4,0,16,0,6.0,19
3,4,0,17,0,19.0,15
3,4,0,18,0,15.0,10
3,4,0,19,0,10.0,7
3,4,0,20,0,7.0,10
3,4,0,21,0,10.0,11
3,4,0,22,0,11.0,11
3,4,0,23,0,11.0,11
3,4,0,24,0,11.0,14
3,4,0,25,0,14.0,15
3,4,0,26,0,15.0,10
3,4,0,27,0,10.0,15
3,4,0,28,0,15.0,7
3,4,0,29,1,7.0,26
3,4,0,30,1,26.0,57
3,4,0,31,0,57.0,10
3,4,0,32,0,10.0,3
3,4,0,33,0,3.0,9
3,4,0,34,0,9.0,8
3,4,0,35,0,8.0,11
3,4,0,36,0,11.0,10
3,4,0,37,0,10.0,13
3,4,0,38,0,13.0,6
3,4,0,39,0,6.0,4
3,4,0,40,0,4.0,11
3,4,0,41,0,11.0,19
3,4,0,42,0,19.0,11
3,4,0,43,0,11.0,27
3,4,0,44,0,27.0,12
3,4,0,45,0,12.0,18
3,4,0,46,0,18.0,14
3,4,0,47,0,14.0,5
3,4,0,48,0,5.0,7
3,4,0,49,0,7.0,8
3,4,0,50,1,8.0,28
3,4,0,51,1,28.0,56
3,4,0,52,1,56.0,20
3,4,0,1,1,20.0,29
3,4,0,2,0,29.0,15
3,4,0,3,0,15.0,6
3,4,0,4,0,6.0,9
3,4,0,5,0,9.0,10
3,4,0,6,1,10.0,20
3,4,0,7,1,20.0,6
3,4,0,8,0,6.0,14
3,4,0,9,1,14.0,3
3,4,0,10,1,3.0,9
3,4,0,11,1,9.0,3
3,4,0,12,1,3.0,9
3,4,0,13,1,9.0,5
3,4,0,14,0,5.0,7
3,4,0,15,0,7.0,11
3,4,0,16,0,11.0,12
3,4,0,17,0,12.0,6
3,4,0,18,0,6.0,6
3,4,0,19,0,6.0,13
3,4,0,20,0,13.0,13
3,4,0,21,0,13.0,10
3,4,0,22,0,10.0,9
3,4,0,23,0,9.0,13
3,4,0,24,0,13.0,16
3,4,0,25,0,16.0,26
3,4,0,26,0,26.0,16
3,4,0,27,0,16.0,11
3,4,0,28,0,11.0,11
3,4,0,29,1,11.0,12
3,4,0,30,1,12.0,23
3,4,0,31,0,23.0,8
3,4,0,32,0,8.0,16
3,4,0,33,0,16.0,7
3,4,0,34,0,7.0,11
3,4,0,35,0,11.0,12
3,4,0,36,0,12.0,12
3,4,0,37,0,12.0,7
3,4,0,38,0,7.0,10
3,4,0,39,0,10.0,19
3,4,0,40,0,19.0,14
3,4,0,41,0,14.0,11
3,4,0,42,0,11.0,6
3,4,0,43,0,6.0,14
3,4,0,44,0,14.0,5
3,4,0,45,0,5.0,10
3,4,0,46,0,10.0,11
3,4,0,47,0,11.0,9
3,4,0,48,0,9.0,18
3,4,0,49,0,18.0,18
3,4,0,50,1,18.0,90
3,4,0,51,1,90.0,133
3,4,0,1,1,133.0,131
3,4,0,2,0,131.0,19
3,4,0,3,0,19.0,9
3,4,0,4,0,9.0,7
3,4,0,5,0,7.0,15
3,4,0,6,1,15.0,12
3,4,0,7,1,12.0,6
3,4,0,8,1,6.0,12
3,4,0,9,0,12.0,4
3,4,0,10,1,4.0,12
3,4,0,11,1,12.0,13
3,4,0,12,1,13.0,10
3,4,0,13,1,10.0,12
3,4,0,14,0,12.0,11
3,4,0,15,0,11.0,5
3,4,0,16,0,5.0,17
3,4,0,17,0,17.0,20
3,4,0,18,0,20.0,5
3,4,0,19,0,5.0,9
3,4,0,20,0,9.0,12
3,4,0,21,0,12.0,15
3,4,0,22,0,15.0,18
3,4,0,24,0,18.0,6
3,4,0,25,0,6.0,8
3,4,0,26,0,8.0,10
3,4,0,27,0,10.0,4
3,4,0,28,0,4.0,26
3,4,0,29,1,26.0,35
3,4,0,30,1,35.0,32
3,4,0,31,1,32.0,17
3,4,0,32,0,17.0,4
3,4,0,33,0,4.0,7
3,4,0,34,0,7.0,19
3,4,0,35,0,19.0,15
3,4,0,36,0,15.0,15
3,4,0,37,0,15.0,18
3,4,0,38,0,18.0,7
3,4,0,39,0,7.0,6
3,4,0,40,0,6.0,10
3,4,0,41,0,10.0,12
3,4,0,42,0,12.0,13
3,4,0,43,0,13.0,4
3,4,0,44,0,4.0,17
3,4,0,45,0,17.0,17
3,4,0,46,0,17.0,12
3,4,0,47,0,12.0,19
3,4,0,48,0,19.0,6
3,4,0,49,0,6.0,7
3,4,0,50,1,7.0,41
3,4,0,51,1,41.0,44
3,4,0,52,1,44.0,60
3,4,0,1,1,60.0,45
3,4,0,2,0,45.0,15
3,4,0,3,0,15.0,2
3,4,0,4,0,2.0,15
3,4,0,5,0,15.0,3
3,4,0,6,1,3.0,18
3,4,0,7,1,18.0,19
3,4,0,8,1,19.0,16
3,4,0,9,1,16.0,24
3,4,0,10,1,24.0,8
3,4,0,11,1,8.0,3
3,4,0,12,1,3.0,7
3,4,0,13,1,7.0,9
3,4,0,14,0,9.0,20
3,4,0,15,0,20.0,12
3,4,0,16,0,12.0,10
3,4,0,17,0,10.0,10
3,4,0,18,0,10.0,4
3,4,0,19,0,4.0,17
3,4,0,20,0,17.0,9
3,4,0,21,0,9.0,6
3,4,0,22,0,6.0,10
3,4,0,23,0,10.0,7
3,4,0,24,0,7.0,16
3,4,0,25,0,16.0,11
3,4,0,26,0,11.0,12
3,4,0,27,0,12.0,8
3,4,0,28,0,8.0,10
3,4,0,29,0,10.0,6
3,4,0,30,1,6.0,46
3,4,0,31,1,46.0,37
3,4,0,32,0,37.0,11
3,4,0,33,0,11.0,25
3,4,0,34,0,25.0,5
3,4,0,35,0,5.0,22
3,4,0,36,0,22.0,2
3,4,0,37,0,2.0,6
3,4,0,38,0,6.0,12
3,4,0,39,0,12.0,8
3,4,0,40,0,8.0,18
3,4,0,41,0,18.0,12
3,4,0,42,0,12.0,11
3,4,0,43,0,11.0,17
3,4,0,44,0,17.0,10
3,4,0,45,0,10.0,3
3,4,0,46,0,3.0,5
3,4,0,47,0,5.0,5
3,4,0,48,0,5.0,14
3,4,0,49,0,14.0,10
3,4,0,50,1,10.0,37
3,4,0,51,1,37.0,126
3,4,0,52,1,126.0,71
3,4,0,1,1,71.0,44
3,4,0,2,0,44.0,31
3,4,0,3,0,31.0,8
3,4,0,4,0,8.0,13
3,4,0,5,0,13.0,20
3,4,0,6,0,20.0,5
3,4,0,7,1,5.0,14
3,4,0,8,0,14.0,2
3,4,0,9,1,2.0,7
3,4,0,10,1,7.0,1
3,4,0,11,1,1.0,8
3,4,0,12,1,8.0,12
3,4,0,13,1,12.0,14
3,4,0,14,0,14.0,10
3,4,0,15,0,10.0,3
3,4,0,16,0,3.0,8
3,4,0,17,0,8.0,7
3,4,0,18,0,7.0,15
3,4,0,19,0,15.0,10
3,4,0,20,0,10.0,2
3,4,0,21,0,2.0,5
3,4,0,22,0,5.0,9
3,4,0,23,0,9.0,10
3,4,0,24,0,10.0,5
3,4,0,25,0,5.0,7
3,4,0,26,0,7.0,13
3,4,0,27,0,13.0,5
3,4,0,28,0,5.0,15
3,4,0,29,0,15.0,10
3,4,0,30,1,10.0,103
3,4,0,31,1,103.0,36
3,4,0,32,0,36.0,5
3,4,0,33,0,5.0,11
3,4,0,34,0,11.0,4
3,4,0,35,0,4.0,3
3,4,0,36,0,3.0,11
3,4,0,37,0,11.0,9
3,4,0,38,0,9.0,7
3,4,0,39,0,7.0,7
3,4,0,40,0,7.0,10
3,4,0,41,0,10.0,9
3,4,0,42,0,9.0,8
3,4,0,43,0,8.0,10
3,4,0,44,0,10.0,15
3,4,0,45,0,15.0,5
3,4,0,46,0,5.0,2
3,4,0,47,0,2.0,3
3,4,0,48,0,3.0,7
3,4,0,49,0,7.0,6
3,4,0,50,0,6.0,5
3,4,0,51,1,5.0,29
3,4,0,52,1,29.0,18
3,4,0,1,1,18.0,44
3,4,1,1,1,0.0,75
3,4,1,2,0,75.0,3
3,4,1,3,0,3.0,7
3,4,1,4,0,7.0,13
3,4,1,5,0,13.0,11
3,4,1,6,0,11.0,9
3,4,1,7,1,9.0,13
3,4,1,8,1,13.0,6
3,4,1,9,1,6.0,11
3,4,1,10,1,11.0,29
3,4,1,11,1,29.0,9
3,4,1,12,1,9.0,5
3,4,1,13,1,5.0,13
3,4,1,14,0,13.0,13
3,4,1,15,0,13.0,9
3,4,1,16,0,9.0,15
3,4,1,17,0,15.0,12
3,4,1,18,0,12.0,8
3,4,1,19,0,8.0,16
3,4,1,20,0,16.0,20
3,4,1,21,0,20.0,11
3,4,1,22,0,11.0,19
3,4,1,23,0,19.0,12
3,4,1,24,0,12.0,10
3,4,1,25,0,10.0,4
3,4,1,26,0,4.0,6
3,4,1,27,0,6.0,4
3,4,1,28,0,4.0,11
3,4,1,29,0,11.0,19
3,4,1,30,1,19.0,20
3,4,1,31,1,20.0,56
3,4,1,32,0,56.0,20
3,4,1,33,0,20.0,17
3,4,1,34,0,17.0,3
3,4,1,35,0,3.0,13
3,4,1,36,0,13.0,12
3,4,1,37,0,12.0,11
3,4,1,38,0,11.0,17
3,4,1,39,0,17.0,6
3,4,1,40,0,6.0,4
3,4,1,41,0,4.0,10
3,4,1,42,0,10.0,16
3,4,1,43,0,16.0,15
3,4,1,44,0,15.0,9
3,4,1,45,0,9.0,16
3,4,1,46,0,16.0,10
3,4,1,47,0,10.0,13
3,4,1,48,0,13.0,10
3,4,1,49,0,10.0,7
3,4,1,50,1,7.0,20
3,4,1,51,1,20.0,55
3,4,1,52,1,55.0,54
3,4,1,1,1,54.0,58
3,4,1,2,0,58.0,13
3,4,1,3,0,13.0,10
3,4,1,4,0,10.0,19
3,4,1,5,0,19.0,11
3,4,1,6,1,11.0,14
3,4,1,7,1,14.0,13
3,4,1,8,1,13.0,5
3,4,1,9,1,5.0,17
3,4,1,10,1,17.0,10
3,4,1,11,1,10.0,8
3,4,1,12,1,8.0,16
3,4,1,13,1,16.0,27
3,4,1,14,0,27.0,13
3,4,1,15,0,13.0,8
3,4,1,16,0,8.0,9
3,4,1,17,0,9.0,13
3,4,1,18,0,13.0,3
3,4,1,19,0,3.0,10
3,4,1,20,0,10.0,17
3,4,1,21,0,17.0,14
3,4,1,22,0,14.0,17
3,4,1,23,0,17.0,15
3,4,1,24,0,15.0,13
3,4,1,25,0,13.0,8
3,4,1,26,0,8.0,7
3,4,1,27,0,7.0,8
3,4,1,28,0,8.0,12
3,4,1,29,0,12.0,10
3,4,1,30,1,10.0,32
3,4,1,31,1,32.0,16
3,4,1,32,0,16.0,8
3,4,1,33,0,8.0,15
3,4,1,34,0,15.0,11
3,4,1,35,0,11.0,15
3,4,1,36,0,15.0,5
3,4,1,37,0,5.0,9
3,4,1,38,0,9.0,14
3,4,1,39,0,14.0,11
3,4,1,40,0,11.0,9
3,4,1,41,0,9.0,14
3,4,1,42,0,14.0,13
3,4,1,43,0,13.0,20
3,4,1,44,0,20.0,12
3,4,1,45,0,12.0,9
3,4,1,46,0,9.0,12
3,4,1,47,0,12.0,6
3,4,1,48,0,6.0,8
3,4,1,49,0,8.0,19
3,4,1,50,1,19.0,43
3,4,1,51,1,43.0,56
3,4,1,52,1,56.0,97
3,4,1,1,1,97.0,140
3,4,1,2,0,140.0,13
3,4,1,3,0,13.0,4
3,4,1,4,0,4.0,12
3,4,1,5,0,12.0,6
3,4,1,6,0,6.0,5
3,4,1,7,1,5.0,15
3,4,1,8,1,15.0,10
3,4,1,9,0,10.0,13
3,4,1,10,1,13.0,20
3,4,1,11,1,20.0,6
3,4,1,12,1,6.0,5
3,4,1,13,1,5.0,7
3,4,1,14,0,7.0,14
3,4,1,15,0,14.0,8
3,4,1,16,0,8.0,14
3,4,1,17,0,14.0,19
3,4,1,18,0,19.0,11
3,4,1,19,0,11.0,10
3,4,1,20,0,10.0,13
3,4,1,21,0,13.0,7
3,4,1,22,0,7.0,13
3,4,1,23,0,13.0,3
3,4,1,24,0,3.0,3
3,4,1,25,0,3.0,6
3,4,1,26,0,6.0,6
3,4,1,27,0,6.0,11
3,4,1,28,0,11.0,17
3,4,1,29,0,17.0,14
3,4,1,30,1,14.0,65
3,4,1,31,1,65.0,53
3,4,1,32,0,53.0,14
3,4,1,33,0,14.0,4
3,4,1,34,0,4.0,11
3,4,1,35,0,11.0,3
3,4,1,36,0,3.0,6
3,4,1,37,0,6.0,8
3,4,1,38,0,8.0,8
3,4,1,39,0,8.0,13
3,4,1,40,0,13.0,18
3,4,1,41,0,18.0,20
3,4,1,42,0,20.0,9
3,4,1,43,0,9.0,10
3,4,1,44,0,10.0,17
3,4,1,45,0,17.0,11
3,4,1,46,0,11.0,10
3,4,1,47,0,10.0,10
3,4,1,48,0,10.0,6
3,4,1,50,0,6.0,3
3,4,1,51,1,3.0,36
3,4,1,52,1,36.0,65
3,4,1,53,1,65.0,15
3,4,1,1,1,15.0,21
3,4,1,2,0,21.0,12
3,4,1,3,0,12.0,3
3,4,1,4,0,3.0,9
3,4,1,5,0,9.0,11
3,4,1,6,1,11.0,3
3,4,1,7,1,3.0,13
3,4,1,8,0,13.0,10
3,4,1,9,1,10.0,17
3,4,1,10,1,17.0,13
3,4,1,11,1,13.0,15
3,4,1,12,1,15.0,12
3,4,1,13,1,12.0,15
3,4,1,14,0,15.0,13
3,4,1,15,0,13.0,15
3,4,1,16,0,15.0,9
3,4,1,17,0,9.0,14
3,4,1,18,0,14.0,7
3,4,1,19,0,7.0,10
3,4,1,20,0,10.0,14
3,4,1,21,0,14.0,12
3,4,1,22,0,12.0,7
3,4,1,23,0,7.0,10
3,4,1,24,0,10.0,17
3,4,1,25,0,17.0,15
3,4,1,26,0,15.0,13
3,4,1,27,0,13.0,17
3,4,1,28,0,17.0,9
3,4,1,29,1,9.0,21
3,4,1,30,1,21.0,94
3,4,1,31,0,94.0,14
3,4,1,32,0,14.0,13
3,4,1,33,0,13.0,13
3,4,1,35,0,13.0,7
3,4,1,36,0,7.0,10
3,4,1,37,0,10.0,11
3,4,1,38,0,11.0,7
3,4,1,39,0,7.0,3
3,4,1,40,0,3.0,17
3,4,1,41,0,17.0,9
3,4,1,42,0,9.0,6
3,4,1,43,0,6.0,8
3,4,1,44,0,8.0,10
3,4,1,45,0,10.0,17
3,4,1,46,0,17.0,8
3,4,1,47,0,8.0,5
3,4,1,48,0,5.0,8
3,4,1,49,0,8.0,6
3,4,1,50,1,6.0,56
3,4,1,51,1,56.0,57
3,4,1,52,1,57.0,16
3,4,1,1,1,16.0,26
3,4,1,2,0,26.0,12
3,4,1,3,0,12.0,12
3,4,1,4,0,12.0,9
3,4,1,5,0,9.0,11
3,4,1,6,1,11.0,8
3,4,1,7,1,8.0,10
3,4,1,8,0,10.0,12
3,4,1,9,1,12.0,10
3,4,1,10,1,10.0,13
3,4,1,11,1,13.0,5
3,4,1,12,1,5.0,7
3,4,1,13,1,7.0,19
3,4,1,14,0,19.0,13
3,4,1,15,0,13.0,11
3,4,1,16,0,11.0,12
3,4,1,17,0,12.0,11
3,4,1,18,0,11.0,10
3,4,1,19,0,10.0,4
3,4,1,20,0,4.0,3
3,4,1,21,0,3.0,25
3,4,1,22,0,25.0,9
3,4,1,23,0,9.0,3
3,4,1,24,0,3.0,3
3,4,1,25,0,3.0,7
3,4,1,26,0,7.0,14
3,4,1,27,0,14.0,15
3,4,1,28,0,15.0,14
3,4,1,29,0,14.0,3
3,4,1,30,1,3.0,38
3,4,1,31,0,38.0,9
3,4,1,32,0,9.0,15
3,4,1,33,0,15.0,12
3,4,1,35,0,12.0,22
3,4,1,36,0,22.0,8
3,4,1,37,0,8.0,15
3,4,1,38,0,15.0,8
3,4,1,39,0,8.0,11
3,4,1,40,0,11.0,12
3,4,1,41,0,12.0,5
3,4,1,42,0,5.0,19
3,4,1,43,0,19.0,6
3,4,1,44,0,6.0,5
3,4,1,45,0,5.0,5
3,4,1,46,0,5.0,18
3,4,1,47,0,18.0,5
3,4,1,48,0,5.0,1
3,4,1,49,0,1.0,10
3,4,1,50,1,10.0,82
3,4,1,51,1,82.0,28
3,4,1,52,1,28.0,51
3,4,1,1,1,51.0,62
3,4,1,2,0,62.0,9
3,4,1,3,0,9.0,15
3,4,1,4,0,15.0,26
3,4,1,5,0,26.0,10
3,4,1,6,1,10.0,16
3,4,1,7,1,16.0,10
3,4,1,8,0,10.0,9
3,4,1,9,1,9.0,22
3,4,1,10,1,22.0,12
3,4,1,11,1,12.0,6
3,4,1,12,1,6.0,12
3,4,1,13,1,12.0,25
3,4,1,14,0,25.0,15
3,4,1,15,0,15.0,11
3,4,1,16,0,11.0,10
3,4,1,17,0,10.0,8
3,4,1,18,0,8.0,6
3,4,1,19,0,6.0,23
3,4,1,20,0,23.0,20
3,4,1,21,0,20.0,14
3,4,1,22,0,14.0,9
3,4,1,23,0,9.0,15
3,4,1,24,0,15.0,19
3,4,1,25,0,19.0,15
3,4,1,26,0,15.0,13
3,4,1,27,0,13.0,14
3,4,1,28,0,14.0,10
3,4,1,29,1,10.0,20
3,4,1,30,1,20.0,33
3,4,1,31,0,33.0,16
3,4,1,32,0,16.0,17
3,4,1,33,0,17.0,5
3,4,1,34,0,5.0,20
3,4,1,35,0,20.0,8
3,4,1,36,0,8.0,3
3,4,1,37,0,3.0,13
3,4,1,38,0,13.0,15
3,4,1,39,0,15.0,4
3,4,1,40,0,4.0,7
3,4,1,41,0,7.0,15
3,4,1,42,0,15.0,18
3,4,1,43,0,18.0,4
3,4,1,44,0,4.0,2
3,4,1,45,0,2.0,9
3,4,1,46,0,9.0,5
3,4,1,47,0,5.0,7
3,4,1,48,0,7.0,10
3,4,1,49,0,10.0,7
3,4,1,50,1,7.0,14
3,4,1,51,1,14.0,32
3,4,1,52,1,32.0,10
3,4,1,1,1,10.0,60
3,4,1,2,0,60.0,13
3,4,1,3,0,13.0,2
3,4,1,4,0,2.0,7
3,4,1,5,0,7.0,3
3,4,1,6,1,3.0,12
3,4,1,7,1,12.0,2
3,4,1,8,1,2.0,6
3,4,1,9,1,6.0,18
3,4,1,10,1,18.0,17
3,4,1,11,1,17.0,15
3,4,1,12,1,15.0,11
3,4,1,13,1,11.0,19
3,4,1,14,0,19.0,10
3,4,1,15,0,10.0,4
3,4,1,16,0,4.0,12
3,4,1,17,0,12.0,11
3,4,1,18,0,11.0,21
3,4,1,19,0,21.0,11
3,4,1,20,0,11.0,2
3,4,1,21,0,2.0,14
3,4,1,22,0,14.0,7
3,4,1,23,0,7.0,2
3,4,1,24,0,2.0,14
3,4,1,25,0,14.0,10
3,4,1,26,0,10.0,11
3,4,1,28,0,11.0,10
3,4,1,29,0,10.0,11
3,4,1,30,1,11.0,43
3,4,1,31,1,43.0,24
3,4,1,32,0,24.0,13
3,4,1,33,0,13.0,9
3,4,1,34,0,9.0,12
3,4,1,35,0,12.0,15
3,4,1,36,0,15.0,1
3,4,1,37,0,1.0,7
3,4,1,38,0,7.0,11
3,4,1,39,0,11.0,13
3,4,1,40,0,13.0,6
3,4,1,41,0,6.0,8
3,4,1,42,0,8.0,21
3,4,1,43,0,21.0,8
3,4,1,44,0,8.0,8
3,4,1,45,0,8.0,12
3,4,1,46,0,12.0,7
3,4,1,47,0,7.0,12
3,4,1,48,0,12.0,9
3,4,1,49,0,9.0,6
3,4,1,50,1,6.0,37
3,4,1,51,1,37.0,57
3,4,1,52,1,57.0,70
3,4,1,2,0,70.0,6
3,4,1,3,0,6.0,13
3,4,1,4,0,13.0,17
3,4,1,5,0,17.0,3
3,4,1,6,0,3.0,13
3,4,1,7,1,13.0,9
3,4,1,8,1,9.0,9
3,4,1,9,1,9.0,13
3,4,1,10,1,13.0,14
3,4,1,11,1,14.0,10
3,4,1,12,1,10.0,6
3,4,1,13,1,6.0,13
3,4,1,14,1,13.0,20
3,4,1,15,0,20.0,22
3,4,1,16,0,22.0,8
3,4,1,17,0,8.0,15
3,4,1,18,0,15.0,12
3,4,1,19,0,12.0,12
3,4,1,20,0,12.0,10
3,4,1,21,0,10.0,9
3,4,1,22,0,9.0,13
3,4,1,23,0,13.0,11
3,4,1,24,0,11.0,9
3,4,1,25,0,9.0,5
3,4,1,26,0,5.0,6
3,4,1,27,0,6.0,23
3,4,1,28,0,23.0,8
3,4,1,29,0,8.0,17
3,4,1,30,1,17.0,23
3,4,1,31,1,23.0,65
3,4,1,32,0,65.0,4
3,4,1,33,0,4.0,7
3,4,1,34,0,7.0,5
3,4,1,35,0,5.0,11
3,4,1,36,0,11.0,10
3,4,1,37,0,10.0,3
3,4,1,38,0,3.0,2
3,4,1,39,0,2.0,4
3,4,1,40,0,4.0,16
3,4,1,41,0,16.0,23
3,4,1,42,0,23.0,13
3,4,1,43,0,13.0,13
3,4,1,44,0,13.0,6
3,4,1,45,0,6.0,7
3,4,1,46,0,7.0,7
3,4,1,47,0,7.0,8
3,4,1,48,0,8.0,5
3,4,1,49,0,5.0,11
3,4,1,50,0,11.0,14
3,4,1,51,1,14.0,101
3,4,1,52,1,101.0,34
3,4,2,1,1,0.0,44
3,4,2,2,0,44.0,5
3,4,2,3,0,5.0,10
3,4,2,4,0,10.0,9
3,4,2,5,0,9.0,3
3,4,2,6,0,3.0,20
3,4,2,7,1,20.0,12
3,4,2,8,1,12.0,9
3,4,2,9,1,9.0,6
3,4,2,10,1,6.0,14
3,4,2,11,1,14.0,9
3,4,2,12,1,9.0,16
3,4,2,13,1,16.0,10
3,4,2,14,0,10.0,12
3,4,2,15,0,12.0,10
3,4,2,16,0,10.0,16
3,4,2,17,0,16.0,10
3,4,2,18,0,10.0,12
3,4,2,19,0,12.0,10
3,4,2,20,0,10.0,15
3,4,2,21,0,15.0,19
3,4,2,22,0,19.0,15
3,4,2,23,0,15.0,13
3,4,2,24,0,13.0,9
3,4,2,25,0,9.0,6
3,4,2,26,0,6.0,23
3,4,2,27,0,23.0,22
3,4,2,28,0,22.0,19
3,4,2,29,0,19.0,5
3,4,2,30,1,5.0,75
3,4,2,31,0,75.0,17
3,4,2,32,0,17.0,14
3,4,2,33,0,14.0,12
3,4,2,34,0,12.0,5
3,4,2,35,0,5.0,14
3,4,2,36,0,14.0,8
3,4,2,37,0,8.0,12
3,4,2,38,0,12.0,9
3,4,2,39,0,9.0,8
3,4,2,40,0,8.0,17
3,4,2,41,0,17.0,14
3,4,2,42,0,14.0,6
3,4,2,43,0,6.0,7
3,4,2,44,0,7.0,17
3,4,2,45,0,17.0,11
3,4,2,46,0,11.0,18
3,4,2,47,0,18.0,6
3,4,2,48,0,6.0,6
3,4,2,49,0,6.0,7
3,4,2,50,1,7.0,31
3,4,2,51,1,31.0,34
3,4,2,52,1,34.0,50
3,4,2,1,1,50.0,19
3,4,2,2,0,19.0,30
3,4,2,3,0,30.0,21
3,4,2,4,0,21.0,12
3,4,2,5,0,12.0,16
3,4,2,6,1,16.0,11
3,4,2,7,1,11.0,15
3,4,2,8,0,15.0,6
3,4,2,9,1,6.0,24
3,4,2,10,1,24.0,8
3,4,2,11,1,8.0,19
3,4,2,12,1,19.0,8
3,4,2,13,1,8.0,12
3,4,2,14,0,12.0,13
3,4,2,15,0,13.0,17
3,4,2,16,0,17.0,7
3,4,2,17,0,7.0,13
3,4,2,18,0,13.0,10
3,4,2,19,0,10.0,1
3,4,2,20,0,1.0,9
3,4,2,21,0,9.0,12
3,4,2,22,0,12.0,20
3,4,2,23,0,20.0,11
3,4,2,24,0,11.0,16
3,4,2,25,0,16.0,9
3,4,2,26,0,9.0,9
3,4,2,27,0,9.0,12
3,4,2,28,0,12.0,15
3,4,2,29,0,15.0,4
3,4,2,30,1,4.0,58
3,4,2,31,1,58.0,64
3,4,2,32,0,64.0,11
3,4,2,33,0,11.0,9
3,4,2,34,0,9.0,4
3,4,2,35,0,4.0,5
3,4,2,36,0,5.0,4
3,4,2,37,0,4.0,5
3,4,2,38,0,5.0,13
3,4,2,39,0,13.0,11
3,4,2,40,0,11.0,12
3,4,2,41,0,12.0,11
3,4,2,42,0,11.0,6
3,4,2,43,0,6.0,13
3,4,2,44,0,13.0,12
3,4,2,45,0,12.0,12
3,4,2,46,0,12.0,8
3,4,2,47,0,8.0,12
3,4,2,48,0,12.0,15
3,4,2,49,0,15.0,8
3,4,2,50,1,8.0,19
3,4,2,51,1,19.0,84
3,4,2,52,1,84.0,115
3,4,2,1,1,115.0,71
3,4,2,2,0,71.0,4
3,4,2,3,0,4.0,8
3,4,2,4,0,8.0,7
3,4,2,5,0,7.0,4
3,4,2,6,0,4.0,14
3,4,2,7,1,14.0,12
3,4,2,8,1,12.0,8
3,4,2,9,0,8.0,7
3,4,2,10,1,7.0,5
3,4,2,11,1,5.0,5
3,4,2,12,1,5.0,11
3,4,2,13,1,11.0,8
3,4,2,14,0,8.0,5
3,4,2,15,0,5.0,8
3,4,2,16,0,8.0,5
3,4,2,17,0,5.0,18
3,4,2,18,0,18.0,8
3,4,2,19,0,8.0,16
3,4,2,20,0,16.0,15
3,4,2,21,0,15.0,10
3,4,2,22,0,10.0,16
3,4,2,23,0,16.0,5
3,4,2,24,0,5.0,8
3,4,2,25,0,8.0,12
3,4,2,26,0,12.0,9
3,4,2,27,0,9.0,7
3,4,2,28,0,7.0,17
3,4,2,29,0,17.0,8
3,4,2,30,1,8.0,78
3,4,2,32,0,78.0,13
3,4,2,33,0,13.0,7
3,4,2,34,0,7.0,16
3,4,2,35,0,16.0,10
3,4,2,36,0,10.0,5
3,4,2,37,0,5.0,1
3,4,2,38,0,1.0,13
3,4,2,39,0,13.0,3
3,4,2,40,0,3.0,8
3,4,2,41,0,8.0,15
3,4,2,42,0,15.0,6
3,4,2,43,0,6.0,7
3,4,2,44,0,7.0,7
3,4,2,45,0,7.0,6
3,4,2,46,0,6.0,21
3,4,2,47,0,21.0,12
3,4,2,48,0,12.0,11
3,4,2,49,0,11.0,16
3,4,2,50,0,16.0,6
3,4,2,51,1,6.0,78
3,4,2,52,1,78.0,33
3,4,2,53,1,33.0,41
3,4,2,1,0,41.0,5
3,4,2,2,0,5.0,11
3,4,2,3,0,11.0,8
3,4,2,4,0,8.0,11
3,4,2,5,0,11.0,23
3,4,2,6,1,23.0,17
3,4,2,7,1,17.0,9
3,4,2,8,0,9.0,15
3,4,2,9,1,15.0,12
3,4,2,10,1,12.0,10
3,4,2,11,1,10.0,11
3,4,2,12,1,11.0,16
3,4,2,13,0,16.0,11
3,4,2,14,0,11.0,15
3,4,2,15,0,15.0,10
3,4,2,16,0,10.0,10
3,4,2,17,0,10.0,9
3,4,2,18,0,9.0,14
3,4,2,19,0,14.0,13
3,4,2,20,0,13.0,16
3,4,2,21,0,16.0,17
3,4,2,22,0,17.0,7
3,4,2,23,0,7.0,7
3,4,2,24,0,7.0,9
3,4,2,25,0,9.0,13
3,4,2,26,0,13.0,8
3,4,2,27,0,8.0,9
3,4,2,28,0,9.0,6
3,4,2,29,1,6.0,15
3,4,2,30,1,15.0,9
3,4,2,31,0,9.0,14
3,4,2,32,0,14.0,5
3,4,2,33,0,5.0,4
3,4,2,34,0,4.0,5
3,4,2,35,0,5.0,18
3,4,2,36,0,18.0,10
3,4,2,37,0,10.0,12
3,4,2,38,0,12.0,4
3,4,2,39,0,4.0,2
3,4,2,40,0,2.0,21
3,4,2,41,0,21.0,3
3,4,2,42,0,3.0,12
3,4,2,43,0,12.0,7
3,4,2,44,0,7.0,16
3,4,2,45,0,16.0,22
3,4,2,46,0,22.0,11
3,4,2,47,0,11.0,21
3,4,2,48,0,21.0,13
3,4,2,49,0,13.0,12
3,4,2,50,1,12.0,80
3,4,2,51,1,80.0,77
3,4,2,52,1,77.0,63
3,4,2,1,1,63.0,18
3,4,2,2,0,18.0,9
3,4,2,3,0,9.0,4
3,4,2,4,0,4.0,13
3,4,2,5,0,13.0,11
3,4,2,6,1,11.0,16
3,4,2,7,1,16.0,7
3,4,2,8,0,7.0,12
3,4,2,9,1,12.0,13
3,4,2,10,1,13.0,12
3,4,2,11,1,12.0,10
3,4,2,12,1,10.0,10
3,4,2,13,1,10.0,8
3,4,2,14,0,8.0,13
3,4,2,15,0,13.0,11
3,4,2,16,0,11.0,9
3,4,2,17,0,9.0,9
3,4,2,18,0,9.0,16
3,4,2,19,0,16.0,14
3,4,2,20,0,14.0,5
3,4,2,21,0,5.0,11
3,4,2,22,0,11.0,4
3,4,2,23,0,4.0,2
3,4,2,24,0,2.0,17
3,4,2,25,0,17.0,14
3,4,2,26,0,14.0,5
3,4,2,27,0,5.0,15
3,4,2,28,0,15.0,11
3,4,2,29,1,11.0,36
3,4,2,30,1,36.0,109
3,4,2,31,0,109.0,15
3,4,2,32,0,15.0,9
3,4,2,33,0,9.0,16
3,4,2,34,0,16.0,8
3,4,2,35,0,8.0,10
3,4,2,36,0,10.0,5
3,4,2,37,0,5.0,12
3,4,2,38,0,12.0,13
3,4,2,39,0,13.0,3
3,4,2,40,0,3.0,7
3,4,2,41,0,7.0,6
3,4,2,42,0,6.0,10
3,4,2,43,0,10.0,9
3,4,2,44,0,9.0,11
3,4,2,45,0,11.0,15
3,4,2,46,0,15.0,11
3,4,2,47,0,11.0,5
3,4,2,48,0,5.0,14
3,4,2,49,0,14.0,16
3,4,2,50,1,16.0,18
3,4,2,51,1,18.0,47
3,4,2,52,1,47.0,87
3,4,2,1,1,87.0,18
3,4,2,2,0,18.0,7
3,4,2,3,0,7.0,1
3,4,2,4,0,1.0,9
3,4,2,5,0,9.0,6
3,4,2,6,1,6.0,12
3,4,2,7,1,12.0,19
3,4,2,8,1,19.0,7
3,4,2,9,1,7.0,8
3,4,2,10,1,8.0,18
3,4,2,11,1,18.0,13
3,4,2,12,1,13.0,8
3,4,2,13,1,8.0,16
3,4,2,14,0,16.0,17
3,4,2,15,0,17.0,13
3,4,2,16,0,13.0,17
3,4,2,17,0,17.0,18
3,4,2,18,0,18.0,6
3,4,2,19,0,6.0,18
3,4,2,20,0,18.0,1
3,4,2,21,0,1.0,11
3,4,2,22,0,11.0,3
3,4,2,23,0,3.0,12
3,4,2,24,0,12.0,17
3,4,2,25,0,17.0,9
3,4,2,26,0,9.0,5
3,4,2,27,0,5.0,6
3,4,2,28,0,6.0,3
3,4,2,29,1,3.0,21
3,4,2,30,1,21.0,85
3,4,2,31,1,85.0,44
3,4,2,32,0,44.0,10
3,4,2,33,0,10.0,12
3,4,2,34,0,12.0,10
3,4,2,35,0,10.0,11
3,4,2,36,0,11.0,3
3,4,2,37,0,3.0,15
3,4,2,38,0,15.0,14
3,4,2,39,0,14.0,21
3,4,2,40,0,21.0,12
3,4,2,41,0,12.0,19
3,4,2,42,0,19.0,10
3,4,2,43,0,10.0,14
3,4,2,44,0,14.0,10
3,4,2,45,0,10.0,7
3,4,2,46,0,7.0,7
3,4,2,47,0,7.0,7
3,4,2,48,0,7.0,6
3,4,2,49,0,6.0,10
3,4,2,50,1,10.0,52
3,4,2,51,1,52.0,116
3,4,2,52,1,116.0,38
3,4,2,1,1,38.0,20
3,4,2,2,0,20.0,12
3,4,2,3,0,12.0,5
3,4,2,4,0,5.0,16
3,4,2,5,0,16.0,15
3,4,2,6,1,15.0,13
3,4,2,7,1,13.0,14
3,4,2,8,1,14.0,14
3,4,2,9,1,14.0,9
3,4,2,10,1,9.0,12
3,4,2,11,1,12.0,15
3,4,2,12,1,15.0,20
3,4,2,13,1,20.0,9
3,4,2,14,0,9.0,8
3,4,2,15,0,8.0,8
3,4,2,16,0,8.0,3
3,4,2,17,0,3.0,11
3,4,2,18,0,11.0,10
3,4,2,19,0,10.0,15
3,4,2,20,0,15.0,12
3,4,2,21,0,12.0,8
3,4,2,22,0,8.0,13
3,4,2,23,0,13.0,11
3,4,2,24,0,11.0,7
3,4,2,25,0,7.0,13
3,4,2,26,0,13.0,14
3,4,2,27,0,14.0,12
3,4,2,28,0,12.0,17
3,4,2,29,0,17.0,4
3,4,2,30,1,4.0,66
3,4,2,31,1,66.0,38
3,4,2,32,0,38.0,20
3,4,2,33,0,20.0,6
3,4,2,34,0,6.0,4
3,4,2,35,0,4.0,1
3,4,2,36,0,1.0,9
3,4,2,37,0,9.0,22
3,4,2,38,0,22.0,4
3,4,2,39,0,4.0,6
3,4,2,40,0,6.0,18
3,4,2,41,0,18.0,12
3,4,2,42,0,12.0,12
3,4,2,43,0,12.0,9
3,4,2,44,0,9.0,12
3,4,2,45,0,12.0,4
3,4,2,46,0,4.0,11
3,4,2,47,0,11.0,9
3,4,2,48,0,9.0,7
3,4,2,49,0,7.0,10
3,4,2,50,1,10.0,20
3,4,2,51,1,20.0,40
3,4,2,52,1,40.0,96
3,4,2,1,1,96.0,72
3,4,2,2,0,72.0,13
3,4,2,3,0,13.0,9
3,4,2,4,0,9.0,8
3,4,2,5,0,8.0,12
3,4,2,6,0,12.0,10
3,4,2,7,1,10.0,19
3,4,2,8,1,19.0,10
3,4,2,9,1,10.0,17
3,4,2,10,1,17.0,14
3,4,2,11,1,14.0,16
3,4,2,12,1,16.0,9
3,4,2,13,1,9.0,8
3,4,2,14,0,8.0,10
3,4,2,15,0,10.0,4
3,4,2,16,0,4.0,8
3,4,2,17,0,8.0,5
3,4,2,18,0,5.0,9
3,4,2,19,0,9.0,14
3,4,2,20,0,14.0,4
3,4,2,21,0,4.0,13
3,4,2,22,0,13.0,9
3,4,2,23,0,9.0,7
3,4,2,24,0,7.0,3
3,4,2,25,0,3.0,14
3,4,2,26,0,14.0,12
3,4,2,27,0,12.0,6
3,4,2,28,0,6.0,12
3,4,2,29,0,12.0,16
3,4,2,30,1,16.0,12
3,4,2,31,1,12.0,25
3,4,2,32,0,25.0,19
3,4,2,33,0,19.0,2
3,4,2,34,0,2.0,12
3,4,2,35,0,12.0,8
3,4,2,36,0,8.0,14
3,4,2,37,0,14.0,5
3,4,2,38,0,5.0,13
3,4,2,39,0,13.0,18
3,4,2,40,0,18.0,12
3,4,2,41,0,12.0,5
3,4,2,42,0,5.0,8
3,4,2,43,0,8.0,8
3,4,2,44,0,8.0,13
3,4,2,45,0,13.0,12
3,4,2,46,0,12.0,16
3,4,2,47,0,16.0,6
3,4,2,48,0,6.0,9
3,4,2,49,0,9.0,7
3,4,2,50,0,7.0,9
3,4,2,51,1,9.0,75
3,4,2,52,1,75.0,97
3,4,2,1,1,97.0,40
3,5,0,1,1,0.0,35
3,5,0,2,0,35.0,21
3,5,0,3,0,21.0,12
3,5,0,4,0,12.0,12
3,5,0,5,0,12.0,15
3,5,0,6,1,15.0,15
3,5,0,7,1,15.0,8
3,5,0,8,0,8.0,4
3,5,0,9,1,4.0,7
3,5,0,10,1,7.0,20
3,5,0,11,1,20.0,8
3,5,0,12,1,8.0,14
3,5,0,13,1,14.0,17
3,5,0,14,0,17.0,8
3,5,0,15,0,8.0,12
3,5,0,16,0,12.0,14
3,5,0,17,0,14.0,19
3,5,0,18,0,19.0,13
3,5,0,19,0,13.0,8
3,5,0,20,0,8.0,26
3,5,0,21,0,26.0,15
3,5,0,22,0,15.0,11
3,5,0,23,0,11.0,11
3,5,0,24,0,11.0,7
3,5,0,25,0,7.0,17
3,5,0,26,0,17.0,12
3,5,0,27,0,12.0,13
3,5,0,28,0,13.0,13
3,5,0,29,1,13.0,17
3,5,0,30,1,17.0,11
3,5,0,31,1,11.0,27
3,5,0,32,0,27.0,15
3,5,0,33,0,15.0,20
3,5,0,34,0,20.0,5
3,5,0,35,0,5.0,16
3,5,0,36,0,16.0,9
3,5,0,37,0,9.0,6
3,5,0,38,0,6.0,4
3,5,0,39,0,4.0,10
3,5,0,40,0,10.0,9
3,5,0,41,0,9.0,14
3,5,0,42,0,14.0,10
3,5,0,43,0,10.0,10
3,5,0,44,0,10.0,9
3,5,0,45,0,9.0,23
3,5,0,46,0,23.0,14
3,5,0,47,0,14.0,15
3,5,0,48,0,15.0,7
3,5,0,49,0,7.0,3
3,5,0,50,1,3.0,44
3,5,0,51,1,44.0,52
3,5,0,52,1,52.0,71
3,5,0,1,1,71.0,84
3,5,0,2,0,84.0,13
3,5,0,3,0,13.0,14
3,5,0,4,0,14.0,6
3,5,0,5,0,6.0,13
3,5,0,6,1,13.0,21
3,5,0,7,1,21.0,11
3,5,0,8,1,11.0,7
3,5,0,9,1,7.0,7
3,5,0,10,1,7.0,13
3,5,0,11,1,13.0,8
3,5,0,12,1,8.0,7
3,5,0,13,1,7.0,17
3,5,0,14,0,17.0,5
3,5,0,15,0,5.0,8
3,5,0,16,0,8.0,16
3,5,0,17,0,16.0,5
3,5,0,18,0,5.0,19
3,5,0,19,0,19.0,8
3,5,0,20,0,8.0,16
3,5,0,21,0,16.0,8
3,5,0,22,0,8.0,2
3,5,0,23,0,2.0,8
3,5,0,24,0,8.0,12
3,5,0,25,0,12.0,11
3,5,0,26,0,11.0,6
3,5,0,27,0,6.0,10
3,5,0,28,0,10.0,10
3,5,0,29,0,10.0,11
3,5,0,30,1,11.0,7
3,5,0,31,1,7.0,8
3,5,0,32,0,8.0,19
3,5,0,33,0,19.0,5
3,5,0,34,0,5.0,4
3,5,0,35,0,4.0,11
3,5,0,36,0,11.0,8
3,5,0,37,0,8.0,9
3,5,0,38,0,9.0,14
3,5,0,39,0,14.0,7
3,5,0,40,0,7.0,2
3,5,0,41,0,2.0,15
3,5,0,42,0,15.0,1
3,5,0,43,0,1.0,13
3,5,0,44,0,13.0,8
3,5,0,45,0,8.0,4
3,5,0,46,0,4.0,17
3,5,0,47,0,17.0,18
3,5,0,48,0,18.0,9
3,5,0,49,0,9.0,17
3,5,0,50,1,17.0,22
3,5,0,51,1,22.0,69
3,5,0,52,1,69.0,60
3,5,0,1,1,60.0,48
3,5,0,2,0,48.0,7
3,5,0,3,0,7.0,18
3,5,0,4,0,18.0,6
3,5,0,5,0,6.0,13
3,5,0,6,0,13.0,7
3,5,0,7,1,7.0,13
3,5,0,8,1,13.0,4
3,5,0,9,0,4.0,13
3,5,0,10,1,13.0,11
3,5,0,11,1,11.0,4
3,5,0,12,1,4.0,11
3,5,0,13,1,11.0,18
3,5,0,14,1,18.0,5
3,5,0,15,0,5.0,12
3,5,0,16,0,12.0,5
3,5,0,17,0,5.0,7
3,5,0,18,0,7.0,11
3,5,0,19,0,11.0,12
3,5,0,20,0,12.0,5
3,5,0,21,0,5.0,12
3,5,0,22,0,12.0,13
3,5,0,23,0,13.0,15
3,5,0,24,0,15.0,17
3,5,0,25,0,17.0,24
3,5,0,26,0,24.0,9
3,5,0,27,0,9.0,4
3,5,0,28,0,4.0,22
3,5,0,29,0,22.0,12
3,5,0,30,1,12.0,13
3,5,0,31,1,13.0,10
3,5,0,32,0,10.0,11
3,5,0,33,0,11.0,17
3,5,0,34,0,17.0,11
3,5,0,35,0,11.0,3
3,5,0,36,0,3.0,21
3,5,0,37,0,21.0,12
3,5,0,38,0,12.0,2
3,5,0,39,0,2.0,13
3,5,0,40,0,13.0,13
3,5,0,41,0,13.0,15
3,5,0,42,0,15.0,5
3,5,0,43,0,5.0,9
3,5,0,44,0,9.0,14
3,5,0,45,0,14.0,11
3,5,0,46,0,11.0,11
3,5,0,47,0,11.0,17
3,5,0,48,0,17.0,8
3,5,0,49,0,8.0,7
3,5,0,50,0,7.0,12
3,5,0,51,1,12.0,91
3,5,0,52,1,91.0,62
3,5,0,53,1,62.0,37
3,5,0,1,1,37.0,16
3,5,0,2,0,16.0,3
3,5,0,3,0,3.0,6
3,5,0,4,0,6.0,20
3,5,0,5,0,20.0,12
3,5,0,6,1,12.0,10
3,5,0,7,1,10.0,9
3,5,0,8,0,9.0,5
3,5,0,9,1,5.0,13
3,5,0,10,1,13.0,11
3,5,0,11,1,11.0,8
3,5,0,12,1,8.0,10
3,5,0,13,1,10.0,13
3,5,0,14,0,13.0,25
3,5,0,15,0,25.0,20
3,5,0,16,0,20.0,9
3,5,0,17,0,9.0,12
3,5,0,18,0,12.0,9
3,5,0,19,0,9.0,8
3,5,0,20,0,8.0,10
3,5,0,21,0,10.0,7
3,5,0,22,0,7.0,13
3,5,0,23,0,13.0,5
3,5,0,24,0,5.0,8
3,5,0,25,0,8.0,13
3,5,0,26,0,13.0,5
3,5,0,27,0,5.0,17
3,5,0,28,0,17.0,22
3,5,0,29,1,22.0,4
3,5,0,30,1,4.0,8
3,5,0,31,0,8.0,17
3,5,0,32,0,17.0,10
3,5,0,33,0,10.0,6
3,5,0,34,0,6.0,7
3,5,0,35,0,7.0,7
3,5,0,36,0,7.0,13
3,5,0,37,0,13.0,15
3,5,0,38,0,15.0,11
3,5,0,39,0,11.0,15
3,5,0,40,0,15.0,12
3,5,0,41,0,12.0,7
3,5,0,42,0,7.0,9
3,5,0,43,0,9.0,15
3,5,0,44,0,15.0,17
3,5,0,45,0,17.0,5
3,5,0,46,0,5.0,3
3,5,0,47,0,3.0,11
3,5,0,48,0,11.0,19
3,5,0,49,0,19.0,13
3,5,0,50,1,13.0,59
3,5,0,51,1,59.0,59
3,5,0,52,1,59.0,90
3,5,0,1,1,90.0,33
3,5,0,2,0,33.0,14
3,5,0,3,0,14.0,20
3,5,0,4,0,20.0,13
3,5,0,5,0,13.0,10
3,5,0,6,1,10.0,7
3,5,0,7,1,7.0,13
3,5,0,8,0,13.0,15
3,5,0,9,1,15.0,22
3,5,0,10,1,22.0,6
3,5,0,11,1,6.0,3
3,5,0,12,1,3.0,7
3,5,0,13,0,7.0,7
3,5,0,14,0,7.0,10
3,5,0,15,0,10.0,6
3,5,0,16,0,6.0,14
3,5,0,17,0,14.0,15
3,5,0,18,0,15.0,6
3,5,0,19,0,6.0,14
3,5,0,20,0,14.0,3
3,5,0,21,0,3.0,16
3,5,0,22,0,16.0,17
3,5,0,23,0,17.0,7
3,5,0,24,0,7.0,13
3,5,0,25,0,13.0,10
3,5,0,26,0,10.0,4
3,5,0,27,0,4.0,10
3,5,0,28,0,10.0,5
3,5,0,29,0,5.0,4
3,5,0,30,1,4.0,12
3,5,0,31,0,12.0,4
3,5,0,32,0,4.0,15
3,5,0,33,0,15.0,5
3,5,0,34,0,5.0,9
3,5,0,35,0,9.0,20
3,5,0,36,0,20.0,7
3,5,0,37,0,7.0,13
3,5,0,38,0,13.0,12
3,5,0,39,0,12.0,8
3,5,0,40,0,8.0,15
3,5,0,41,0,15.0,17
3,5,0,42,0,17.0,6
3,5,0,43,0,6.0,9
3,5,0,44,0,9.0,15
3,5,0,45,0,15.0,7
3,5,0,46,0,7.0,5
3,5,0,47,0,5.0,5
3,5,0,48,0,5.0,8
3,5,0,49,0,8.0,12
3,5,0,50,1,12.0,42
3,5,0,51,1,42.0,53
3,5,0,52,1,53.0,28
3,5,0,1,0,28.0,6
3,5,0,2,0,6.0,5
3,5,0,3,0,5.0,10
3,5,0,4,0,10.0,7
3,5,0,5,0,7.0,8
3,5,0,6,1,8.0,15
3,5,0,7,1,15.0,10
3,5,0,8,0,10.0,12
3,5,0,9,1,12.0,7
3,5,0,10,1,7.0,16
3,5,0,11,1,16.0,12
3,5,0,12,1,12.0,9
3,5,0,13,1,9.0,6
3,5,0,14,0,6.0,11
3,5,0,15,0,11.0,7
3,5,0,16,0,7.0,8
3,5,0,17,0,8.0,5
3,5,0,18,0,5.0,12
3,5,0,19,0,12.0,14
3,5,0,20,0,14.0,9
3,5,0,21,0,9.0,10
3,5,0,22,0,10.0,14
3,5,0,23,0,14.0,4
3,5,0,24,0,4.0,11
3,5,0,25,0,11.0,8
3,5,0,26,0,8.0,18
3,5,0,27,0,18.0,13
3,5,0,28,0,13.0,27
3,5,0,29,1,27.0,9
3,5,0,30,1,9.0,8
3,5,0,31,0,8.0,7
3,5,0,32,0,7.0,7
3,5,0,33,0,7.0,5
3,5,0,34,0,5.0,20
3,5,0,35,0,20.0,14
3,5,0,36,0,14.0,5
3,5,0,37,0,5.0,10
3,5,0,38,0,10.0,11
3,5,0,39,0,11.0,8
3,5,0,40,0,8.0,14
3,5,0,41,0,14.0,8
3,5,0,42,0,8.0,18
3,5,0,43,0,18.0,14
3,5,0,44,0,14.0,6
3,5,0,45,0,6.0,7
3,5,0,46,0,7.0,16
3,5,0,47,0,16.0,4
3,5,0,48,0,4.0,16
3,5,0,49,0,16.0,7
3,5,0,50,1,7.0,39
3,5,0,51,1,39.0,96
3,5,0,52,1,96.0,55
3,5,0,1,1,55.0,86
3,5,0,2,0,86.0,10
3,5,0,3,0,10.0,7
3,5,0,4,0,7.0,1
3,5,0,5,0,1.0,7
3,5,0,6,0,7.0,10
3,5,0,7,1,10.0,12
3,5,0,8,0,12.0,2
3,5,0,9,1,2.0,11
3,5,0,10,1,11.0,11
3,5,0,11,1,11.0,17
3,5,0,12,1,17.0,7
3,5,0,13,1,7.0,8
3,5,0,14,0,8.0,15
3,5,0,15,0,15.0,8
3,5,0,16,0,8.0,7
3,5,0,17,0,7.0,13
3,5,0,18,0,13.0,3
3,5,0,19,0,3.0,6
3,5,0,20,0,6.0,17
3,5,0,21,0,17.0,10
3,5,0,22,0,10.0,14
3,5,0,23,0,14.0,15
3,5,0,24,0,15.0,16
3,5,0,25,0,16.0,13
3,5,0,26,0,13.0,16
3,5,0,27,0,16.0,5
3,5,0,28,0,5.0,3
3,5,0,29,0,3.0,5
3,5,0,30,1,5.0,16
3,5,0,31,1,16.0,12
3,5,0,32,0,12.0,12
3,5,0,33,0,12.0,14
3,5,0,34,0,14.0,17
3,5,0,35,0,17.0,4
3,5,0,36,0,4.0,19
3,5,0,37,0,19.0,5
3,5,0,38,0,5.0,5
3,5,0,39,0,5.0,12
3,5,0,40,0,12.0,2
3,5,0,41,0,2.0,15
3,5,0,42,0,15.0,14
3,5,0,43,0,14.0,11
3,5,0,44,0,11.0,14
3,5,0,45,0,14.0,8
3,5,0,46,0,8.0,10
3,5,0,47,0,10.0,23
3,5,0,48,0,23.0,14
3,5,0,49,0,14.0,7
3,5,0,50,0,7.0,9
3,5,0,51,1,9.0,64
3,5,0,52,1,64.0,77
3,5,0,1,1,77.0,54
3,5,0,2,0,54.0,11
3,5,0,3,0,11.0,7
3,5,0,4,0,7.0,18
3,5,0,5,0,18.0,9
3,5,0,6,0,9.0,12
3,5,0,8,1,12.0,14
3,5,0,9,1,14.0,5
3,5,0,10,1,5.0,10
3,5,0,11,1,10.0,4
3,5,0,12,1,4.0,6
3,5,0,13,1,6.0,22
3,5,0,14,1,22.0,16
3,5,0,15,0,16.0,6
3,5,0,16,0,6.0,10
3,5,0,17,0,10.0,12
3,5,0,18,0,12.0,11
3,5,0,19,0,11.0,13
3,5,0,20,0,13.0,9
3,5,0,21,0,9.0,15
3,5,0,22,0,15.0,7
3,5,0,23,0,7.0,9
3,5,0,24,0,9.0,5
3,5,0,25,0,5.0,16
3,5,0,26,0,16.0,13
3,5,0,27,0,13.0,10
3,5,0,28,0,10.0,14
3,5,0,29,0,14.0,15
3,5,0,30,1,15.0,11
3,5,0,31,1,11.0,16
3,5,0,32,0,16.0,6
3,5,0,33,0,6.0,12
3,5,0,34,0,12.0,15
3,5,0,35,0,15.0,25
3,5,0,36,0,25.0,10
3,5,0,37,0,10.0,27
3,5,0,38,0,27.0,6
3,5,0,39,0,6.0,5
3,5,0,40,0,5.0,11
3,5,0,41,0,11.0,10
3,5,0,42,0,10.0,14
3,5,0,43,0,14.0,9
3,5,0,44,0,9.0,4
3,5,0,45,0,4.0,4
3,5,0,46,0,4.0,14
3,5,0,47,0,14.0,16
3,5,0,48,0,16.0,13
3,5,0,49,0,13.0,7
3,5,0,50,0,7.0,1
3,5,0,51,1,1.0,97
3,5,0,52,1,97.0,38
3,5,0,1,1,38.0,15
3,5,1,1,1,0.0,59
3,5,1,2,0,59.0,8
3,5,1,3,0,8.0,15
3,5,1,4,0,15.0,16
3,5,1,5,0,16.0,15
3,5,1,6,1,15.0,15
3,5,1,7,1,15.0,2
3,5,1,8,0,2.0,9
3,5,1,9,1,9.0,9
3,5,1,10,1,9.0,13
3,5,1,11,1,13.0,25
3,5,1,12,1,25.0,11
3,5,1,13,1,11.0,3
3,5,1,14,0,3.0,7
3,5,1,15,0,7.0,3
3,5,1,16,0,3.0,13
3,5,1,17,0,13.0,12
3,5,1,18,0,12.0,17
3,5,1,19,0,17.0,15
3,5,1,20,0,15.0,5
3,5,1,21,0,5.0,9
3,5,1,22,0,9.0,16
3,5,1,23,0,16.0,19
3,5,1,24,0,19.0,6
3,5,1,25,0,6.0,9
3,5,1,26,0,9.0,7
3,5,1,27,0,7.0,10
3,5,1,28,0,10.0,7
3,5,1,29,0,7.0,4
3,5,1,30,1,4.0,15
3,5,1,31,1,15.0,10
3,5,1,32,0,10.0,22
3,5,1,33,0,22.0,13
3,5,1,34,0,13.0,14
3,5,1,35,0,14.0,13
3,5,1,36,0,13.0,10
3,5,1,37,0,10.0,22
3,5,1,38,0,22.0,9
3,5,1,39,0,9.0,7
3,5,1,40,0,7.0,10
3,5,1,41,0,10.0,11
3,5,1,42,0,11.0,6
3,5,1,43,0,6.0,5
3,5,1,44,0,5.0,10
3,5,1,45,0,10.0,15
3,5,1,46,0,15.0,11
3,5,1,47,0,11.0,13
3,5,1,48,0,13.0,10
3,5,1,49,0,10.0,9
3,5,1,50,1,9.0,16
3,5,1,51,1,16.0,34
3,5,1,52,1,34.0,73
3,5,1,1,1,73.0,73
3,5,1,2,0,73.0,4
3,5,1,3,0,4.0,9
3,5,1,4,0,9.0,18
3,5,1,5,0,18.0,4
3,5,1,6,1,4.0,9
3,5,1,7,1,9.0,8
3,5,1,8,1,8.0,16
3,5,1,9,1,16.0,14
3,5,1,10,1,14.0,10
3,5,1,11,1,10.0,15
3,5,1,12,1,15.0,9
3,5,1,13,1,9.0,9
3,5,1,14,0,9.0,8
3,5,1,15,0,8.0,11
3,5,1,16,0,11.0,10
3,5,1,17,0,10.0,7
3,5,1,18,0,7.0,19
3,5,1,19,0,19.0,4
3,5,1,20,0,4.0,3
3,5,1,21,0,3.0,19
3,5,1,22,0,19.0,11
3,5,1,23,0,11.0,11
3,5,1,24,0,11.0,7
3,5,1,25,0,7.0,5
3,5,1,26,0,5.0,16
3,5,1,27,0,16.0,10
3,5,1,28,0,10.0,14
3,5,1,29,0,14.0,10
3,5,1,30,1,10.0,13
3,5,1,31,1,13.0,8
3,5,1,32,0,8.0,10
3,5,1,33,0,10.0,15
3,5,1,34,0,15.0,8
3,5,1,35,0,8.0,21
3,5,1,36,0,21.0,5
3,5,1,37,0,5.0,16
3,5,1,38,0,16.0,15
3,5,1,39,0,15.0,6
3,5,1,40,0,6.0,7
3,5,1,41,0,7.0,15
3,5,1,42,0,15.0,25
3,5,1,43,0,25.0,12
3,5,1,44,0,12.0,7
3,5,1,45,0,7.0,8
3,5,1,46,0,8.0,12
3,5,1,47,0,12.0,13
3,5,1,48,0,13.0,13
3,5,1,49,0,13.0,12
3,5,1,50,1,12.0,20
3,5,1,51,1,20.0,101
3,5,1,52,1,101.0,64
3,5,1,1,1,64.0,60
3,5,1,2,0,60.0,10
3,5,1,3,0,10.0,8
3,5,1,4,0,8.0,13
3,5,1,5,0,13.0,3
3,5,1,6,0,3.0,21
3,5,1,7,1,21.0,6
3,5,1,8,1,6.0,8
3,5,1,9,1,8.0,8
3,5,1,10,1,8.0,6
3,5,1,11,1,6.0,3
3,5,1,12,1,3.0,12
3,5,1,13,1,12.0,14
3,5,1,14,1,14.0,8
3,5,1,15,0,8.0,5
3,5,1,16,0,5.0,9
3,5,1,17,0,9.0,6
3,5,1,18,0,6.0,5
3,5,1,19,0,5.0,17
3,5,1,20,0,17.0,8
3,5,1,21,0,8.0,12
3,5,1,22,0,12.0,10
3,5,1,23,0,10.0,11
3,5,1,24,0,11.0,11
3,5,1,25,0,11.0,8
3,5,1,26,0,8.0,4
3,5,1,27,0,4.0,1
3,5,1,28,0,1.0,9
3,5,1,29,0,9.0,19
3,5,1,30,1,19.0,8
3,5,1,31,1,8.0,12
3,5,1,32,0,12.0,9
3,5,1,33,0,9.0,6
3,5,1,34,0,6.0,17
3,5,1,35,0,17.0,11
3,5,1,36,0,11.0,8
3,5,1,37,0,8.0,6
3,5,1,39,0,6.0,17
3,5,1,40,0,17.0,13
3,5,1,41,0,13.0,3
3,5,1,42,0,3.0,14
3,5,1,43,0,14.0,10
3,5,1,44,0,10.0,18
3,5,1,45,0,18.0,7
3,5,1,46,0,7.0,13
3,5,1,47,0,13.0,6
3,5,1,48,0,6.0,1
3,5,1,49,0,1.0,4
3,5,1,50,0,4.0,7
3,5,1,51,1,7.0,10
3,5,1,52,1,10.0,64
3,5,1,53,1,64.0,38
3,5,1,1,0,38.0,16
3,5,1,2,0,16.0,17
3,5,1,3,0,17.0,18
3,5,1,4,0,18.0,7
3,5,1,5,0,7.0,5
3,5,1,6,1,5.0,4
3,5,1,8,0,4.0,12
3,5,1,9,1,12.0,13
3,5,1,10,1,13.0,8
3,5,1,11,1,8.0,13
3,5,1,12,1,13.0,6
3,5,1,13,1,6.0,11
3,5,1,14,0,11.0,9
3,5,1,15,0,9.0,13
3,5,1,16,0,13.0,2
3,5,1,17,0,2.0,16
3,5,1,18,0,16.0,6
3,5,1,19,0,6.0,10
3,5,1,20,0,10.0,13
3,5,1,21,0,13.0,8
3,5,1,22,0,8.0,9
3,5,1,23,0,9.0,9
3,5,1,24,0,9.0,10
3,5,1,25,0,10.0,13
3,5,1,26,0,13.0,13
3,5,1,27,0,13.0,13
3,5,1,28,0,13.0,9
3,5,1,29,1,9.0,11
3,5,1,30,1,11.0,11
3,5,1,31,0,11.0,9
3,5,1,32,0,9.0,13
3,5,1,33,0,13.0,15
3,5,1,34,0,15.0,21
3,5,1,35,0,21.0,18
3,5,1,36,0,18.0,32
3,5,1,37,0,32.0,12
3,5,1,38,0,12.0,6
3,5,1,39,0,6.0,5
3,5,1,40,0,5.0,18
3,5,1,41,0,18.0,7
3,5,1,42,0,7.0,7
3,5,1,43,0,7.0,12
3,5,1,44,0,12.0,9
3,5,1,45,0,9.0,13
3,5,1,46,0,13.0,12
3,5,1,47,0,12.0,14
3,5,1,48,0,14.0,8
3,5,1,49,0,8.0,10
3,5,1,50,1,10.0,45
3,5,1,51,1,45.0,142
3,5,1,52,1,142.0,35
3,5,1,1,1,35.0,37
3,5,1,2,0,37.0,14
3,5,1,3,0,14.0,11
3,5,1,4,0,11.0,6
3,5,1,5,0,6.0,8
3,5,1,6,1,8.0,11
3,5,1,7,1,11.0,12
3,5,1,8,0,12.0,14
3,5,1,9,1,14.0,10
3,5,1,10,1,10.0,25
3,5,1,11,1,25.0,17
3,5,1,12,1,17.0,10
3,5,1,13,0,10.0,6
3,5,1,14,0,6.0,6
3,5,1,15,0,6.0,3
3,5,1,16,0,3.0,8
3,5,1,17,0,8.0,6
3,5,1,18,0,6.0,13
3,5,1,19,0,13.0,19
3,5,1,20,0,19.0,14
3,5,1,21,0,14.0,4
3,5,1,22,0,4.0,12
3,5,1,23,0,12.0,1
3,5,1,25,0,1.0,10
3,5,1,26,0,10.0,8
3,5,1,27,0,8.0,15
3,5,1,28,0,15.0,14
3,5,1,29,0,14.0,4
3,5,1,30,1,4.0,13
3,5,1,31,0,13.0,7
3,5,1,32,0,7.0,14
3,5,1,33,0,14.0,4
3,5,1,34,0,4.0,5
3,5,1,35,0,5.0,5
3,5,1,36,0,5.0,6
3,5,1,37,0,6.0,9
3,5,1,38,0,9.0,12
3,5,1,39,0,12.0,6
3,5,1,40,0,6.0,13
3,5,1,41,0,13.0,14
3,5,1,42,0,14.0,9
3,5,1,43,0,9.0,13
3,5,1,44,0,13.0,6
3,5,1,45,0,6.0,5
3,5,1,46,0,5.0,9
3,5,1,47,0,9.0,15
3,5,1,48,0,15.0,6
3,5,1,49,0,6.0,18
3,5,1,50,1,18.0,49
3,5,1,51,1,49.0,68
3,5,1,52,1,68.0,64
3,5,1,1,1,64.0,48
3,5,1,2,0,48.0,6
3,5,1,3,0,6.0,15
3,5,1,4,0,15.0,11
3,5,1,5,0,11.0,14
3,5,1,6,1,14.0,11
3,5,1,7,1,11.0,17
3,5,1,8,1,17.0,15
3,5,1,9,1,15.0,4
3,5,1,10,1,4.0,4
3,5,1,11,1,4.0,8
3,5,1,12,1,8.0,25
3,5,1,13,1,25.0,11
3,5,1,14,0,11.0,1
3,5,1,15,0,1.0,10
3,5,1,16,0,10.0,13
3,5,1,17,0,13.0,2
3,5,1,18,0,2.0,6
3,5,1,19,0,6.0,10
3,5,1,20,0,10.0,13
3,5,1,21,0,13.0,16
3,5,1,22,0,16.0,4
3,5,1,23,0,4.0,9
3,5,1,24,0,9.0,4
3,5,1,25,0,4.0,6
3,5,1,26,0,6.0,19
3,5,1,27,0,19.0,7
3,5,1,28,0,7.0,5
3,5,1,29,0,5.0,9
3,5,1,30,1,9.0,17
3,5,1,31,1,17.0,10
3,5,1,32,0,10.0,16
3,5,1,33,0,16.0,23
3,5,1,34,0,23.0,12
3,5,1,35,0,12.0,2
3,5,1,36,0,2.0,15
3,5,1,37,0,15.0,7
3,5,1,38,0,7.0,13
3,5,1,39,0,13.0,13
3,5,1,40,0,13.0,19
3,5,1,41,0,19.0,6
3,5,1,42,0,6.0,20
3,5,1,43,0,20.0,22
3,5,1,44,0,22.0,13
3,5,1,45,0,13.0,6
3,5,1,46,0,6.0,2
3,5,1,47,0,2.0,6
3,5,1,48,0,6.0,14
3,5,1,49,0,14.0,7
3,5,1,50,1,7.0,23
3,5,1,51,1,23.0,86
3,5,1,52,1,86.0,98
3,5,1,1,1,98.0,15
3,5,1,2,0,15.0,13
3,5,1,3,0,13.0,22
3,5,1,4,0,22.0,8
3,5,1,5,0,8.0,6
3,5,1,6,1,6.0,12
3,5,1,7,1,12.0,17
3,5,1,8,1,17.0,14
3,5,1,9,1,14.0,10
3,5,1,10,1,10.0,11
3,5,1,11,1,11.0,14
3,5,1,12,1,14.0,13
3,5,1,13,1,13.0,12
3,5,1,14,0,12.0,4
3,5,1,15,0,4.0,12
3,5,1,16,0,12.0,11
3,5,1,17,0,11.0,4
3,5,1,18,0,4.0,16
3,5,1,19,0,16.0,10
3,5,1,20,0,10.0,15
3,5,1,21,0,15.0,14
3,5,1,22,0,14.0,10
3,5,1,23,0,10.0,10
3,5,1,24,0,10.0,8
3,5,1,25,0,8.0,11
3,5,1,26,0,11.0,2
3,5,1,27,0,2.0,7
3,5,1,28,0,7.0,5
3,5,1,29,0,5.0,15
3,5,1,30,1,15.0,10
3,5,1,31,1,10.0,13
3,5,1,32,0,13.0,7
3,5,1,33,0,7.0,7
3,5,1,34,0,7.0,11
3,5,1,35,0,11.0,8
3,5,1,36,0,8.0,15
3,5,1,37,0,15.0,9
3,5,1,38,0,9.0,17
3,5,1,39,0,17.0,5
3,5,1,40,0,5.0,6
3,5,1,41,0,6.0,16
3,5,1,42,0,16.0,13
3,5,1,43,0,13.0,17
3,5,1,44,0,17.0,14
3,5,1,45,0,14.0,11
3,5,1,46,0,11.0,9
3,5,1,47,0,9.0,20
3,5,1,48,0,20.0,19
3,5,1,49,0,19.0,6
3,5,1,50,1,6.0,27
3,5,1,51,1,27.0,86
3,5,1,52,1,86.0,117
3,5,1,1,1,117.0,97
3,5,1,2,0,97.0,10
3,5,1,3,0,10.0,7
3,5,1,4,0,7.0,12
3,5,1,5,0,12.0,15
3,5,1,6,0,15.0,8
3,5,1,7,1,8.0,16
3,5,1,8,1,16.0,9
3,5,1,9,0,9.0,5
3,5,1,10,1,5.0,8
3,5,1,11,1,8.0,10
3,5,1,12,1,10.0,11
3,5,1,13,1,11.0,27
3,5,1,14,0,27.0,12
3,5,1,15,0,12.0,7
3,5,1,16,0,7.0,14
3,5,1,17,0,14.0,16
3,5,1,18,0,16.0,11
3,5,1,19,0,11.0,13
3,5,1,20,0,13.0,4
3,5,1,21,0,4.0,9
3,5,1,22,0,9.0,11
3,5,1,23,0,11.0,9
3,5,1,24,0,9.0,11
3,5,1,25,0,11.0,9
3,5,1,26,0,9.0,7
3,5,1,27,0,7.0,1
3,5,1,28,0,1.0,10
3,5,1,29,0,10.0,6
3,5,1,30,1,6.0,11
3,5,1,31,1,11.0,11
3,5,1,32,0,11.0,13
3,5,1,33,0,13.0,13
3,5,1,34,0,13.0,3
3,5,1,35,0,3.0,6
3,5,1,36,0,6.0,6
3,5,1,37,0,6.0,8
3,5,1,38,0,8.0,14
3,5,1,39,0,14.0,13
3,5,1,40,0,13.0,10
3,5,1,41,0,10.0,9
3,5,1,42,0,9.0,7
3,5,1,43,0,7.0,9
3,5,1,44,0,9.0,7
3,5,1,45,0,7.0,10
3,5,1,46,0,10.0,23
3,5,1,47,0,23.0,7
3,5,1,48,0,7.0,5
3,5,1,49,0,5.0,13
3,5,1,50,0,13.0,16
3,5,1,51,1,16.0,93
3,5,1,52,1,93.0,31
3,5,1,1,1,31.0,14
3,5,2,1,1,0.0,47
3,5,2,2,0,47.0,9
3,5,2,3,0,9.0,7
3,5,2,4,0,7.0,7
3,5,2,5,0,7.0,5
3,5,2,6,1,5.0,4
3,5,2,7,1,4.0,10
3,5,2,8,1,10.0,7
3,5,2,9,1,7.0,10
3,5,2,10,1,10.0,8
3,5,2,11,1,8.0,10
3,5,2,12,1,10.0,21
3,5,2,13,1,21.0,14
3,5,2,14,0,14.0,17
3,5,2,15,0,17.0,7
3,5,2,16,0,7.0,5
3,5,2,17,0,5.0,18
3,5,2,18,0,18.0,26
3,5,2,19,0,26.0,15
3,5,2,20,0,15.0,5
3,5,2,21,0,5.0,8
3,5,2,22,0,8.0,1
3,5,2,23,0,1.0,7
3,5,2,24,0,7.0,13
3,5,2,25,0,13.0,4
3,5,2,26,0,4.0,6
3,5,2,27,0,6.0,10
3,5,2,28,0,10.0,11
3,5,2,29,1,11.0,18
3,5,2,30,1,18.0,12
3,5,2,31,1,12.0,10
3,5,2,32,0,10.0,11
3,5,2,33,0,11.0,22
3,5,2,34,0,22.0,13
3,5,2,35,0,13.0,8
3,5,2,36,0,8.0,13
3,5,2,37,0,13.0,4
3,5,2,38,0,4.0,6
3,5,2,39,0,6.0,8
3,5,2,40,0,8.0,16
3,5,2,41,0,16.0,9
3,5,2,42,0,9.0,19
3,5,2,43,0,19.0,8
3,5,2,44,0,8.0,10
3,5,2,46,0,10.0,10
3,5,2,47,0,10.0,3
3,5,2,48,0,3.0,11
3,5,2,49,0,11.0,7
3,5,2,50,1,7.0,18
3,5,2,51,1,18.0,81
3,5,2,52,1,81.0,47
3,5,2,1,1,47.0,50
3,5,2,2,0,50.0,7
3,5,2,3,0,7.0,6
3,5,2,4,0,6.0,13
3,5,2,5,0,13.0,18
3,5,2,6,1,18.0,8
3,5,2,7,1,8.0,10
3,5,2,8,1,10.0,10
3,5,2,9,1,10.0,11
3,5,2,10,1,11.0,9
3,5,2,11,1,9.0,9
3,5,2,12,1,9.0,16
3,5,2,13,1,16.0,7
3,5,2,14,0,7.0,11
3,5,2,15,0,11.0,10
3,5,2,16,0,10.0,4
3,5,2,17,0,4.0,13
3,5,2,18,0,13.0,9
3,5,2,19,0,9.0,14
3,5,2,20,0,14.0,6
3,5,2,21,0,6.0,11
3,5,2,22,0,11.0,6
3,5,2,23,0,6.0,7
3,5,2,24,0,7.0,10
3,5,2,25,0,10.0,10
3,5,2,26,0,10.0,20
3,5,2,27,0,20.0,21
3,5,2,28,0,21.0,5
3,5,2,29,0,5.0,16
3,5,2,30,1,16.0,19
3,5,2,31,1,19.0,10
3,5,2,32,0,10.0,17
3,5,2,33,0,17.0,3
3,5,2,34,0,3.0,12
3,5,2,35,0,12.0,13
3,5,2,36,0,13.0,14
3,5,2,37,0,14.0,1
3,5,2,38,0,1.0,17
3,5,2,39,0,17.0,14
3,5,2,40,0,14.0,7
3,5,2,41,0,7.0,21
3,5,2,42,0,21.0,6
3,5,2,43,0,6.0,15
3,5,2,44,0,15.0,18
3,5,2,45,0,18.0,3
3,5,2,46,0,3.0,14
3,5,2,47,0,14.0,6
3,5,2,48,0,6.0,11
3,5,2,49,0,11.0,10
3,5,2,50,0,10.0,6
3,5,2,51,1,6.0,117
3,5,2,52,1,117.0,34
3,5,2,1,1,34.0,42
3,5,2,2,0,42.0,9
3,5,2,3,0,9.0,7
3,5,2,4,0,7.0,5
3,5,2,5,0,5.0,9
3,5,2,6,0,9.0,23
3,5,2,7,1,23.0,15
3,5,2,8,1,15.0,9
3,5,2,9,1,9.0,12
3,5,2,10,1,12.0,10
3,5,2,11,1,10.0,9
3,5,2,12,1,9.0,10
3,5,2,13,1,10.0,6
3,5,2,14,1,6.0,8
3,5,2,15,0,8.0,8
3,5,2,16,0,8.0,4
3,5,2,17,0,4.0,4
3,5,2,18,0,4.0,7
3,5,2,19,0,7.0,7
3,5,2,20,0,7.0,5
3,5,2,21,0,5.0,17
3,5,2,22,0,17.0,6
3,5,2,23,0,6.0,6
3,5,2,24,0,6.0,9
3,5,2,25,0,9.0,11
3,5,2,26,0,11.0,10
3,5,2,27,0,10.0,10
3,5,2,28,0,10.0,16
3,5,2,29,0,16.0,26
3,5,2,30,1,26.0,14
3,5,2,31,1,14.0,11
3,5,2,32,0,11.0,6
3,5,2,33,0,6.0,9
3,5,2,34,0,9.0,12
3,5,2,35,0,12.0,13
3,5,2,36,0,13.0,5
3,5,2,37,0,5.0,15
3,5,2,38,0,15.0,11
3,5,2,39,0,11.0,6
3,5,2,40,0,6.0,7
3,5,2,41,0,7.0,13
3,5,2,42,0,13.0,4
3,5,2,43,0,4.0,26
3,5,2,44,0,26.0,6
3,5,2,45,0,6.0,11
3,5,2,46,0,11.0,10
3,5,2,47,0,10.0,17
3,5,2,48,0,17.0,12
3,5,2,49,0,12.0,9
3,5,2,50,0,9.0,10
3,5,2,51,1,10.0,44
3,5,2,52,1,44.0,62
3,5,2,53,1,62.0,134
3,5,2,1,1,134.0,34
3,5,2,2,0,34.0,4
3,5,2,3,0,4.0,27
3,5,2,4,0,27.0,21
3,5,2,5,0,21.0,10
3,5,2,6,1,10.0,13
3,5,2,7,1,13.0,8
3,5,2,8,0,8.0,17
3,5,2,9,1,17.0,18
3,5,2,10,1,18.0,13
3,5,2,11,1,13.0,12
3,5,2,12,1,12.0,8
3,5,2,13,1,8.0,21
3,5,2,14,0,21.0,4
3,5,2,15,0,4.0,3
3,5,2,16,0,3.0,15
3,5,2,17,0,15.0,11
3,5,2,18,0,11.0,11
3,5,2,19,0,11.0,11
3,5,2,20,0,11.0,17
3,5,2,21,0,17.0,11
3,5,2,22,0,11.0,16
3,5,2,23,0,16.0,16
3,5,2,24,0,16.0,4
3,5,2,25,0,4.0,10
3,5,2,26,0,10.0,10
3,5,2,27,0,10.0,6
3,5,2,28,0,6.0,1
3,5,2,29,1,1.0,28
3,5,2,30,1,28.0,2
3,5,2,31,0,2.0,13
3,5,2,32,0,13.0,18
3,5,2,33,0,18.0,13
3,5,2,34,0,13.0,16
3,5,2,35,0,16.0,8
3,5,2,36,0,8.0,1
3,5,2,37,0,1.0,6
3,5,2,38,0,6.0,9
3,5,2,39,0,9.0,7
3,5,2,40,0,7.0,12
3,5,2,41,0,12.0,10
3,5,2,42,0,10.0,4
3,5,2,43,0,4.0,7
3,5,2,44,0,7.0,8
3,5,2,45,0,8.0,12
3,5,2,46,0,12.0,9
3,5,2,47,0,9.0,12
3,5,2,48,0,12.0,9
3,5,2,49,0,9.0,15
3,5,2,50,1,15.0,34
3,5,2,51,1,34.0,96
3,5,2,52,1,96.0,34
3,5,2,1,1,34.0,33
3,5,2,2,0,33.0,6
3,5,2,3,0,6.0,12
3,5,2,4,0,12.0,5
3,5,2,5,0,5.0,15
3,5,2,6,1,15.0,11
3,5,2,7,1,11.0,11
3,5,2,8,0,11.0,18
3,5,2,9,1,18.0,19
3,5,2,10,1,19.0,3
3,5,2,11,1,3.0,6
3,5,2,12,1,6.0,4
3,5,2,13,1,4.0,9
3,5,2,14,0,9.0,10
3,5,2,15,0,10.0,5
3,5,2,16,0,5.0,11
3,5,2,17,0,11.0,12
3,5,2,18,0,12.0,20
3,5,2,19,0,20.0,9
3,5,2,20,0,9.0,8
3,5,2,21,0,8.0,9
3,5,2,22,0,9.0,4
3,5,2,23,0,4.0,23
3,5,2,24,0,23.0,9
3,5,2,25,0,9.0,7
3,5,2,26,0,7.0,17
3,5,2,27,0,17.0,5
3,5,2,28,0,5.0,9
3,5,2,29,1,9.0,17
3,5,2,30,1,17.0,8
3,5,2,31,0,8.0,4
3,5,2,32,0,4.0,6
3,5,2,33,0,6.0,6
3,5,2,34,0,6.0,16
3,5,2,35,0,16.0,6
3,5,2,36,0,6.0,9
3,5,2,37,0,9.0,9
3,5,2,38,0,9.0,20
3,5,2,39,0,20.0,12
3,5,2,40,0,12.0,14
3,5,2,41,0,14.0,16
3,5,2,42,0,16.0,20
3,5,2,43,0,20.0,18
3,5,2,44,0,18.0,6
3,5,2,45,0,6.0,12
3,5,2,46,0,12.0,13
3,5,2,47,0,13.0,10
3,5,2,48,0,10.0,10
3,5,2,49,0,10.0,4
3,5,2,50,1,4.0,59
3,5,2,51,1,59.0,78
3,5,2,52,1,78.0,84
3,5,2,1,1,84.0,31
3,5,2,2,0,31.0,2
3,5,2,3,0,2.0,12
3,5,2,4,0,12.0,7
3,5,2,5,0,7.0,7
3,5,2,6,1,7.0,4
3,5,2,7,1,4.0,9
3,5,2,8,0,9.0,12
3,5,2,10,1,12.0,19
3,5,2,11,1,19.0,12
3,5,2,12,1,12.0,10
3,5,2,13,1,10.0,10
3,5,2,14,0,10.0,13
3,5,2,15,0,13.0,17
3,5,2,16,0,17.0,7
3,5,2,17,0,7.0,10
3,5,2,18,0,10.0,12
3,5,2,19,0,12.0,5
3,5,2,20,0,5.0,11
3,5,2,21,0,11.0,7
3,5,2,22,0,7.0,5
3,5,2,23,0,5.0,15
3,5,2,24,0,15.0,7
3,5,2,25,0,7.0,15
3,5,2,26,0,15.0,12
3,5,2,27,0,12.0,2
3,5,2,28,0,2.0,12
3,5,2,29,1,12.0,8
3,5,2,30,1,8.0,8
3,5,2,31,0,8.0,7
3,5,2,32,0,7.0,9
3,5,2,33,0,9.0,9
3,5,2,34,0,9.0,14
3,5,2,35,0,14.0,7
3,5,2,36,0,7.0,19
3,5,2,38,0,19.0,10
3,5,2,39,0,10.0,3
3,5,2,40,0,3.0,8
3,5,2,41,0,8.0,4
3,5,2,42,0,4.0,5
3,5,2,43,0,5.0,6
3,5,2,44,0,6.0,14
3,5,2,45,0,14.0,5
3,5,2,46,0,5.0,15
3,5,2,47,0,15.0,10
3,5,2,48,0,10.0,14
3,5,2,49,0,14.0,12
3,5,2,50,1,12.0,56
3,5,2,51,1,56.0,45
3,5,2,52,1,45.0,122
3,5,2,1,0,122.0,4
3,5,2,2,0,4.0,4
3,5,2,3,0,4.0,11
3,5,2,4,0,11.0,12
3,5,2,5,0,12.0,12
3,5,2,6,1,12.0,10
3,5,2,7,1,10.0,13
3,5,2,8,1,13.0,13
3,5,2,9,1,13.0,9
3,5,2,10,1,9.0,27
3,5,2,11,1,27.0,10
3,5,2,12,1,10.0,9
3,5,2,13,1,9.0,9
3,5,2,14,0,9.0,21
3,5,2,15,0,21.0,11
3,5,2,16,0,11.0,6
3,5,2,17,0,6.0,18
3,5,2,18,0,18.0,1
3,5,2,19,0,1.0,7
3,5,2,20,0,7.0,16
3,5,2,21,0,16.0,5
3,5,2,22,0,5.0,12
3,5,2,23,0,12.0,8
3,5,2,24,0,8.0,5
3,5,2,25,0,5.0,14
3,5,2,26,0,14.0,17
3,5,2,27,0,17.0,9
3,5,2,28,0,9.0,8
3,5,2,29,0,8.0,18
3,5,2,30,1,18.0,10
3,5,2,31,1,10.0,9
3,5,2,32,0,9.0,18
3,5,2,33,0,18.0,9
3,5,2,34,0,9.0,16
3,5,2,35,0,16.0,10
3,5,2,36,0,10.0,8
3,5,2,37,0,8.0,15
3,5,2,38,0,15.0,12
3,5,2,39,0,12.0,10
3,5,2,40,0,10.0,4
3,5,2,41,0,4.0,8
3,5,2,42,0,8.0,5
3,5,2,43,0,5.0,18
3,5,2,44,0,18.0,8
3,5,2,45,0,8.0,5
3,5,2,46,0,5.0,17
3,5,2,47,0,17.0,2
3,5,2,48,0,2.0,11
3,5,2,49,0,11.0,10
3,5,2,50,0,10.0,11
3,5,2,51,1,11.0,66
3,5,2,52,1,66.0,46
3,5,2,1,1,46.0,68
3,5,2,2,0,68.0,8
3,5,2,3,0,8.0,9
3,5,2,4,0,9.0,10
3,5,2,5,0,10.0,11
3,5,2,6,0,11.0,17
3,5,2,7,1,17.0,10
3,5,2,8,1,10.0,15
3,5,2,9,1,15.0,4
3,5,2,10,1,4.0,20
3,5,2,11,1,20.0,8
3,5,2,12,1,8.0,8
3,5,2,13,1,8.0,11
3,5,2,14,0,11.0,14
3,5,2,15,0,14.0,9
3,5,2,16,0,9.0,6
3,5,2,17,0,6.0,14
3,5,2,18,0,14.0,14
3,5,2,19,0,14.0,18
3,5,2,20,0,18.0,9
3,5,2,21,0,9.0,17
3,5,2,22,0,17.0,13
3,5,2,23,0,13.0,6
3,5,2,24,0,6.0,11
3,5,2,25,0,11.0,11
3,5,2,26,0,11.0,14
3,5,2,27,0,14.0,8
3,5,2,28,0,8.0,10
3,5,2,29,0,10.0,15
3,5,2,30,1,15.0,5
3,5,2,31,1,5.0,11
3,5,2,32,0,11.0,17
3,5,2,33,0,17.0,4
3,5,2,34,0,4.0,21
3,5,2,35,0,21.0,14
3,5,2,36,0,14.0,4
3,5,2,37,0,4.0,12
3,5,2,38,0,12.0,11
3,5,2,39,0,11.0,9
3,5,2,40,0,9.0,15
3,5,2,41,0,15.0,15
3,5,2,42,0,15.0,13
3,5,2,43,0,13.0,14
3,5,2,44,0,14.0,16
3,5,2,45,0,16.0,4
3,5,2,46,0,4.0,19
3,5,2,47,0,19.0,7
3,5,2,48,0,7.0,6
3,5,2,49,0,6.0,11
3,5,2,50,0,11.0,11
3,5,2,51,1,11.0,62
3,5,2,52,1,62.0,76
3,5,2,1,1,76.0,13
4,0,0,1,1,0.0,6
4,0,0,2,0,6.0,15
4,0,0,3,0,15.0,5
4,0,0,4,0,5.0,5
4,0,0,5,0,5.0,16
4,0,0,6,1,16.0,16
4,0,0,7,1,16.0,13
4,0,0,8,1,13.0,10
4,0,0,9,1,10.0,9
4,0,0,10,1,9.0,8
4,0,0,11,1,8.0,12
4,0,0,12,1,12.0,5
4,0,0,13,1,5.0,15
4,0,0,14,0,15.0,17
4,0,0,15,0,17.0,14
4,0,0,16,0,14.0,11
4,0,0,17,0,11.0,2
4,0,0,18,0,2.0,10
4,0,0,19,0,10.0,16
4,0,0,20,0,16.0,10
4,0,0,21,0,10.0,5
4,0,0,22,0,5.0,10
4,0,0,23,0,10.0,3
4,0,0,24,0,3.0,10
4,0,0,25,0,10.0,18
4,0,0,26,0,18.0,5
4,0,0,27,0,5.0,2
4,0,0,28,0,2.0,13
4,0,0,29,0,13.0,4
4,0,0,30,1,4.0,13
4,0,0,31,1,13.0,16
4,0,0,32,0,16.0,14
4,0,0,33,0,14.0,3
4,0,0,34,0,3.0,5
4,0,0,35,0,5.0,2
4,0,0,36,0,2.0,8
4,0,0,37,0,8.0,9
4,0,0,38,0,9.0,12
4,0,0,39,0,12.0,10
4,0,0,40,0,10.0,7
4,0,0,41,0,7.0,2
4,0,0,42,0,2.0,12
4,0,0,43,0,12.0,14
4,0,0,44,0,14.0,12
4,0,0,45,0,12.0,14
4,0,0,46,0,14.0,11
4,0,0,47,0,11.0,8
4,0,0,48,0,8.0,15
4,0,0,49,0,15.0,3
4,0,0,50,1,3.0,8
4,0,0,51,1,8.0,19
4,0,0,52,1,19.0,5
4,0,0,1,1,5.0,14
4,0,0,2,0,14.0,12
4,0,0,3,0,12.0,13
4,0,0,4,0,13.0,10
4,0,0,5,0,10.0,16
4,0,0,6,0,16.0,4
4,0,0,7,1,4.0,11
4,0,0,8,1,11.0,12
4,0,0,9,1,12.0,4
4,0,0,10,1,4.0,6
4,0,0,11,1,6.0,10
4,0,0,12,1,10.0,5
4,0,0,14,0,5.0,12
4,0,0,15,0,12.0,20
4,0,0,16,0,20.0,12
4,0,0,17,0,12.0,5
4,0,0,18,0,5.0,17
4,0,0,19,0,17.0,6
4,0,0,20,0,6.0,12
4,0,0,21,0,12.0,13
4,0,0,22,0,13.0,9
4,0,0,23,0,9.0,11
4,0,0,24,0,11.0,9
4,0,0,25,0,9.0,18
4,0,0,26,0,18.0,14
4,0,0,27,0,14.0,8
4,0,0,28,0,8.0,3
4,0,0,29,0,3.0,6
4,0,0,30,1,6.0,8
4,0,0,31,1,8.0,13
4,0,0,32,0,13.0,13
4,0,0,33,0,13.0,10
4,0,0,34,0,10.0,11
4,0,0,35,0,11.0,5
4,0,0,36,0,5.0,14
4,0,0,37,0,14.0,20
4,0,0,38,0,20.0,10
4,0,0,39,0,10.0,11
4,0,0,40,0,11.0,4
4,0,0,41,0,4.0,7
4,0,0,42,0,7.0,17
4,0,0,43,0,17.0,7
4,0,0,44,0,7.0,12
4,0,0,45,0,12.0,11
4,0,0,46,0,11.0,11
4,0,0,47,0,11.0,17
4,0,0,48,0,17.0,9
4,0,0,49,0,9.0,16
4,0,0,50,0,16.0,14
4,0,0,51,1,14.0,16
4,0,0,52,1,16.0,9
4,0,0,1,1,9.0,3
4,0,0,2,0,3.0,7
4,0,0,3,0,7.0,11
4,0,0,4,0,11.0,13
4,0,0,5,0,13.0,9
4,0,0,6,0,9.0,14
4,0,0,7,1,14.0,8
4,0,0,8,1,8.0,8
4,0,0,9,0,8.0,11
4,0,0,10,1,11.0,13
4,0,0,11,1,13.0,6
4,0,0,12,1,6.0,8
4,0,0,13,1,8.0,20
4,0,0,14,1,20.0,14
4,0,0,15,0,14.0,10
4,0,0,16,0,10.0,18
4,0,0,17,0,18.0,8
4,0,0,18,0,8.0,7
4,0,0,19,0,7.0,11
4,0,0,20,0,11.0,5
4,0,0,21,0,5.0,12
4,0,0,22,0,12.0,9
4,0,0,23,0,9.0,11
4,0,0,24,0,11.0,11
4,0,0,25,0,11.0,7
4,0,0,26,0,7.0,9
4,0,0,27,0,9.0,13
4,0,0,28,0,13.0,16
4,0,0,29,0,16.0,8
4,0,0,30,1,8.0,20
4,0,0,31,1,20.0,7
4,0,0,32,0,7.0,6
4,0,0,33,0,6.0,6
4,0,0,34,0,6.0,3
4,0,0,35,0,3.0,13
4,0,0,36,0,13.0,19
4,0,0,37,0,19.0,6
4,0,0,38,0,6.0,21
4,0,0,39,0,21.0,9
4,0,0,40,0,9.0,12
4,0,0,41,0,12.0,4
4,0,0,42,0,4.0,12
4,0,0,43,0,12.0,22
4,0,0,44,0,22.0,1
4,0,0,45,0,1.0,16
4,0,0,46,0,16.0,13
4,0,0,47,0,13.0,12
4,0,0,48,0,12.0,9
4,0,0,49,0,9.0,12
4,0,0,50,0,12.0,9
4,0,0,51,1,9.0,12
4,0,0,52,1,12.0,15
4,0,0,53,1,15.0,7
4,0,0,1,1,7.0,15
4,0,0,2,0,15.0,7
4,0,0,3,0,7.0,6
4,0,0,4,0,6.0,5
4,0,0,5,0,5.0,9
4,0,0,6,1,9.0,18
4,0,0,7,1,18.0,7
4,0,0,8,0,7.0,16
4,0,0,9,1,16.0,7
4,0,0,10,1,7.0,6
4,0,0,11,1,6.0,11
4,0,0,12,1,11.0,8
4,0,0,13,1,8.0,15
4,0,0,14,0,15.0,21
4,0,0,15,0,21.0,20
4,0,0,16,0,20.0,10
4,0,0,17,0,10.0,10
4,0,0,18,0,10.0,12
4,0,0,19,0,12.0,10
4,0,0,20,0,10.0,12
4,0,0,21,0,12.0,3
4,0,0,22,0,3.0,8
4,0,0,23,0,8.0,8
4,0,0,24,0,8.0,9
4,0,0,25,0,9.0,23
4,0,0,26,0,23.0,11
4,0,0,27,0,11.0,10
4,0,0,28,0,10.0,16
4,0,0,29,1,16.0,15
4,0,0,30,1,15.0,4
4,0,0,31,0,4.0,8
4,0,0,32,0,8.0,15
4,0,0,33,0,15.0,8
4,0,0,34,0,8.0,14
4,0,0,35,0,14.0,13
4,0,0,36,0,13.0,12
4,0,0,37,0,12.0,9
4,0,0,38,0,9.0,15
4,0,0,39,0,15.0,22
4,0,0,40,0,22.0,13
4,0,0,41,0,13.0,14
4,0,0,42,0,14.0,12
4,0,0,43,0,12.0,3
4,0,0,44,0,3.0,13
4,0,0,45,0,13.0,10
4,0,0,46,0,10.0,12
4,0,0,47,0,12.0,14
4,0,0,48,0,14.0,8
4,0,0,49,0,8.0,9
4,0,0,50,0,9.0,3
4,0,0,51,1,3.0,6
4,0,0,52,1,6.0,2
4,0,0,1,1,2.0,6
4,0,0,2,0,6.0,12
4,0,0,3,0,12.0,6
4,0,0,4,0,6.0,8
4,0,0,5,0,8.0,7
4,0,0,6,1,7.0,6
4,0,0,7,1,6.0,5
4,0,0,8,0,5.0,5
4,0,0,9,1,5.0,10
4,0,0,10,1,10.0,2
4,0,0,11,1,2.0,14
4,0,0,12,1,14.0,2
4,0,0,13,1,2.0,11
4,0,0,14,0,11.0,8
4,0,0,15,0,8.0,13
4,0,0,16,0,13.0,3
4,0,0,17,0,3.0,7
4,0,0,18,0,7.0,4
4,0,0,19,0,4.0,11
4,0,0,20,0,11.0,11
4,0,0,21,0,11.0,11
4,0,0,22,0,11.0,9
4,0,0,23,0,9.0,11
4,0,0,24,0,11.0,16
4,0,0,25,0,16.0,19
4,0,0,26,0,19.0,11
4,0,0,27,0,11.0,11
4,0,0,28,0,11.0,8
4,0,0,29,1,8.0,10
4,0,0,30,1,10.0,17
4,0,0,31,0,17.0,13
4,0,0,32,0,13.0,23
4,0,0,33,0,23.0,8
4,0,0,34,0,8.0,4
4,0,0,35,0,4.0,6
4,0,0,36,0,6.0,21
4,0,0,37,0,21.0,5
4,0,0,38,0,5.0,6
4,0,0,39,0,6.0,16
4,0,0,40,0,16.0,14
4,0,0,41,0,14.0,21
4,0,0,42,0,21.0,17
4,0,0,43,0,17.0,7
4,0,0,44,0,7.0,22
4,0,0,45,0,22.0,10
4,0,0,46,0,10.0,12
4,0,0,47,0,12.0,8
4,0,0,48,0,8.0,4
4,0,0,49,0,4.0,8
4,0,0,50,1,8.0,16
4,0,0,51,1,16.0,7
4,0,0,52,1,7.0,8
4,0,0,1,1,8.0,10
4,0,0,2,0,10.0,3
4,0,0,3,0,3.0,6
4,0,0,4,0,6.0,8
4,0,0,5,0,8.0,10
4,0,0,6,1,10.0,7
4,0,0,7,1,7.0,7
4,0,0,8,1,7.0,15
4,0,0,9,1,15.0,15
4,0,0,10,1,15.0,8
4,0,0,11,1,8.0,7
4,0,0,12,1,7.0,13
4,0,0,13,1,13.0,15
4,0,0,14,0,15.0,6
4,0,0,15,0,6.0,15
4,0,0,16,0,15.0,12
4,0,0,17,0,12.0,10
4,0,0,18,0,10.0,8
4,0,0,19,0,8.0,15
4,0,0,20,0,15.0,16
4,0,0,21,0,16.0,13
4,0,0,22,0,13.0,2
4,0,0,23,0,2.0,3
4,0,0,24,0,3.0,9
4,0,0,25,0,9.0,11
4,0,0,26,0,11.0,6
4,0,0,27,0,6.0,7
4,0,0,28,0,7.0,10
4,0,0,29,1,10.0,9
4,0,0,30,1,9.0,15
4,0,0,31,1,15.0,12
4,0,0,32,0,12.0,4
4,0,0,33,0,4.0,9
4,0,0,34,0,9.0,8
4,0,0,35,0,8.0,16
4,0,0,36,0,16.0,13
4,0,0,37,0,13.0,21
4,0,0,38,0,21.0,8
4,0,0,39,0,8.0,8
4,0,0,40,0,8.0,4
4,0,0,41,0,4.0,7
4,0,0,42,0,7.0,8
4,0,0,43,0,8.0,7
4,0,0,44,0,7.0,14
4,0,0,45,0,14.0,15
4,0,0,47,0,15.0,13
4,0,0,48,0,13.0,12
4,0,0,49,0,12.0,3
4,0,0,50,1,3.0,11
4,0,0,51,1,11.0,10
4,0,0,52,1,10.0,12
4,0,0,1,1,12.0,14
4,0,0,2,0,14.0,6
4,0,0,3,0,6.0,9
4,0,0,4,0,9.0,16
4,0,0,5,0,16.0,18
4,0,0,6,1,18.0,16
4,0,0,7,1,16.0,11
4,0,0,8,1,11.0,12
4,0,0,9,0,12.0,8
4,0,0,10,1,8.0,7
4,0,0,11,1,7.0,9
4,0,0,12,1,9.0,17
4,0,0,13,1,17.0,7
4,0,0,14,0,7.0,10
4,0,0,15,0,10.0,7
4,0,0,16,0,7.0,15
4,0,0,17,0,15.0,7
4,0,0,18,0,7.0,13
4,0,0,19,0,13.0,14
4,0,0,20,0,14.0,19
4,0,0,21,0,19.0,9
4,0,0,22,0,9.0,9
4,0,0,23,0,9.0,9
4,0,0,24,0,9.0,22
4,0,0,25,0,22.0,10
4,0,0,26,0,10.0,10
4,0,0,27,0,10.0,17
4,0,0,28,0,17.0,13
4,0,0,29,0,13.0,12
4,0,0,30,1,12.0,4
4,0,0,31,1,4.0,17
4,0,0,32,0,17.0,13
4,0,0,33,0,13.0,10
4,0,0,34,0,10.0,8
4,0,0,35,0,8.0,13
4,0,0,36,0,13.0,7
4,0,0,37,0,7.0,13
4,0,0,38,0,13.0,5
4,0,0,39,0,5.0,6
4,0,0,40,0,6.0,5
4,0,0,41,0,5.0,17
4,0,0,42,0,17.0,8
4,0,0,43,0,8.0,7
4,0,0,44,0,7.0,6
4,0,0,45,0,6.0,14
4,0,0,46,0,14.0,1
4,0,0,47,0,1.0,5
4,0,0,48,0,5.0,14
4,0,0,49,0,14.0,12
4,0,0,50,1,12.0,12
4,0,0,51,1,12.0,12
4,0,0,52,1,12.0,20
4,0,0,1,1,20.0,13
4,0,0,2,0,13.0,8
4,0,0,3,0,8.0,11
4,0,0,4,0,11.0,6
4,0,0,5,0,6.0,19
4,0,0,6,0,19.0,11
4,0,0,7,1,11.0,6
4,0,0,8,1,6.0,9
4,0,0,9,1,9.0,7
4,0,0,10,1,7.0,14
4,0,0,11,1,14.0,20
4,0,0,12,1,20.0,10
4,0,0,13,1,10.0,6
4,0,0,14,1,6.0,9
4,0,0,15,0,9.0,10
4,0,0,16,0,10.0,25
4,0,0,17,0,25.0,15
4,0,0,18,0,15.0,8
4,0,0,19,0,8.0,8
4,0,0,20,0,8.0,9
4,0,0,21,0,9.0,5
4,0,0,22,0,5.0,11
4,0,0,23,0,11.0,9
4,0,0,24,0,9.0,7
4,0,0,25,0,7.0,7
4,0,0,26,0,7.0,9
4,0,0,27,0,9.0,7
4,0,0,28,0,7.0,3
4,0,0,29,0,3.0,8
4,0,0,30,1,8.0,15
4,0,0,31,1,15.0,13
4,0,0,32,0,13.0,13
4,0,0,33,0,13.0,12
4,0,0,34,0,12.0,9
4,0,0,35,0,9.0,14
4,0,0,36,0,14.0,15
4,0,0,37,0,15.0,14
4,0,0,38,0,14.0,7
4,0,0,39,0,7.0,9
4,0,0,40,0,9.0,6
4,0,0,41,0,6.0,8
4,0,0,42,0,8.0,12
4,0,0,43,0,12.0,11
4,0,0,44,0,11.0,18
4,0,0,45,0,18.0,11
4,0,0,46,0,11.0,12
4,0,0,47,0,12.0,10
4,0,0,48,0,10.0,8
4,0,0,49,0,8.0,10
4,0,0,50,0,10.0,13
4,0,0,51,1,13.0,12
4,0,0,52,1,12.0,13
4,0,0,1,1,13.0,4
4,0,1,1,1,0.0,4
4,0,1,2,0,4.0,17
4,0,1,3,0,17.0,11
4,0,1,4,0,11.0,4
4,0,1,5,0,4.0,6
4,0,1,6,1,6.0,21
4,0,1,7,1,21.0,19
4,0,1,8,1,19.0,9
4,0,1,9,1,9.0,11
4,0,1,10,1,11.0,14
4,0,1,11,1,14.0,22
4,0,1,12,1,22.0,8
4,0,1,13,1,8.0,12
4,0,1,14,0,12.0,8
4,0,1,15,0,8.0,9
4,0,1,16,0,9.0,8
4,0,1,17,0,8.0,16
4,0,1,18,0,16.0,6
4,0,1,19,0,6.0,9
4,0,1,20,0,9.0,15
4,0,1,21,0,15.0,5
4,0,1,22,0,5.0,10
4,0,1,23,0,10.0,8
4,0,1,24,0,8.0,5
4,0,1,25,0,5.0,8
4,0,1,26,0,8.0,18
4,0,1,27,0,18.0,8
4,0,1,28,0,8.0,6
4,0,1,29,0,6.0,8
4,0,1,30,1,8.0,5
4,0,1,31,0,5.0,4
4,0,1,32,0,4.0,16
4,0,1,33,0,16.0,16
4,0,1,34,0,16.0,7
4,0,1,35,0,7.0,17
4,0,1,36,0,17.0,17
4,0,1,37,0,17.0,4
4,0,1,38,0,4.0,7
4,0,1,39,0,7.0,9
4,0,1,40,0,9.0,9
4,0,1,41,0,9.0,13
4,0,1,42,0,13.0,12
4,0,1,43,0,12.0,7
4,0,1,44,0,7.0,13
4,0,1,45,0,13.0,11
4,0,1,46,0,11.0,15
4,0,1,47,0,15.0,14
4,0,1,49,0,14.0,13
4,0,1,50,1,13.0,9
4,0,1,51,1,9.0,8
4,0,1,52,1,8.0,3
4,0,1,1,1,3.0,9
4,0,1,2,0,9.0,18
4,0,1,3,0,18.0,13
4,0,1,4,0,13.0,3
4,0,1,5,0,3.0,8
4,0,1,6,1,8.0,13
4,0,1,7,1,13.0,13
4,0,1,8,1,13.0,13
4,0,1,9,1,13.0,15
4,0,1,10,1,15.0,15
4,0,1,11,1,15.0,8
4,0,1,12,1,8.0,12
4,0,1,13,1,12.0,14
4,0,1,14,0,14.0,14
4,0,1,15,0,14.0,2
4,0,1,16,0,2.0,6
4,0,1,17,0,6.0,14
4,0,1,18,0,14.0,8
4,0,1,19,0,8.0,7
4,0,1,20,0,7.0,14
4,0,1,21,0,14.0,11
4,0,1,22,0,11.0,13
4,0,1,23,0,13.0,13
4,0,1,24,0,13.0,24
4,0,1,25,0,24.0,2
4,0,1,26,0,2.0,11
4,0,1,27,0,11.0,10
4,0,1,28,0,10.0,11
4,0,1,29,0,11.0,25
4,0,1,30,1,25.0,7
4,0,1,31,1,7.0,4
4,0,1,32,0,4.0,17
4,0,1,33,0,17.0,11
4,0,1,34,0,11.0,11
4,0,1,35,0,11.0,7
4,0,1,36,0,7.0,15
4,0,1,37,0,15.0,12
4,0,1,38,0,12.0,16
4,0,1,39,0,16.0,8
4,0,1,40,0,8.0,8
4,0,1,41,0,8.0,11
4,0,1,42,0,11.0,13
4,0,1,43,0,13.0,10
4,0,1,44,0,10.0,3
4,0,1,45,0,3.0,11
4,0,1,46,0,11.0,8
4,0,1,47,0,8.0,11
4,0,1,48,0,11.0,9
4,0,1,49,0,9.0,11
4,0,1,50,0,11.0,8
4,0,1,51,1,8.0,7
4,0,1,52,1,7.0,15
4,0,1,1,1,15.0,9
4,0,1,2,0,9.0,10
4,0,1,3,0,10.0,8
4,0,1,4,0,8.0,7
4,0,1,5,0,7.0,9
4,0,1,6,0,9.0,15
4,0,1,7,1,15.0,9
4,0,1,8,1,9.0,5
4,0,1,9,1,5.0,8
4,0,1,10,1,8.0,8
4,0,1,11,1,8.0,16
4,0,1,12,1,16.0,5
4,0,1,13,1,5.0,11
4,0,1,14,0,11.0,7
4,0,1,15,0,7.0,10
4,0,1,16,0,10.0,21
4,0,1,17,0,21.0,8
4,0,1,18,0,8.0,1
4,0,1,19,0,1.0,12
4,0,1,20,0,12.0,14
4,0,1,21,0,14.0,11
4,0,1,22,0,11.0,7
4,0,1,23,0,7.0,8
4,0,1,24,0,8.0,15
4,0,1,25,0,15.0,12
4,0,1,26,0,12.0,13
4,0,1,27,0,13.0,11
4,0,1,28,0,11.0,5
4,0,1,29,0,5.0,6
4,0,1,30,1,6.0,7
4,0,1,31,1,7.0,9
4,0,1,32,0,9.0,10
4,0,1,33,0,10.0,11
4,0,1,34,0,11.0,9
4,0,1,35,0,9.0,10
4,0,1,36,0,10.0,12
4,0,1,37,0,12.0,7
4,0,1,38,0,7.0,5
4,0,1,39,0,5.0,6
4,0,1,40,0,6.0,19
4,0,1,41,0,19.0,5
4,0,1,42,0,5.0,19
4,0,1,43,0,19.0,15
4,0,1,44,0,15.0,13
4,0,1,45,0,13.0,6
4,0,1,46,0,6.0,5
4,0,1,47,0,5.0,8
4,0,1,48,0,8.0,5
4,0,1,49,0,5.0,5
4,0,1,50,0,5.0,8
4,0,1,51,1,8.0,2
4,0,1,52,1,2.0,10
4,0,1,53,1,10.0,10
4,0,1,1,1,10.0,7
4,0,1,2,0,7.0,13
4,0,1,3,0,13.0,11
4,0,1,4,0,11.0,8
4,0,1,5,0,8.0,6
4,0,1,6,1,6.0,8
4,0,1,7,1,8.0,12
4,0,1,8,0,12.0,17
4,0,1,9,1,17.0,7
4,0,1,10,1,7.0,8
4,0,1,11,1,8.0,7
4,0,1,12,1,7.0,11
4,0,1,13,1,11.0,15
4,0,1,14,0,15.0,12
4,0,1,15,0,12.0,9
4,0,1,16,0,9.0,15
4,0,1,17,0,15.0,12
4,0,1,18,0,12.0,11
4,0,1,19,0,11.0,19
4,0,1,20,0,19.0,13
4,0,1,22,0,13.0,11
4,0,1,23,0,11.0,7
4,0,1,24,0,7.0,12
4,0,1,25,0,12.0,5
4,0,1,26,0,5.0,13
4,0,1,27,0,13.0,19
4,0,1,28,0,19.0,7
4,0,1,29,1,7.0,20
4,0,1,30,1,20.0,16
4,0,1,31,0,16.0,7
4,0,1,32,0,7.0,12
4,0,1,33,0,12.0,13
4,0,1,34,0,13.0,21
4,0,1,35,0,21.0,14
4,0,1,36,0,14.0,13
4,0,1,37,0,13.0,7
4,0,1,38,0,7.0,4
4,0,1,39,0,4.0,13
4,0,1,40,0,13.0,5
4,0,1,41,0,5.0,6
4,0,1,42,0,6.0,7
4,0,1,43,0,7.0,7
4,0,1,44,0,7.0,10
4,0,1,45,0,10.0,11
4,0,1,46,0,11.0,12
4,0,1,47,0,12.0,15
4,0,1,48,0,15.0,8
4,0,1,49,0,8.0,19
4,0,1,50,1,19.0,7
4,0,1,51,1,7.0,12
4,0,1,52,1,12.0,13
4,0,1,1,1,13.0,15
4,0,1,3,0,15.0,16
4,0,1,4,0,16.0,8
4,0,1,5,0,8.0,7
4,0,1,6,0,7.0,8
4,0,1,7,1,8.0,8
4,0,1,8,0,8.0,21
4,0,1,9,1,21.0,15
4,0,1,10,1,15.0,10
4,0,1,11,1,10.0,4
4,0,1,12,1,4.0,1
4,0,1,13,1,1.0,11
4,0,1,14,0,11.0,17
4,0,1,15,0,17.0,7
4,0,1,16,0,7.0,12
4,0,1,17,0,12.0,5
4,0,1,18,0,5.0,15
4,0,1,19,0,15.0,13
4,0,1,20,0,13.0,4
4,0,1,21,0,4.0,12
4,0,1,22,0,12.0,5
4,0,1,23,0,5.0,7
4,0,1,24,0,7.0,21
4,0,1,25,0,21.0,17
4,0,1,26,0,17.0,30
4,0,1,27,0,30.0,9
4,0,1,28,0,9.0,17
4,0,1,29,1,17.0,21
4,0,1,30,1,21.0,15
4,0,1,31,0,15.0,7
4,0,1,32,0,7.0,14
4,0,1,33,0,14.0,9
4,0,1,34,0,9.0,8
4,0,1,35,0,8.0,14
4,0,1,36,0,14.0,8
4,0,1,37,0,8.0,13
4,0,1,38,0,13.0,8
4,0,1,39,0,8.0,5
4,0,1,40,0,5.0,9
4,0,1,41,0,9.0,9
4,0,1,42,0,9.0,10
4,0,1,43,0,10.0,12
4,0,1,44,0,12.0,8
4,0,1,45,0,8.0,23
4,0,1,46,0,23.0,12
4,0,1,47,0,12.0,17
4,0,1,48,0,17.0,7
4,0,1,49,0,7.0,14
4,0,1,50,1,14.0,6
4,0,1,51,1,6.0,8
4,0,1,52,1,8.0,14
4,0,1,1,1,14.0,13
4,0,1,2,0,13.0,16
4,0,1,3,0,16.0,5
4,0,1,4,0,5.0,12
4,0,1,5,0,12.0,24
4,0,1,6,1,24.0,7
4,0,1,7,1,7.0,6
4,0,1,8,1,6.0,18
4,0,1,9,1,18.0,11
4,0,1,10,1,11.0,7
4,0,1,11,1,7.0,13
4,0,1,12,1,13.0,12
4,0,1,13,1,12.0,18
4,0,1,14,0,18.0,10
4,0,1,15,0,10.0,8
4,0,1,16,0,8.0,15
4,0,1,17,0,15.0,8
4,0,1,18,0,8.0,20
4,0,1,19,0,20.0,18
4,0,1,20,0,18.0,7
4,0,1,21,0,7.0,16
4,0,1,22,0,16.0,14
4,0,1,23,0,14.0,10
4,0,1,24,0,10.0,2
4,0,1,25,0,2.0,9
4,0,1,26,0,9.0,9
4,0,1,27,0,9.0,10
4,0,1,28,0,10.0,7
4,0,1,29,1,7.0,20
4,0,1,30,1,20.0,4
4,0,1,31,0,4.0,3
4,0,1,32,0,3.0,11
4,0,1,33,0,11.0,8
4,0,1,34,0,8.0,20
4,0,1,35,0,20.0,10
4,0,1,36,0,10.0,8
4,0,1,37,0,8.0,16
4,0,1,38,0,16.0,15
4,0,1,39,0,15.0,9
4,0,1,40,0,9.0,12
4,0,1,41,0,12.0,19
4,0,1,42,0,19.0,17
4,0,1,43,0,17.0,11
4,0,1,44,0,11.0,22
4,0,1,45,0,22.0,2
4,0,1,46,0,2.0,14
4,0,1,47,0,14.0,17
4,0,1,48,0,17.0,17
4,0,1,49,0,17.0,1
4,0,1,50,0,1.0,7
4,0,1,51,1,7.0,6
4,0,1,52,1,6.0,13
4,0,1,1,1,13.0,18
4,0,1,2,0,18.0,9
4,0,1,3,0,9.0,13
4,0,1,4,0,13.0,8
4,0,1,5,0,8.0,8
4,0,1,6,1,8.0,8
4,0,1,7,1,8.0,9
4,0,1,8,0,9.0,19
4,0,1,9,1,19.0,8
4,0,1,10,1,8.0,13
4,0,1,11,1,13.0,7
4,0,1,12,1,7.0,4
4,0,1,13,1,4.0,14
4,0,1,14,0,14.0,23
4,0,1,15,0,23.0,15
4,0,1,16,0,15.0,19
4,0,1,17,0,19.0,16
4,0,1,19,0,16.0,8
4,0,1,20,0,8.0,13
4,0,1,21,0,13.0,5
4,0,1,22,0,5.0,12
4,0,1,23,0,12.0,10
4,0,1,24,0,10.0,13
4,0,1,25,0,13.0,6
4,0,1,26,0,6.0,14
4,0,1,27,0,14.0,10
4,0,1,28,0,10.0,10
4,0,1,29,0,10.0,15
4,0,1,30,1,15.0,5
4,0,1,31,1,5.0,11
4,0,1,32,0,11.0,17
4,0,1,33,0,17.0,11
4,0,1,34,0,11.0,16
4,0,1,35,0,16.0,15
4,0,1,36,0,15.0,8
4,0,1,37,0,8.0,13
4,0,1,38,0,13.0,12
4,0,1,39,0,12.0,13
4,0,1,40,0,13.0,10
4,0,1,41,0,10.0,23
4,0,1,42,0,23.0,20
4,0,1,43,0,20.0,13
4,0,1,44,0,13.0,10
4,0,1,45,0,10.0,12
4,0,1,46,0,12.0,6
4,0,1,47,0,6.0,12
4,0,1,48,0,12.0,3
4,0,1,49,0,3.0,3
4,0,1,50,0,3.0,11
4,0,1,51,1,11.0,14
4,0,1,52,1,14.0,5
4,0,1,1,1,5.0,11
4,0,1,2,0,11.0,18
4,0,1,3,0,18.0,5
4,0,1,4,0,5.0,15
4,0,1,5,0,15.0,10
4,0,1,6,0,10.0,13
4,0,1,7,1,13.0,24
4,0,1,8,1,24.0,8
4,0,1,9,0,8.0,12
4,0,1,10,1,12.0,5
4,0,1,11,1,5.0,11
4,0,1,12,1,11.0,15
4,0,1,13,1,15.0,12
4,0,1,14,1,12.0,8
4,0,1,15,0,8.0,21
4,0,1,16,0,21.0,2
4,0,1,17,0,2.0,11
4,0,1,18,0,11.0,15
4,0,1,19,0,15.0,7
4,0,1,20,0,7.0,7
4,0,1,21,0,7.0,6
4,0,1,22,0,6.0,13
4,0,1,23,0,13.0,11
4,0,1,24,0,11.0,8
4,0,1,25,0,8.0,25
4,0,1,26,0,25.0,5
4,0,1,27,0,5.0,5
4,0,1,28,0,5.0,25
4,0,1,29,0,25.0,8
4,0,1,30,1,8.0,6
4,0,1,31,1,6.0,8
4,0,1,32,0,8.0,1
4,0,1,33,0,1.0,16
4,0,1,34,0,16.0,13
4,0,1,35,0,13.0,4
4,0,1,36,0,4.0,14
4,0,1,37,0,14.0,10
4,0,1,38,0,10.0,15
4,0,1,39,0,15.0,6
4,0,1,40,0,6.0,8
4,0,1,41,0,8.0,18
4,0,1,42,0,18.0,13
4,0,1,43,0,13.0,20
4,0,1,44,0,20.0,16
4,0,1,45,0,16.0,13
4,0,1,46,0,13.0,2
4,0,1,47,0,2.0,9
4,0,1,48,0,9.0,11
4,0,1,49,0,11.0,13
4,0,1,50,0,13.0,9
4,0,1,51,1,9.0,13
4,0,1,52,1,13.0,6
4,0,1,1,1,6.0,3
4,0,2,1,1,0.0,14
4,0,2,2,0,14.0,15
4,0,2,3,0,15.0,9
4,0,2,4,0,9.0,21
4,0,2,5,0,21.0,8
4,0,2,6,1,8.0,13
4,0,2,7,1,13.0,16
4,0,2,8,0,16.0,4
4,0,2,9,1,4.0,17
4,0,2,10,1,17.0,15
4,0,2,11,1,15.0,12
4,0,2,12,1,12.0,13
4,0,2,13,1,13.0,8
4,0,2,14,0,8.0,8
4,0,2,15,0,8.0,8
4,0,2,16,0,8.0,8
4,0,2,17,0,8.0,8
4,0,2,18,0,8.0,14
4,0,2,19,0,14.0,14
4,0,2,20,0,14.0,19
4,0,2,21,0,19.0,5
4,0,2,22,0,5.0,9
4,0,2,23,0,9.0,17
4,0,2,24,0,17.0,7
4,0,2,25,0,7.0,7
4,0,2,26,0,7.0,13
4,0,2,27,0,13.0,8
4,0,2,28,0,8.0,11
4,0,2,29,0,11.0,15
4,0,2,30,1,15.0,17
4,0,2,31,1,17.0,14
4,0,2,32,0,14.0,5
4,0,2,33,0,5.0,4
4,0,2,34,0,4.0,7
4,0,2,35,0,7.0,6
4,0,2,36,0,6.0,16
4,0,2,37,0,16.0,13
4,0,2,38,0,13.0,8
4,0,2,39,0,8.0,6
4,0,2,40,0,6.0,15
4,0,2,41,0,15.0,17
4,0,2,42,0,17.0,16
4,0,2,43,0,16.0,16
4,0,2,44,0,16.0,9
4,0,2,45,0,9.0,10
4,0,2,46,0,10.0,12
4,0,2,47,0,12.0,5
4,0,2,48,0,5.0,13
4,0,2,49,0,13.0,14
4,0,2,50,1,14.0,6
4,0,2,51,1,6.0,7
4,0,2,52,1,7.0,8
4,0,2,1,1,8.0,4
4,0,2,2,0,4.0,23
4,0,2,3,0,23.0,9
4,0,2,4,0,9.0,7
4,0,2,5,0,7.0,12
4,0,2,6,1,12.0,10
4,0,2,7,1,10.0,5
4,0,2,8,1,5.0,11
4,0,2,9,1,11.0,18
4,0,2,10,1,18.0,9
4,0,2,11,1,9.0,9
4,0,2,12,1,9.0,9
4,0,2,13,1,9.0,11
4,0,2,14,0,11.0,6
4,0,2,15,0,6.0,10
4,0,2,16,0,10.0,6
4,0,2,17,0,6.0,4
4,0,2,18,0,4.0,8
4,0,2,19,0,8.0,14
4,0,2,20,0,14.0,9
4,0,2,21,0,9.0,5
4,0,2,22,0,5.0,5
4,0,2,23,0,5.0,7
4,0,2,24,0,7.0,23
4,0,2,25,0,23.0,8
4,0,2,26,0,8.0,5
4,0,2,27,0,5.0,14
4,0,2,28,0,14.0,12
4,0,2,29,0,12.0,11
4,0,2,30,1,11.0,10
4,0,2,31,1,10.0,11
4,0,2,32,0,11.0,16
4,0,2,33,0,16.0,4
4,0,2,34,0,4.0,12
4,0,2,35,0,12.0,13
4,0,2,36,0,13.0,11
4,0,2,37,0,11.0,10
4,0,2,38,0,10.0,7
4,0,2,39,0,7.0,6
4,0,2,40,0,6.0,14
4,0,2,41,0,14.0,17
4,0,2,42,0,17.0,9
4,0,2,43,0,9.0,12
4,0,2,44,0,12.0,9
4,0,2,45,0,9.0,7
4,0,2,46,0,7.0,10
4,0,2,47,0,10.0,1
4,0,2,48,0,1.0,12
4,0,2,49,0,12.0,10
4,0,2,50,0,10.0,13
4,0,2,51,1,13.0,18
4,0,2,52,1,18.0,11
4,0,2,1,1,11.0,12
4,0,2,2,0,12.0,13
4,0,2,3,0,13.0,11
4,0,2,4,0,11.0,12
4,0,2,5,0,12.0,10
4,0,2,6,0,10.0,15
4,0,2,7,1,15.0,5
4,0,2,8,1,5.0,5
4,0,2,9,1,5.0,11
4,0,2,10,1,11.0,8
4,0,2,11,1,8.0,9
4,0,2,12,1,9.0,7
4,0,2,13,1,7.0,11
4,0,2,14,1,11.0,8
4,0,2,15,0,8.0,5
4,0,2,16,0,5.0,10
4,0,2,17,0,10.0,10
4,0,2,18,0,10.0,6
4,0,2,19,0,6.0,8
4,0,2,20,0,8.0,11
4,0,2,21,0,11.0,6
4,0,2,22,0,6.0,3
4,0,2,23,0,3.0,10
4,0,2,24,0,10.0,9
4,0,2,25,0,9.0,5
4,0,2,26,0,5.0,13
4,0,2,27,0,13.0,10
4,0,2,28,0,10.0,9
4,0,2,29,0,9.0,13
4,0,2,30,1,13.0,13
4,0,2,31,1,13.0,13
4,0,2,32,0,13.0,13
4,0,2,33,0,13.0,11
4,0,2,34,0,11.0,7
4,0,2,35,0,7.0,14
4,0,2,36,0,14.0,18
4,0,2,37,0,18.0,12
4,0,2,38,0,12.0,14
4,0,2,39,0,14.0,9
4,0,2,40,0,9.0,9
4,0,2,41,0,9.0,14
4,0,2,42,0,14.0,6
4,0,2,43,0,6.0,7
4,0,2,44,0,7.0,6
4,0,2,45,0,6.0,6
4,0,2,46,0,6.0,7
4,0,2,47,0,7.0,3
4,0,2,48,0,3.0,13
4,0,2,49,0,13.0,12
4,0,2,50,0,12.0,14
4,0,2,51,1,14.0,10
4,0,2,52,1,10.0,13
4,0,2,53,1,13.0,12
4,0,2,1,1,12.0,5
4,0,2,2,0,5.0,13
4,0,2,3,0,13.0,10
4,0,2,4,0,10.0,9
4,0,2,5,0,9.0,14
4,0,2,6,1,14.0,7
4,0,2,8,0,7.0,12
4,0,2,9,1,12.0,23
4,0,2,10,1,23.0,5
4,0,2,11,1,5.0,8
4,0,2,12,1,8.0,4
4,0,2,13,1,4.0,14
4,0,2,14,0,14.0,9
4,0,2,15,0,9.0,11
4,0,2,16,0,11.0,10
4,0,2,17,0,10.0,8
4,0,2,18,0,8.0,14
4,0,2,19,0,14.0,18
4,0,2,20,0,18.0,13
4,0,2,21,0,13.0,4
4,0,2,22,0,4.0,11
4,0,2,23,0,11.0,8
4,0,2,24,0,8.0,15
4,0,2,25,0,15.0,10
4,0,2,26,0,10.0,10
4,0,2,27,0,10.0,5
4,0,2,28,0,5.0,14
4,0,2,29,1,14.0,5
4,0,2,30,1,5.0,13
4,0,2,31,0,13.0,6
4,0,2,32,0,6.0,5
4,0,2,33,0,5.0,9
4,0,2,34,0,9.0,13
4,0,2,35,0,13.0,11
4,0,2,36,0,11.0,15
4,0,2,37,0,15.0,12
4,0,2,38,0,12.0,17
4,0,2,39,0,17.0,14
4,0,2,40,0,14.0,1
4,0,2,41,0,1.0,13
4,0,2,42,0,13.0,6
4,0,2,43,0,6.0,18
4,0,2,44,0,18.0,10
4,0,2,45,0,10.0,23
4,0,2,46,0,23.0,10
4,0,2,47,0,10.0,11
4,0,2,48,0,11.0,12
4,0,2,49,0,12.0,15
4,0,2,50,1,15.0,7
4,0,2,51,1,7.0,16
4,0,2,52,1,16.0,4
4,0,2,1,1,4.0,11
4,0,2,2,0,11.0,11
4,0,2,3,0,11.0,7
4,0,2,4,0,7.0,5
4,0,2,5,0,5.0,5
4,0,2,6,1,5.0,13
4,0,2,7,1,13.0,13
4,0,2,8,0,13.0,9
4,0,2,9,1,9.0,6
4,0,2,10,1,6.0,10
4,0,2,11,1,10.0,11
4,0,2,12,1,11.0,12
4,0,2,13,1,12.0,13
4,0,2,14,0,13.0,21
4,0,2,15,0,21.0,3
4,0,2,16,0,3.0,13
4,0,2,17,0,13.0,1
4,0,2,18,0,1.0,11
4,0,2,19,0,11.0,4
4,0,2,20,0,4.0,18
4,0,2,21,0,18.0,6
4,0,2,22,0,6.0,8
4,0,2,23,0,8.0,6
4,0,2,24,0,6.0,11
4,0,2,25,0,11.0,14
4,0,2,26,0,14.0,9
4,0,2,27,0,9.0,12
4,0,2,28,0,12.0,10
4,0,2,29,1,10.0,5
4,0,2,30,1,5.0,6
4,0,2,31,0,6.0,19
4,0,2,32,0,19.0,21
4,0,2,33,0,21.0,16
4,0,2,34,0,16.0,8
4,0,2,35,0,8.0,14
4,0,2,36,0,14.0,6
4,0,2,37,0,6.0,6
4,0,2,38,0,6.0,2
4,0,2,39,0,2.0,3
4,0,2,40,0,3.0,19
4,0,2,41,0,19.0,9
4,0,2,42,0,9.0,6
4,0,2,43,0,6.0,4
4,0,2,44,0,4.0,14
4,0,2,45,0,14.0,13
4,0,2,46,0,13.0,13
4,0,2,47,0,13.0,19
4,0,2,48,0,19.0,9
4,0,2,49,0,9.0,6
4,0,2,50,1,6.0,6
4,0,2,51,1,6.0,9
4,0,2,52,1,9.0,12
4,0,2,1,1,12.0,6
4,0,2,2,0,6.0,10
4,0,2,3,0,10.0,9
4,0,2,4,0,9.0,15
4,0,2,5,0,15.0,8
4,0,2,6,1,8.0,15
4,0,2,7,1,15.0,11
4,0,2,8,0,11.0,11
4,0,2,9,1,11.0,9
4,0,2,10,1,9.0,5
4,0,2,11,1,5.0,10
4,0,2,12,1,10.0,20
4,0,2,13,1,20.0,10
4,0,2,14,0,10.0,12
4,0,2,15,0,12.0,19
4,0,2,16,0,19.0,27
4,0,2,17,0,27.0,4
4,0,2,18,0,4.0,21
4,0,2,19,0,21.0,7
4,0,2,20,0,7.0,13
4,0,2,21,0,13.0,15
4,0,2,22,0,15.0,10
4,0,2,23,0,10.0,17
4,0,2,24,0,17.0,7
4,0,2,25,0,7.0,5
4,0,2,26,0,5.0,13
4,0,2,27,0,13.0,10
4,0,2,28,0,10.0,13
4,0,2,29,1,13.0,7
4,0,2,30,1,7.0,12
4,0,2,31,1,12.0,5
4,0,2,32,0,5.0,14
4,0,2,33,0,14.0,7
4,0,2,34,0,7.0,19
4,0,2,35,0,19.0,11
4,0,2,36,0,11.0,13
4,0,2,37,0,13.0,7
4,0,2,38,0,7.0,9
4,0,2,39,0,9.0,8
4,0,2,40,0,8.0,6
4,0,2,41,0,6.0,12
4,0,2,42,0,12.0,11
4,0,2,43,0,11.0,9
4,0,2,44,0,9.0,6
4,0,2,45,0,6.0,9
4,0,2,46,0,9.0,13
4,0,2,47,0,13.0,11
4,0,2,48,0,11.0,13
4,0,2,49,0,13.0,8
4,0,2,50,1,8.0,5
4,0,2,51,1,5.0,10
4,0,2,52,1,10.0,10
4,0,2,1,1,10.0,6
4,0,2,2,0,6.0,15
4,0,2,3,0,15.0,15
4,0,2,4,0,15.0,12
4,0,2,5,0,12.0,3
4,0,2,6,1,3.0,10
4,0,2,7,1,10.0,5
4,0,2,8,0,5.0,9
4,0,2,9,1,9.0,7
4,0,2,10,1,7.0,11
4,0,2,11,1,11.0,17
4,0,2,12,1,17.0,11
4,0,2,13,1,11.0,17
4,0,2,14,0,17.0,1
4,0,2,15,0,1.0,10
4,0,2,16,0,10.0,10
4,0,2,17,0,10.0,6
4,0,2,18,0,6.0,5
4,0,2,19,0,5.0,10
4,0,2,20,0,10.0,6
4,0,2,21,0,6.0,13
4,0,2,22,0,13.0,13
4,0,2,23,0,13.0,11
4,0,2,24,0,11.0,18
4,0,2,25,0,18.0,16
4,0,2,26,0,16.0,9
4,0,2,27,0,9.0,9
4,0,2,28,0,9.0,14
4,0,2,29,0,14.0,10
4,0,2,30,1,10.0,16
4,0,2,31,1,16.0,20
4,0,2,32,0,20.0,6
4,0,2,33,0,6.0,5
4,0,2,34,0,5.0,7
4,0,2,35,0,7.0,10
4,0,2,36,0,10.0,10
4,0,2,37,0,10.0,19
4,0,2,38,0,19.0,7
4,0,2,39,0,7.0,3
4,0,2,40,0,3.0,10
4,0,2,41,0,10.0,11
4,0,2,42,0,11.0,14
4,0,2,43,0,14.0,13
4,0,2,44,0,13.0,11
4,0,2,45,0,11.0,20
4,0,2,46,0,20.0,7
4,0,2,47,0,7.0,17
4,0,2,48,0,17.0,12
4,0,2,49,0,12.0,11
4,0,2,50,0,11.0,4
4,0,2,51,1,4.0,12
4,0,2,52,1,12.0,11
4,0,2,1,1,11.0,22
4,0,2,2,0,22.0,7
4,0,2,3,0,7.0,17
4,0,2,4,0,17.0,12
4,0,2,5,0,12.0,11
4,0,2,6,0,11.0,15
4,0,2,7,1,15.0,20
4,0,2,8,1,20.0,15
4,0,2,9,1,15.0,21
4,0,2,10,1,21.0,11
4,0,2,11,1,11.0,15
4,0,2,12,1,15.0,19
4,0,2,13,1,19.0,11
4,0,2,14,0,11.0,10
4,0,2,15,0,10.0,25
4,0,2,16,0,25.0,10
4,0,2,17,0,10.0,14
4,0,2,18,0,14.0,12
4,0,2,19,0,12.0,16
4,0,2,20,0,16.0,19
4,0,2,21,0,19.0,13
4,0,2,22,0,13.0,11
4,0,2,23,0,11.0,19
4,0,2,24,0,19.0,12
4,0,2,25,0,12.0,7
4,0,2,26,0,7.0,8
4,0,2,27,0,8.0,7
4,0,2,28,0,7.0,14
4,0,2,29,0,14.0,15
4,0,2,30,1,15.0,9
4,0,2,31,1,9.0,9
4,0,2,32,0,9.0,5
4,0,2,33,0,5.0,13
4,0,2,34,0,13.0,13
4,0,2,35,0,13.0,12
4,0,2,36,0,12.0,15
4,0,2,37,0,15.0,10
4,0,2,38,0,10.0,7
4,0,2,39,0,7.0,7
4,0,2,40,0,7.0,7
4,0,2,41,0,7.0,5
4,0,2,42,0,5.0,15
4,0,2,43,0,15.0,15
4,0,2,44,0,15.0,4
4,0,2,45,0,4.0,20
4,0,2,46,0,20.0,8
4,0,2,47,0,8.0,19
4,0,2,48,0,19.0,15
4,0,2,49,0,15.0,21
4,0,2,50,0,21.0,5
4,0,2,51,1,5.0,14
4,0,2,52,1,14.0,13
4,0,2,1,1,13.0,1
4,1,0,1,1,0.0,12
4,1,0,2,0,12.0,6
4,1,0,3,0,6.0,17
4,1,0,4,0,17.0,9
4,1,0,5,0,9.0,17
4,1,0,6,0,17.0,13
4,1,0,7,1,13.0,13
4,1,0,8,1,13.0,6
4,1,0,9,0,6.0,5
4,1,0,10,1,5.0,6
4,1,0,11,1,6.0,16
4,1,0,12,1,16.0,28
4,1,0,13,1,28.0,13
4,1,0,14,0,13.0,7
4,1,0,15,0,7.0,16
4,1,0,16,0,16.0,10
4,1,0,17,0,10.0,15
4,1,0,18,0,15.0,14
4,1,0,19,0,14.0,10
4,1,0,20,0,10.0,8
4,1,0,21,0,8.0,13
4,1,0,22,0,13.0,9
4,1,0,23,0,9.0,13
4,1,0,24,0,13.0,16
4,1,0,25,0,16.0,18
4,1,0,26,0,18.0,1
4,1,0,27,0,1.0,4
4,1,0,28,0,4.0,11
4,1,0,29,0,11.0,7
4,1,0,30,1,7.0,63
4,1,0,31,0,63.0,9
4,1,0,32,0,9.0,5
4,1,0,33,0,5.0,13
4,1,0,34,0,13.0,3
4,1,0,35,0,3.0,8
4,1,0,36,0,8.0,19
4,1,0,37,0,19.0,16
4,1,0,38,0,16.0,11
4,1,0,39,0,11.0,2
4,1,0,40,0,2.0,4
4,1,0,41,0,4.0,13
4,1,0,42,0,13.0,12
4,1,0,43,0,12.0,7
4,1,0,44,0,7.0,10
4,1,0,45,0,10.0,14
4,1,0,46,0,14.0,18
4,1,0,47,0,18.0,18
4,1,0,48,0,18.0,2
4,1,0,49,0,2.0,4
4,1,0,50,1,4.0,18
4,1,0,51,1,18.0,17
4,1,0,52,1,17.0,19
4,1,0,1,1,19.0,5
4,1,0,2,0,5.0,14
4,1,0,3,0,14.0,9
4,1,0,4,0,9.0,12
4,1,0,5,0,12.0,11
4,1,0,6,1,11.0,23
4,1,0,7,1,23.0,9
4,1,0,8,1,9.0,22
4,1,0,9,1,22.0,11
4,1,0,10,1,11.0,9
4,1,0,11,1,9.0,9
4,1,0,12,1,9.0,6
4,1,0,13,1,6.0,9
4,1,0,14,0,9.0,4
4,1,0,15,0,4.0,8
4,1,0,16,0,8.0,4
4,1,0,17,0,4.0,5
4,1,0,18,0,5.0,11
4,1,0,19,0,11.0,14
4,1,0,20,0,14.0,10
4,1,0,21,0,10.0,10
4,1,0,22,0,10.0,9
4,1,0,23,0,9.0,19
4,1,0,24,0,19.0,21
4,1,0,25,0,21.0,12
4,1,0,26,0,12.0,10
4,1,0,28,0,10.0,12
4,1,0,29,0,12.0,10
4,1,0,30,1,10.0,72
4,1,0,31,1,72.0,39
4,1,0,32,0,39.0,13
4,1,0,33,0,13.0,12
4,1,0,34,0,12.0,9
4,1,0,35,0,9.0,8
4,1,0,36,0,8.0,2
4,1,0,37,0,2.0,14
4,1,0,38,0,14.0,13
4,1,0,39,0,13.0,13
4,1,0,40,0,13.0,5
4,1,0,41,0,5.0,7
4,1,0,42,0,7.0,6
4,1,0,43,0,6.0,16
4,1,0,44,0,16.0,13
4,1,0,45,0,13.0,13
4,1,0,46,0,13.0,4
4,1,0,47,0,4.0,12
4,1,0,48,0,12.0,9
4,1,0,49,0,9.0,19
4,1,0,50,0,19.0,12
4,1,0,51,1,12.0,12
4,1,0,52,1,12.0,7
4,1,0,1,1,7.0,8
4,1,0,2,0,8.0,10
4,1,0,3,0,10.0,10
4,1,0,4,0,10.0,10
4,1,0,5,0,10.0,14
4,1,0,6,0,14.0,5
4,1,0,7,1,5.0,20
4,1,0,8,1,20.0,7
4,1,0,9,1,7.0,6
4,1,0,10,1,6.0,17
4,1,0,11,1,17.0,22
4,1,0,12,1,22.0,12
4,1,0,13,1,12.0,2
4,1,0,14,1,2.0,5
4,1,0,15,0,5.0,11
4,1,0,16,0,11.0,5
4,1,0,17,0,5.0,16
4,1,0,18,0,16.0,6
4,1,0,19,0,6.0,9
4,1,0,20,0,9.0,14
4,1,0,21,0,14.0,10
4,1,0,22,0,10.0,10
4,1,0,23,0,10.0,13
4,1,0,24,0,13.0,7
4,1,0,25,0,7.0,8
4,1,0,26,0,8.0,8
4,1,0,27,0,8.0,8
4,1,0,28,0,8.0,4
4,1,0,29,0,4.0,10
4,1,0,30,1,10.0,36
4,1,0,31,1,36.0,49
4,1,0,32,0,49.0,6
4,1,0,33,0,6.0,18
4,1,0,34,0,18.0,11
4,1,0,35,0,11.0,13
4,1,0,36,0,13.0,15
4,1,0,37,0,15.0,9
4,1,0,38,0,9.0,18
4,1,0,39,0,18.0,15
4,1,0,40,0,15.0,18
4,1,0,41,0,18.0,8
4,1,0,42,0,8.0,4
4,1,0,43,0,4.0,14
4,1,0,44,0,14.0,11
4,1,0,45,0,11.0,7
4,1,0,46,0,7.0,5
4,1,0,47,0,5.0,6
4,1,0,48,0,6.0,20
4,1,0,49,0,20.0,9
4,1,0,50,0,9.0,25
4,1,0,51,1,25.0,9
4,1,0,52,1,9.0,12
4,1,0,53,1,12.0,10
4,1,0,1,1,10.0,12
4,1,0,2,0,12.0,4
4,1,0,3,0,4.0,22
4,1,0,4,0,22.0,6
4,1,0,5,0,6.0,12
4,1,0,6,1,12.0,14
4,1,0,7,1,14.0,6
4,1,0,8,0,6.0,12
4,1,0,9,1,12.0,14
4,1,0,10,1,14.0,10
4,1,0,11,1,10.0,11
4,1,0,12,1,11.0,15
4,1,0,13,0,15.0,6
4,1,0,14,0,6.0,15
4,1,0,15,0,15.0,4
4,1,0,16,0,4.0,7
4,1,0,17,0,7.0,24
4,1,0,18,0,24.0,16
4,1,0,19,0,16.0,8
4,1,0,20,0,8.0,6
4,1,0,21,0,6.0,13
4,1,0,22,0,13.0,17
4,1,0,23,0,17.0,11
4,1,0,24,0,11.0,14
4,1,0,25,0,14.0,4
4,1,0,26,0,4.0,6
4,1,0,27,0,6.0,9
4,1,0,28,0,9.0,9
4,1,0,29,1,9.0,60
4,1,0,30,1,60.0,69
4,1,0,31,0,69.0,7
4,1,0,32,0,7.0,3
4,1,0,33,0,3.0,6
4,1,0,34,0,6.0,4
4,1,0,35,0,4.0,18
4,1,0,36,0,18.0,16
4,1,0,37,0,16.0,8
4,1,0,38,0,8.0,10
4,1,0,39,0,10.0,10
4,1,0,40,0,10.0,8
4,1,0,41,0,8.0,18
4,1,0,42,0,18.0,20
4,1,0,43,0,20.0,10
4,1,0,44,0,10.0,11
4,1,0,45,0,11.0,14
4,1,0,46,0,14.0,11
4,1,0,47,0,11.0,8
4,1,0,48,0,8.0,11
4,1,0,49,0,11.0,28
4,1,0,50,1,28.0,8
4,1,0,51,1,8.0,5
4,1,0,52,1,5.0,12
4,1,0,1,1,12.0,13
4,1,0,2,0,13.0,8
4,1,0,3,0,8.0,7
4,1,0,4,0,7.0,16
4,1,0,5,0,16.0,7
4,1,0,6,1,7.0,21
4,1,0,7,1,21.0,24
4,1,0,8,0,24.0,10
4,1,0,9,1,10.0,1
4,1,0,10,1,1.0,10
4,1,0,11,1,10.0,10
4,1,0,12,1,10.0,14
4,1,0,13,0,14.0,5
4,1,0,14,0,5.0,9
4,1,0,15,0,9.0,14
4,1,0,16,0,14.0,7
4,1,0,17,0,7.0,6
4,1,0,18,0,6.0,11
4,1,0,19,0,11.0,15
4,1,0,20,0,15.0,18
4,1,0,21,0,18.0,14
4,1,0,22,0,14.0,11
4,1,0,23,0,11.0,10
4,1,0,24,0,10.0,9
4,1,0,25,0,9.0,10
4,1,0,26,0,10.0,12
4,1,0,27,0,12.0,6
4,1,0,28,0,6.0,18
4,1,0,29,1,18.0,18
4,1,0,30,1,18.0,82
4,1,0,31,0,82.0,3
4,1,0,32,0,3.0,9
4,1,0,33,0,9.0,14
4,1,0,34,0,14.0,7
4,1,0,35,0,7.0,7
4,1,0,36,0,7.0,22
4,1,0,37,0,22.0,3
4,1,0,38,0,3.0,2
4,1,0,39,0,2.0,27
4,1,0,40,0,27.0,15
4,1,0,41,0,15.0,11
4,1,0,42,0,11.0,6
4,1,0,43,0,6.0,15
4,1,0,44,0,15.0,14
4,1,0,45,0,14.0,11
4,1,0,46,0,11.0,2
4,1,0,47,0,2.0,15
4,1,0,48,0,15.0,12
4,1,0,49,0,12.0,8
4,1,0,50,1,8.0,17
4,1,0,51,1,17.0,17
4,1,0,52,1,17.0,9
4,1,0,1,1,9.0,8
4,1,0,2,0,8.0,13
4,1,0,3,0,13.0,7
4,1,0,4,0,7.0,11
4,1,0,5,0,11.0,16
4,1,0,6,1,16.0,9
4,1,0,7,1,9.0,7
4,1,0,8,0,7.0,7
4,1,0,9,1,7.0,5
4,1,0,10,1,5.0,9
4,1,0,11,1,9.0,12
4,1,0,12,1,12.0,7
4,1,0,13,1,7.0,4
4,1,0,14,0,4.0,7
4,1,0,15,0,7.0,8
4,1,0,16,0,8.0,12
4,1,0,17,0,12.0,18
4,1,0,18,0,18.0,16
4,1,0,19,0,16.0,12
4,1,0,20,0,12.0,9
4,1,0,21,0,9.0,13
4,1,0,22,0,13.0,3
4,1,0,23,0,3.0,16
4,1,0,24,0,16.0,17
4,1,0,25,0,17.0,12
4,1,0,26,0,12.0,6
4,1,0,27,0,6.0,8
4,1,0,28,0,8.0,13
4,1,0,29,0,13.0,9
4,1,0,30,1,9.0,60
4,1,0,31,0,60.0,8
4,1,0,32,0,8.0,9
4,1,0,33,0,9.0,9
4,1,0,34,0,9.0,8
4,1,0,35,0,8.0,12
4,1,0,36,0,12.0,11
4,1,0,37,0,11.0,4
4,1,0,38,0,4.0,9
4,1,0,39,0,9.0,5
4,1,0,40,0,5.0,7
4,1,0,41,0,7.0,18
4,1,0,42,0,18.0,11
4,1,0,43,0,11.0,17
4,1,0,44,0,17.0,10
4,1,0,45,0,10.0,15
4,1,0,46,0,15.0,3
4,1,0,47,0,3.0,12
4,1,0,48,0,12.0,12
4,1,0,49,0,12.0,8
4,1,0,50,1,8.0,14
4,1,0,51,1,14.0,14
4,1,0,52,1,14.0,7
4,1,0,1,1,7.0,23
4,1,0,2,0,23.0,10
4,1,0,3,0,10.0,17
4,1,0,4,0,17.0,9
4,1,0,5,0,9.0,5
4,1,0,6,1,5.0,13
4,1,0,7,1,13.0,14
4,1,0,8,1,14.0,10
4,1,0,9,0,10.0,4
4,1,0,10,1,4.0,9
4,1,0,11,1,9.0,15
4,1,0,12,1,15.0,15
4,1,0,13,1,15.0,10
4,1,0,14,0,10.0,21
4,1,0,15,0,21.0,21
4,1,0,16,0,21.0,9
4,1,0,17,0,9.0,22
4,1,0,18,0,22.0,13
4,1,0,19,0,13.0,4
4,1,0,20,0,4.0,19
4,1,0,21,0,19.0,15
4,1,0,22,0,15.0,17
4,1,0,23,0,17.0,10
4,1,0,24,0,10.0,12
4,1,0,25,0,12.0,18
4,1,0,26,0,18.0,7
4,1,0,27,0,7.0,13
4,1,0,28,0,13.0,16
4,1,0,29,0,16.0,22
4,1,0,30,1,22.0,41
4,1,0,31,0,41.0,2
4,1,0,32,0,2.0,11
4,1,0,33,0,11.0,2
4,1,0,34,0,2.0,15
4,1,0,35,0,15.0,8
4,1,0,36,0,8.0,16
4,1,0,37,0,16.0,12
4,1,0,38,0,12.0,21
4,1,0,39,0,21.0,8
4,1,0,40,0,8.0,8
4,1,0,41,0,8.0,11
4,1,0,42,0,11.0,2
4,1,0,43,0,2.0,11
4,1,0,44,0,11.0,3
4,1,0,45,0,3.0,12
4,1,0,46,0,12.0,7
4,1,0,47,0,7.0,13
4,1,0,48,0,13.0,16
4,1,0,49,0,16.0,12
4,1,0,50,0,12.0,11
4,1,0,51,1,11.0,11
4,1,0,52,1,11.0,10
4,1,0,1,1,10.0,20
4,1,0,2,0,20.0,12
4,1,0,3,0,12.0,4
4,1,0,6,0,4.0,3
4,1,0,7,1,3.0,12
4,1,0,8,1,12.0,11
4,1,0,9,1,11.0,20
4,1,0,10,1,20.0,19
4,1,0,11,1,19.0,7
4,1,0,12,1,7.0,13
4,1,0,13,1,13.0,24
4,1,0,14,0,24.0,13
4,1,0,15,0,13.0,10
4,1,0,16,0,10.0,6
4,1,0,17,0,6.0,9
4,1,0,18,0,9.0,14
4,1,0,19,0,14.0,7
4,1,0,20,0,7.0,20
4,1,0,21,0,20.0,10
4,1,0,22,0,10.0,6
4,1,0,23,0,6.0,15
4,1,0,24,0,15.0,10
4,1,0,25,0,10.0,13
4,1,0,26,0,13.0,7
4,1,0,27,0,7.0,16
4,1,0,28,0,16.0,6
4,1,0,29,0,6.0,8
4,1,0,30,1,8.0,53
4,1,0,31,1,53.0,49
4,1,0,32,0,49.0,19
4,1,0,33,0,19.0,4
4,1,0,34,0,4.0,10
4,1,0,35,0,10.0,13
4,1,0,36,0,13.0,12
4,1,0,37,0,12.0,7
4,1,0,38,0,7.0,17
4,1,0,39,0,17.0,6
4,1,0,40,0,6.0,10
4,1,0,41,0,10.0,18
4,1,0,42,0,18.0,16
4,1,0,43,0,16.0,20
4,1,0,44,0,20.0,14
4,1,0,45,0,14.0,13
4,1,0,46,0,13.0,10
4,1,0,47,0,10.0,8
4,1,0,48,0,8.0,8
4,1,0,49,0,8.0,12
4,1,0,50,0,12.0,13
4,1,0,51,1,13.0,8
4,1,0,52,1,8.0,14
4,1,0,1,1,14.0,6
4,1,1,1,1,0.0,16
4,1,1,2,0,16.0,5
4,1,1,3,0,5.0,13
4,1,1,4,0,13.0,16
4,1,1,5,0,16.0,5
4,1,1,6,1,5.0,11
4,1,1,7,1,11.0,11
4,1,1,8,1,11.0,10
4,1,1,9,1,10.0,5
4,1,1,10,1,5.0,17
4,1,1,11,1,17.0,12
4,1,1,12,1,12.0,5
4,1,1,13,1,5.0,5
4,1,1,14,0,5.0,12
4,1,1,15,0,12.0,9
4,1,1,16,0,9.0,10
4,1,1,17,0,10.0,20
4,1,1,18,0,20.0,6
4,1,1,19,0,6.0,12
4,1,1,20,0,12.0,11
4,1,1,21,0,11.0,8
4,1,1,22,0,8.0,14
4,1,1,23,0,14.0,9
4,1,1,25,0,9.0,16
4,1,1,26,0,16.0,9
4,1,1,28,0,9.0,4
4,1,1,29,0,4.0,10
4,1,1,30,1,10.0,23
4,1,1,31,1,23.0,56
4,1,1,32,0,56.0,16
4,1,1,33,0,16.0,22
4,1,1,34,0,22.0,14
4,1,1,35,0,14.0,7
4,1,1,36,0,7.0,27
4,1,1,37,0,27.0,8
4,1,1,38,0,8.0,24
4,1,1,39,0,24.0,8
4,1,1,40,0,8.0,15
4,1,1,41,0,15.0,9
4,1,1,42,0,9.0,9
4,1,1,43,0,9.0,6
4,1,1,44,0,6.0,7
4,1,1,45,0,7.0,10
4,1,1,46,0,10.0,6
4,1,1,47,0,6.0,8
4,1,1,48,0,8.0,10
4,1,1,49,0,10.0,14
4,1,1,50,1,14.0,13
4,1,1,51,1,13.0,10
4,1,1,52,1,10.0,16
4,1,1,1,1,16.0,10
4,1,1,2,0,10.0,15
4,1,1,3,0,15.0,13
4,1,1,4,0,13.0,25
4,1,1,5,0,25.0,1
4,1,1,6,0,1.0,3
4,1,1,7,1,3.0,18
4,1,1,8,0,18.0,7
4,1,1,9,0,7.0,6
4,1,1,10,1,6.0,17
4,1,1,11,1,17.0,6
4,1,1,12,1,6.0,12
4,1,1,13,1,12.0,17
4,1,1,14,0,17.0,7
4,1,1,15,0,7.0,12
4,1,1,16,0,12.0,19
4,1,1,17,0,19.0,4
4,1,1,18,0,4.0,14
4,1,1,19,0,14.0,6
4,1,1,20,0,6.0,12
4,1,1,21,0,12.0,8
4,1,1,22,0,8.0,6
4,1,1,23,0,6.0,13
4,1,1,24,0,13.0,21
4,1,1,25,0,21.0,14
4,1,1,26,0,14.0,15
4,1,1,27,0,15.0,18
4,1,1,28,0,18.0,13
4,1,1,29,0,13.0,11
4,1,1,30,1,11.0,24
4,1,1,31,1,24.0,21
4,1,1,32,0,21.0,7
4,1,1,33,0,7.0,8
4,1,1,34,0,8.0,12
4,1,1,35,0,12.0,16
4,1,1,36,0,16.0,5
4,1,1,37,0,5.0,14
4,1,1,38,0,14.0,10
4,1,1,39,0,10.0,3
4,1,1,40,0,3.0,18
4,1,1,41,0,18.0,2
4,1,1,42,0,2.0,9
4,1,1,43,0,9.0,22
4,1,1,44,0,22.0,15
4,1,1,45,0,15.0,11
4,1,1,46,0,11.0,10
4,1,1,47,0,10.0,22
4,1,1,48,0,22.0,16
4,1,1,49,0,16.0,27
4,1,1,50,0,27.0,8
4,1,1,51,1,8.0,11
4,1,1,52,1,11.0,1
4,1,1,1,1,1.0,11
4,1,1,2,0,11.0,5
4,1,1,3,0,5.0,10
4,1,1,4,0,10.0,2
4,1,1,5,0,2.0,10
4,1,1,6,0,10.0,9
4,1,1,7,1,9.0,14
4,1,1,8,1,14.0,2
4,1,1,9,0,2.0,14
4,1,1,10,1,14.0,7
4,1,1,11,1,7.0,7
4,1,1,12,1,7.0,21
4,1,1,13,1,21.0,7
4,1,1,14,1,7.0,12
4,1,1,15,0,12.0,4
4,1,1,16,0,4.0,7
4,1,1,17,0,7.0,12
4,1,1,18,0,12.0,10
4,1,1,19,0,10.0,7
4,1,1,20,0,7.0,10
4,1,1,21,0,10.0,4
4,1,1,22,0,4.0,8
4,1,1,23,0,8.0,9
4,1,1,24,0,9.0,10
4,1,1,25,0,10.0,7
4,1,1,26,0,7.0,7
4,1,1,27,0,7.0,14
4,1,1,28,0,14.0,10
4,1,1,29,0,10.0,3
4,1,1,30,1,3.0,45
4,1,1,31,1,45.0,16
4,1,1,32,0,16.0,5
4,1,1,33,0,5.0,8
4,1,1,34,0,8.0,7
4,1,1,35,0,7.0,13
4,1,1,36,0,13.0,7
4,1,1,37,0,7.0,9
4,1,1,38,0,9.0,8
4,1,1,39,0,8.0,4
4,1,1,40,0,4.0,14
4,1,1,41,0,14.0,8
4,1,1,42,0,8.0,12
4,1,1,43,0,12.0,9
4,1,1,44,0,9.0,10
4,1,1,45,0,10.0,13
4,1,1,46,0,13.0,10
4,1,1,47,0,10.0,15
4,1,1,48,0,15.0,10
4,1,1,49,0,10.0,19
4,1,1,50,0,19.0,8
4,1,1,51,1,8.0,11
4,1,1,52,1,11.0,5
4,1,1,53,1,5.0,9
4,1,1,1,0,9.0,9
4,1,1,2,0,9.0,12
4,1,1,3,0,12.0,8
4,1,1,4,0,8.0,9
4,1,1,5,0,9.0,9
4,1,1,6,1,9.0,7
4,1,1,7,1,7.0,19
4,1,1,8,0,19.0,10
4,1,1,9,1,10.0,14
4,1,1,10,1,14.0,12
4,1,1,11,1,12.0,6
4,1,1,12,1,6.0,7
4,1,1,13,1,7.0,12
4,1,1,14,0,12.0,21
4,1,1,15,0,21.0,12
4,1,1,16,0,12.0,9
4,1,1,17,0,9.0,11
4,1,1,18,0,11.0,1
4,1,1,19,0,1.0,5
4,1,1,20,0,5.0,13
4,1,1,21,0,13.0,14
4,1,1,22,0,14.0,9
4,1,1,23,0,9.0,8
4,1,1,24,0,8.0,3
4,1,1,25,0,3.0,12
4,1,1,26,0,12.0,8
4,1,1,28,0,8.0,7
4,1,1,29,1,7.0,46
4,1,1,30,1,46.0,49
4,1,1,31,0,49.0,9
4,1,1,32,0,9.0,10
4,1,1,33,0,10.0,1
4,1,1,34,0,1.0,7
4,1,1,35,0,7.0,3
4,1,1,36,0,3.0,3
4,1,1,37,0,3.0,8
4,1,1,38,0,8.0,13
4,1,1,39,0,13.0,4
4,1,1,40,0,4.0,8
4,1,1,41,0,8.0,18
4,1,1,42,0,18.0,2
4,1,1,43,0,2.0,3
4,1,1,44,0,3.0,11
4,1,1,45,0,11.0,6
4,1,1,46,0,6.0,4
4,1,1,47,0,4.0,12
4,1,1,48,0,12.0,3
4,1,1,49,0,3.0,9
4,1,1,50,1,9.0,14
4,1,1,51,1,14.0,3
4,1,1,52,1,3.0,15
4,1,1,1,1,15.0,14
4,1,1,2,0,14.0,12
4,1,1,3,0,12.0,4
4,1,1,4,0,4.0,21
4,1,1,5,0,21.0,5
4,1,1,6,1,5.0,16
4,1,1,7,1,16.0,8
4,1,1,8,0,8.0,5
4,1,1,9,1,5.0,7
4,1,1,10,1,7.0,5
4,1,1,11,1,5.0,15
4,1,1,12,1,15.0,11
4,1,1,13,1,11.0,5
4,1,1,14,0,5.0,18
4,1,1,15,0,18.0,16
4,1,1,16,0,16.0,15
4,1,1,17,0,15.0,14
4,1,1,18,0,14.0,9
4,1,1,19,0,9.0,9
4,1,1,20,0,9.0,8
4,1,1,21,0,8.0,20
4,1,1,22,0,20.0,6
4,1,1,23,0,6.0,12
4,1,1,24,0,12.0,11
4,1,1,25,0,11.0,6
4,1,1,26,0,6.0,18
4,1,1,27,0,18.0,10
4,1,1,28,0,10.0,8
4,1,1,29,1,8.0,30
4,1,1,30,1,30.0,45
4,1,1,31,0,45.0,15
4,1,1,32,0,15.0,12
4,1,1,33,0,12.0,5
4,1,1,34,0,5.0,23
4,1,1,35,0,23.0,10
4,1,1,36,0,10.0,21
4,1,1,37,0,21.0,8
4,1,1,38,0,8.0,10
4,1,1,39,0,10.0,4
4,1,1,40,0,4.0,10
4,1,1,41,0,10.0,8
4,1,1,42,0,8.0,10
4,1,1,43,0,10.0,12
4,1,1,44,0,12.0,8
4,1,1,45,0,8.0,10
4,1,1,46,0,10.0,3
4,1,1,47,0,3.0,12
4,1,1,48,0,12.0,13
4,1,1,49,0,13.0,11
4,1,1,50,1,11.0,8
4,1,1,51,1,8.0,9
4,1,1,52,1,9.0,3
4,1,1,1,1,3.0,18
4,1,1,2,0,18.0,2
4,1,1,3,0,2.0,6
4,1,1,4,0,6.0,15
4,1,1,5,0,15.0,15
4,1,1,6,1,15.0,5
4,1,1,7,1,5.0,3
4,1,1,8,1,3.0,13
4,1,1,9,1,13.0,3
4,1,1,10,1,3.0,10
4,1,1,11,1,10.0,13
4,1,1,12,1,13.0,17
4,1,1,13,0,17.0,1
4,1,1,14,0,1.0,6
4,1,1,15,0,6.0,15
4,1,1,16,0,15.0,12
4,1,1,17,0,12.0,11
4,1,1,18,0,11.0,12
4,1,1,19,0,12.0,17
4,1,1,20,0,17.0,5
4,1,1,21,0,5.0,6
4,1,1,22,0,6.0,13
4,1,1,23,0,13.0,2
4,1,1,24,0,2.0,6
4,1,1,25,0,6.0,3
4,1,1,26,0,3.0,14
4,1,1,27,0,14.0,11
4,1,1,28,0,11.0,11
4,1,1,29,1,11.0,52
4,1,1,30,1,52.0,18
4,1,1,31,0,18.0,3
4,1,1,32,0,3.0,11
4,1,1,33,0,11.0,6
4,1,1,34,0,6.0,11
4,1,1,35,0,11.0,7
4,1,1,37,0,7.0,16
4,1,1,38,0,16.0,11
4,1,1,39,0,11.0,6
4,1,1,40,0,6.0,14
4,1,1,41,0,14.0,9
4,1,1,42,0,9.0,32
4,1,1,43,0,32.0,7
4,1,1,44,0,7.0,15
4,1,1,45,0,15.0,20
4,1,1,46,0,20.0,12
4,1,1,47,0,12.0,8
4,1,1,48,0,8.0,5
4,1,1,49,0,5.0,7
4,1,1,50,1,7.0,11
4,1,1,51,1,11.0,8
4,1,1,52,1,8.0,9
4,1,1,1,1,9.0,10
4,1,1,2,0,10.0,15
4,1,1,3,0,15.0,15
4,1,1,4,0,15.0,6
4,1,1,5,0,6.0,20
4,1,1,6,1,20.0,18
4,1,1,7,1,18.0,11
4,1,1,8,1,11.0,12
4,1,1,9,1,12.0,9
4,1,1,10,1,9.0,9
4,1,1,11,1,9.0,12
4,1,1,12,1,12.0,6
4,1,1,13,1,6.0,12
4,1,1,14,0,12.0,12
4,1,1,15,0,12.0,3
4,1,1,16,0,3.0,15
4,1,1,17,0,15.0,10
4,1,1,18,0,10.0,6
4,1,1,19,0,6.0,10
4,1,1,20,0,10.0,16
4,1,1,21,0,16.0,14
4,1,1,22,0,14.0,3
4,1,1,23,0,3.0,11
4,1,1,24,0,11.0,14
4,1,1,25,0,14.0,13
4,1,1,26,0,13.0,15
4,1,1,27,0,15.0,8
4,1,1,28,0,8.0,2
4,1,1,29,0,2.0,5
4,1,1,30,1,5.0,67
4,1,1,31,1,67.0,18
4,1,1,32,0,18.0,12
4,1,1,33,0,12.0,14
4,1,1,34,0,14.0,14
4,1,1,35,0,14.0,21
4,1,1,36,0,21.0,5
4,1,1,38,0,5.0,15
4,1,1,39,0,15.0,12
4,1,1,40,0,12.0,13
4,1,1,41,0,13.0,14
4,1,1,42,0,14.0,8
4,1,1,43,0,8.0,3
4,1,1,44,0,3.0,5
4,1,1,45,0,5.0,19
4,1,1,46,0,19.0,11
4,1,1,47,0,11.0,22
4,1,1,48,0,22.0,10
4,1,1,49,0,10.0,8
4,1,1,50,1,8.0,4
4,1,1,51,1,4.0,9
4,1,1,52,1,9.0,8
4,1,1,1,1,8.0,4
4,1,1,2,0,4.0,18
4,1,1,3,0,18.0,20
4,1,1,4,0,20.0,8
4,1,1,5,0,8.0,10
4,1,1,6,0,10.0,10
4,1,1,7,1,10.0,7
4,1,1,8,1,7.0,21
4,1,1,9,1,21.0,14
4,1,1,10,1,14.0,5
4,1,1,11,1,5.0,13
4,1,1,12,1,13.0,7
4,1,1,13,1,7.0,16
4,1,1,14,1,16.0,21
4,1,1,15,0,21.0,9
4,1,1,16,0,9.0,1
4,1,1,17,0,1.0,5
4,1,1,18,0,5.0,7
4,1,1,19,0,7.0,8
4,1,1,20,0,8.0,12
4,1,1,21,0,12.0,1
4,1,1,22,0,1.0,14
4,1,1,23,0,14.0,14
4,1,1,24,0,14.0,8
4,1,1,25,0,8.0,10
4,1,1,26,0,10.0,16
4,1,1,27,0,16.0,13
4,1,1,28,0,13.0,18
4,1,1,29,0,18.0,11
4,1,1,30,1,11.0,68
4,1,1,31,0,68.0,2
4,1,1,32,0,2.0,10
4,1,1,33,0,10.0,16
4,1,1,34,0,16.0,10
4,1,1,35,0,10.0,19
4,1,1,36,0,19.0,9
4,1,1,37,0,9.0,20
4,1,1,38,0,20.0,6
4,1,1,39,0,6.0,14
4,1,1,40,0,14.0,2
4,1,1,41,0,2.0,9
4,1,1,42,0,9.0,14
4,1,1,43,0,14.0,4
4,1,1,44,0,4.0,14
4,1,1,45,0,14.0,7
4,1,1,46,0,7.0,9
4,1,1,47,0,9.0,7
4,1,1,48,0,7.0,9
4,1,1,49,0,9.0,5
4,1,1,50,0,5.0,9
4,1,1,51,1,9.0,10
4,1,1,52,1,10.0,3
4,1,1,1,1,3.0,2
4,1,2,1,1,0.0,12
4,1,2,2,0,12.0,3
4,1,2,3,0,3.0,23
4,1,2,4,0,23.0,5
4,1,2,5,0,5.0,18
4,1,2,6,1,18.0,10
4,1,2,7,1,10.0,9
4,1,2,8,1,9.0,4
4,1,2,9,1,4.0,4
4,1,2,10,1,4.0,7
4,1,2,11,1,7.0,5
4,1,2,12,1,5.0,5
4,1,2,13,1,5.0,1
4,1,2,14,0,1.0,3
4,1,2,15,0,3.0,3
4,1,2,16,0,3.0,12
4,1,2,17,0,12.0,7
4,1,2,18,0,7.0,10
4,1,2,20,0,10.0,9
4,1,2,21,0,9.0,18
4,1,2,22,0,18.0,11
4,1,2,23,0,11.0,6
4,1,2,24,0,6.0,7
4,1,2,25,0,7.0,7
4,1,2,26,0,7.0,13
4,1,2,27,0,13.0,13
4,1,2,28,0,13.0,5
4,1,2,29,0,5.0,7
4,1,2,30,1,7.0,65
4,1,2,31,1,65.0,28
4,1,2,32,0,28.0,19
4,1,2,33,0,19.0,15
4,1,2,34,0,15.0,8
4,1,2,35,0,8.0,2
4,1,2,36,0,2.0,12
4,1,2,37,0,12.0,16
4,1,2,38,0,16.0,11
4,1,2,39,0,11.0,9
4,1,2,40,0,9.0,23
4,1,2,41,0,23.0,15
4,1,2,42,0,15.0,14
4,1,2,44,0,14.0,6
4,1,2,45,0,6.0,8
4,1,2,46,0,8.0,12
4,1,2,47,0,12.0,15
4,1,2,48,0,15.0,18
4,1,2,49,0,18.0,3
4,1,2,50,1,3.0,14
4,1,2,51,1,14.0,13
4,1,2,52,1,13.0,12
4,1,2,1,1,12.0,13
4,1,2,2,0,13.0,11
4,1,2,3,0,11.0,8
4,1,2,4,0,8.0,7
4,1,2,5,0,7.0,10
4,1,2,6,0,10.0,5
4,1,2,7,1,5.0,6
4,1,2,8,1,6.0,10
4,1,2,9,0,10.0,5
4,1,2,10,1,5.0,18
4,1,2,11,1,18.0,15
4,1,2,12,1,15.0,16
4,1,2,13,1,16.0,9
4,1,2,14,0,9.0,12
4,1,2,15,0,12.0,11
4,1,2,16,0,11.0,17
4,1,2,17,0,17.0,5
4,1,2,18,0,5.0,9
4,1,2,19,0,9.0,13
4,1,2,20,0,13.0,16
4,1,2,21,0,16.0,6
4,1,2,22,0,6.0,17
4,1,2,23,0,17.0,5
4,1,2,24,0,5.0,2
4,1,2,25,0,2.0,10
4,1,2,26,0,10.0,8
4,1,2,27,0,8.0,16
4,1,2,28,0,16.0,4
4,1,2,29,0,4.0,8
4,1,2,30,1,8.0,35
4,1,2,31,1,35.0,40
4,1,2,32,0,40.0,10
4,1,2,33,0,10.0,13
4,1,2,34,0,13.0,10
4,1,2,35,0,10.0,6
4,1,2,36,0,6.0,12
4,1,2,37,0,12.0,10
4,1,2,38,0,10.0,10
4,1,2,39,0,10.0,16
4,1,2,40,0,16.0,7
4,1,2,41,0,7.0,12
4,1,2,42,0,12.0,10
4,1,2,43,0,10.0,13
4,1,2,44,0,13.0,11
4,1,2,45,0,11.0,10
4,1,2,46,0,10.0,9
4,1,2,47,0,9.0,5
4,1,2,48,0,5.0,10
4,1,2,49,0,10.0,6
4,1,2,50,1,6.0,15
4,1,2,51,1,15.0,11
4,1,2,52,1,11.0,5
4,1,2,1,1,5.0,4
4,1,2,2,0,4.0,13
4,1,2,3,0,13.0,10
4,1,2,4,0,10.0,18
4,1,2,5,0,18.0,15
4,1,2,6,0,15.0,15
4,1,2,7,1,15.0,14
4,1,2,8,1,14.0,5
4,1,2,9,1,5.0,8
4,1,2,10,1,8.0,17
4,1,2,11,1,17.0,4
4,1,2,12,1,4.0,18
4,1,2,13,1,18.0,4
4,1,2,14,1,4.0,18
4,1,2,15,0,18.0,6
4,1,2,16,0,6.0,6
4,1,2,17,0,6.0,6
4,1,2,18,0,6.0,13
4,1,2,19,0,13.0,11
4,1,2,20,0,11.0,20
4,1,2,21,0,20.0,22
4,1,2,22,0,22.0,8
4,1,2,23,0,8.0,11
4,1,2,24,0,11.0,15
4,1,2,25,0,15.0,6
4,1,2,26,0,6.0,12
4,1,2,27,0,12.0,9
4,1,2,28,0,9.0,17
4,1,2,29,0,17.0,6
4,1,2,30,1,6.0,25
4,1,2,31,1,25.0,58
4,1,2,32,0,58.0,9
4,1,2,33,0,9.0,9
4,1,2,34,0,9.0,10
4,1,2,35,0,10.0,13
4,1,2,36,0,13.0,3
4,1,2,38,0,3.0,19
4,1,2,39,0,19.0,7
4,1,2,40,0,7.0,15
4,1,2,41,0,15.0,8
4,1,2,42,0,8.0,5
4,1,2,43,0,5.0,17
4,1,2,44,0,17.0,5
4,1,2,45,0,5.0,17
4,1,2,46,0,17.0,6
4,1,2,47,0,6.0,24
4,1,2,48,0,24.0,3
4,1,2,49,0,3.0,5
4,1,2,50,0,5.0,7
4,1,2,51,1,7.0,3
4,1,2,52,1,3.0,8
4,1,2,53,1,8.0,9
4,1,2,1,0,9.0,10
4,1,2,2,0,10.0,15
4,1,2,3,0,15.0,6
4,1,2,4,0,6.0,9
4,1,2,5,0,9.0,2
4,1,2,6,1,2.0,14
4,1,2,7,1,14.0,2
4,1,2,8,0,2.0,10
4,1,2,9,1,10.0,7
4,1,2,10,1,7.0,15
4,1,2,11,1,15.0,12
4,1,2,12,1,12.0,6
4,1,2,13,1,6.0,8
4,1,2,14,0,8.0,8
4,1,2,15,0,8.0,12
4,1,2,16,0,12.0,13
4,1,2,17,0,13.0,17
4,1,2,18,0,17.0,10
4,1,2,19,0,10.0,10
4,1,2,20,0,10.0,4
4,1,2,21,0,4.0,6
4,1,2,22,0,6.0,18
4,1,2,23,0,18.0,8
4,1,2,24,0,8.0,11
4,1,2,25,0,11.0,6
4,1,2,26,0,6.0,7
4,1,2,27,0,7.0,6
4,1,2,28,0,6.0,21
4,1,2,29,1,21.0,36
4,1,2,30,1,36.0,42
4,1,2,31,0,42.0,13
4,1,2,32,0,13.0,17
4,1,2,33,0,17.0,6
4,1,2,34,0,6.0,10
4,1,2,35,0,10.0,9
4,1,2,36,0,9.0,9
4,1,2,37,0,9.0,8
4,1,2,38,0,8.0,5
4,1,2,39,0,5.0,11
4,1,2,40,0,11.0,18
4,1,2,41,0,18.0,4
4,1,2,42,0,4.0,18
4,1,2,43,0,18.0,9
4,1,2,44,0,9.0,7
4,1,2,45,0,7.0,4
4,1,2,46,0,4.0,16
4,1,2,47,0,16.0,14
4,1,2,48,0,14.0,19
4,1,2,49,0,19.0,10
4,1,2,50,1,10.0,12
4,1,2,51,1,12.0,2
4,1,2,52,1,2.0,4
4,1,2,1,1,4.0,10
4,1,2,2,0,10.0,7
4,1,2,3,0,7.0,10
4,1,2,4,0,10.0,7
4,1,2,5,0,7.0,9
4,1,2,6,1,9.0,14
4,1,2,7,1,14.0,5
4,1,2,8,0,5.0,9
4,1,2,9,1,9.0,12
4,1,2,10,1,12.0,5
4,1,2,11,1,5.0,10
4,1,2,12,1,10.0,8
4,1,2,13,1,8.0,8
4,1,2,14,0,8.0,15
4,1,2,15,0,15.0,11
4,1,2,16,0,11.0,4
4,1,2,17,0,4.0,11
4,1,2,18,0,11.0,7
4,1,2,19,0,7.0,12
4,1,2,20,0,12.0,10
4,1,2,21,0,10.0,16
4,1,2,22,0,16.0,17
4,1,2,23,0,17.0,10
4,1,2,24,0,10.0,4
4,1,2,25,0,4.0,14
4,1,2,26,0,14.0,18
4,1,2,27,0,18.0,11
4,1,2,28,0,11.0,11
4,1,2,29,1,11.0,16
4,1,2,30,1,16.0,52
4,1,2,31,0,52.0,5
4,1,2,32,0,5.0,7
4,1,2,33,0,7.0,8
4,1,2,34,0,8.0,11
4,1,2,35,0,11.0,13
4,1,2,36,0,13.0,10
4,1,2,37,0,10.0,14
4,1,2,38,0,14.0,24
4,1,2,39,0,24.0,5
4,1,2,40,0,5.0,5
4,1,2,41,0,5.0,7
4,1,2,42,0,7.0,15
4,1,2,43,0,15.0,6
4,1,2,44,0,6.0,5
4,1,2,45,0,5.0,10
4,1,2,46,0,10.0,10
4,1,2,47,0,10.0,16
4,1,2,48,0,16.0,16
4,1,2,49,0,16.0,12
4,1,2,50,1,12.0,9
4,1,2,51,1,9.0,14
4,1,2,52,1,14.0,6
4,1,2,1,1,6.0,9
4,1,2,2,0,9.0,9
4,1,2,3,0,9.0,10
4,1,2,4,0,10.0,4
4,1,2,5,0,4.0,13
4,1,2,6,1,13.0,12
4,1,2,7,1,12.0,4
4,1,2,8,1,4.0,7
4,1,2,9,1,7.0,7
4,1,2,10,1,7.0,8
4,1,2,11,1,8.0,9
4,1,2,12,1,9.0,11
4,1,2,13,1,11.0,10
4,1,2,14,0,10.0,7
4,1,2,15,0,7.0,19
4,1,2,16,0,19.0,20
4,1,2,17,0,20.0,2
4,1,2,18,0,2.0,26
4,1,2,19,0,26.0,14
4,1,2,20,0,14.0,4
4,1,2,21,0,4.0,12
4,1,2,22,0,12.0,10
4,1,2,23,0,10.0,6
4,1,2,24,0,6.0,8
4,1,2,25,0,8.0,5
4,1,2,26,0,5.0,16
4,1,2,27,0,16.0,5
4,1,2,28,0,5.0,9
4,1,2,29,1,9.0,20
4,1,2,30,1,20.0,97
4,1,2,31,0,97.0,8
4,1,2,32,0,8.0,11
4,1,2,33,0,11.0,10
4,1,2,34,0,10.0,6
4,1,2,35,0,6.0,16
4,1,2,36,0,16.0,8
4,1,2,37,0,8.0,5
4,1,2,38,0,5.0,8
4,1,2,39,0,8.0,6
4,1,2,40,0,6.0,8
4,1,2,41,0,8.0,12
4,1,2,42,0,12.0,6
4,1,2,43,0,6.0,15
4,1,2,44,0,15.0,7
4,1,2,45,0,7.0,20
4,1,2,46,0,20.0,17
4,1,2,47,0,17.0,17
4,1,2,48,0,17.0,10
4,1,2,49,0,10.0,9
4,1,2,50,1,9.0,12
4,1,2,51,1,12.0,12
4,1,2,52,1,12.0,18
4,1,2,1,1,18.0,8
4,1,2,2,0,8.0,8
4,1,2,3,0,8.0,14
4,1,2,4,0,14.0,10
4,1,2,5,0,10.0,9
4,1,2,6,1,9.0,19
4,1,2,7,1,19.0,5
4,1,2,8,1,5.0,19
4,1,2,9,1,19.0,4
4,1,2,10,1,4.0,11
4,1,2,11,1,11.0,11
4,1,2,12,1,11.0,14
4,1,2,13,1,14.0,8
4,1,2,14,0,8.0,5
4,1,2,15,0,5.0,8
4,1,2,16,0,8.0,4
4,1,2,17,0,4.0,5
4,1,2,18,0,5.0,6
4,1,2,19,0,6.0,9
4,1,2,20,0,9.0,14
4,1,2,21,0,14.0,6
4,1,2,22,0,6.0,23
4,1,2,23,0,23.0,9
4,1,2,24,0,9.0,7
4,1,2,25,0,7.0,12
4,1,2,26,0,12.0,21
4,1,2,27,0,21.0,13
4,1,2,28,0,13.0,23
4,1,2,29,0,23.0,8
4,1,2,30,1,8.0,34
4,1,2,31,1,34.0,26
4,1,2,32,0,26.0,3
4,1,2,33,0,3.0,11
4,1,2,34,0,11.0,10
4,1,2,35,0,10.0,9
4,1,2,36,0,9.0,12
4,1,2,37,0,12.0,17
4,1,2,38,0,17.0,16
4,1,2,39,0,16.0,14
4,1,2,40,0,14.0,7
4,1,2,41,0,7.0,15
4,1,2,42,0,15.0,11
4,1,2,43,0,11.0,11
4,1,2,44,0,11.0,11
4,1,2,45,0,11.0,8
4,1,2,46,0,8.0,4
4,1,2,47,0,4.0,15
4,1,2,48,0,15.0,9
4,1,2,49,0,9.0,8
4,1,2,50,0,8.0,12
4,1,2,51,1,12.0,3
4,1,2,52,1,3.0,9
4,1,2,1,1,9.0,10
4,1,2,2,0,10.0,4
4,1,2,3,0,4.0,9
4,1,2,4,0,9.0,23
4,1,2,5,0,23.0,18
4,1,2,6,0,18.0,13
4,1,2,7,1,13.0,13
4,1,2,8,1,13.0,11
4,1,2,9,1,11.0,15
4,1,2,10,1,15.0,6
4,1,2,11,1,6.0,9
4,1,2,12,1,9.0,18
4,1,2,13,1,18.0,3
4,1,2,14,0,3.0,16
4,1,2,15,0,16.0,8
4,1,2,16,0,8.0,11
4,1,2,17,0,11.0,3
4,1,2,18,0,3.0,12
4,1,2,19,0,12.0,11
4,1,2,20,0,11.0,10
4,1,2,21,0,10.0,13
4,1,2,22,0,13.0,4
4,1,2,23,0,4.0,4
4,1,2,24,0,4.0,18
4,1,2,25,0,18.0,10
4,1,2,26,0,10.0,14
4,1,2,27,0,14.0,16
4,1,2,28,0,16.0,10
4,1,2,29,0,10.0,13
4,1,2,30,1,13.0,56
4,1,2,31,0,56.0,2
4,1,2,32,0,2.0,14
4,1,2,33,0,14.0,10
4,1,2,34,0,10.0,20
4,1,2,35,0,20.0,12
4,1,2,36,0,12.0,9
4,1,2,37,0,9.0,8
4,1,2,38,0,8.0,11
4,1,2,39,0,11.0,10
4,1,2,40,0,10.0,10
4,1,2,41,0,10.0,5
4,1,2,42,0,5.0,10
4,1,2,43,0,10.0,8
4,1,2,44,0,8.0,4
4,1,2,45,0,4.0,18
4,1,2,46,0,18.0,6
4,1,2,47,0,6.0,19
4,1,2,48,0,19.0,9
4,1,2,49,0,9.0,6
4,1,2,50,0,6.0,7
4,1,2,51,1,7.0,11
4,1,2,52,1,11.0,21
4,1,2,1,1,21.0,3
4,2,0,1,1,0.0,30
4,2,0,2,0,30.0,7
4,2,0,3,0,7.0,10
4,2,0,4,0,10.0,10
4,2,0,5,0,10.0,11
4,2,0,6,1,11.0,9
4,2,0,7,1,9.0,21
4,2,0,8,1,21.0,6
4,2,0,9,1,6.0,9
4,2,0,10,1,9.0,21
4,2,0,11,1,21.0,4
4,2,0,12,1,4.0,15
4,2,0,13,1,15.0,11
4,2,0,14,0,11.0,14
4,2,0,15,0,14.0,5
4,2,0,16,0,5.0,9
4,2,0,17,0,9.0,11
4,2,0,18,0,11.0,8
4,2,0,19,0,8.0,8
4,2,0,20,0,8.0,16
4,2,0,21,0,16.0,7
4,2,0,22,0,7.0,11
4,2,0,23,0,11.0,8
4,2,0,24,0,8.0,9
4,2,0,25,0,9.0,11
4,2,0,26,0,11.0,12
4,2,0,27,0,12.0,17
4,2,0,28,0,17.0,16
4,2,0,29,1,16.0,14
4,2,0,30,1,14.0,12
4,2,0,31,1,12.0,18
4,2,0,32,0,18.0,13
4,2,0,33,0,13.0,9
4,2,0,34,0,9.0,4
4,2,0,35,0,4.0,12
4,2,0,36,0,12.0,16
4,2,0,37,0,16.0,9
4,2,0,38,0,9.0,9
4,2,0,39,0,9.0,20
4,2,0,40,0,20.0,13
4,2,0,41,0,13.0,9
4,2,0,42,0,9.0,9
4,2,0,43,0,9.0,14
4,2,0,44,0,14.0,15
4,2,0,45,0,15.0,13
4,2,0,46,0,13.0,4
4,2,0,47,0,4.0,7
4,2,0,48,0,7.0,17
4,2,0,49,0,17.0,14
4,2,0,50,0,14.0,3
4,2,0,51,1,3.0,16
4,2,0,52,1,16.0,9
4,2,0,1,1,9.0,18
4,2,0,2,0,18.0,9
4,2,0,3,0,9.0,5
4,2,0,4,0,5.0,14
4,2,0,5,0,14.0,11
4,2,0,6,0,11.0,5
4,2,0,7,1,5.0,11
4,2,0,8,0,11.0,12
4,2,0,9,0,12.0,4
4,2,0,10,1,4.0,11
4,2,0,12,1,11.0,10
4,2,0,13,1,10.0,14
4,2,0,14,0,14.0,10
4,2,0,15,0,10.0,16
4,2,0,16,0,16.0,13
4,2,0,17,0,13.0,8
4,2,0,18,0,8.0,5
4,2,0,19,0,5.0,7
4,2,0,20,0,7.0,7
4,2,0,21,0,7.0,5
4,2,0,22,0,5.0,3
4,2,0,23,0,3.0,9
4,2,0,24,0,9.0,12
4,2,0,25,0,12.0,13
4,2,0,26,0,13.0,2
4,2,0,27,0,2.0,10
4,2,0,28,0,10.0,13
4,2,0,29,0,13.0,19
4,2,0,30,1,19.0,15
4,2,0,31,1,15.0,16
4,2,0,32,0,16.0,11
4,2,0,33,0,11.0,13
4,2,0,34,0,13.0,18
4,2,0,35,0,18.0,3
4,2,0,36,0,3.0,9
4,2,0,37,0,9.0,8
4,2,0,38,0,8.0,12
4,2,0,39,0,12.0,18
4,2,0,40,0,18.0,2
4,2,0,41,0,2.0,6
4,2,0,42,0,6.0,8
4,2,0,43,0,8.0,13
4,2,0,44,0,13.0,14
4,2,0,45,0,14.0,18
4,2,0,46,0,18.0,11
4,2,0,47,0,11.0,9
4,2,0,48,0,9.0,6
4,2,0,49,0,6.0,5
4,2,0,50,1,5.0,15
4,2,0,51,1,15.0,12
4,2,0,52,1,12.0,7
4,2,0,1,1,7.0,13
4,2,0,2,0,13.0,20
4,2,0,3,0,20.0,17
4,2,0,4,0,17.0,8
4,2,0,5,0,8.0,6
4,2,0,6,0,6.0,15
4,2,0,7,1,15.0,15
4,2,0,8,1,15.0,8
4,2,0,9,1,8.0,19
4,2,0,10,1,19.0,7
4,2,0,11,1,7.0,6
4,2,0,12,1,6.0,7
4,2,0,13,1,7.0,18
4,2,0,14,0,18.0,7
4,2,0,15,0,7.0,8
4,2,0,16,0,8.0,18
4,2,0,17,0,18.0,12
4,2,0,18,0,12.0,13
4,2,0,19,0,13.0,14
4,2,0,20,0,14.0,12
4,2,0,21,0,12.0,7
4,2,0,22,0,7.0,13
4,2,0,23,0,13.0,11
4,2,0,24,0,11.0,7
4,2,0,25,0,7.0,6
4,2,0,26,0,6.0,10
4,2,0,27,0,10.0,9
4,2,0,28,0,9.0,10
4,2,0,29,0,10.0,5
4,2,0,30,1,5.0,13
4,2,0,31,1,13.0,17
4,2,0,32,0,17.0,8
4,2,0,33,0,8.0,9
4,2,0,34,0,9.0,9
4,2,0,35,0,9.0,8
4,2,0,36,0,8.0,6
4,2,0,37,0,6.0,8
4,2,0,38,0,8.0,6
4,2,0,39,0,6.0,9
4,2,0,40,0,9.0,14
4,2,0,41,0,14.0,10
4,2,0,42,0,10.0,9
4,2,0,43,0,9.0,12
4,2,0,44,0,12.0,11
4,2,0,45,0,11.0,2
4,2,0,46,0,2.0,6
4,2,0,47,0,6.0,5
4,2,0,48,0,5.0,8
4,2,0,49,0,8.0,9
4,2,0,50,0,9.0,15
4,2,0,51,1,15.0,12
4,2,0,52,1,12.0,3
4,2,0,53,1,3.0,8
4,2,0,1,1,8.0,10
4,2,0,2,0,10.0,12
4,2,0,3,0,12.0,10
4,2,0,4,0,10.0,12
4,2,0,5,0,12.0,17
4,2,0,6,1,17.0,10
4,2,0,7,1,10.0,18
4,2,0,8,0,18.0,11
4,2,0,9,1,11.0,15
4,2,0,10,1,15.0,16
4,2,0,11,1,16.0,11
4,2,0,12,1,11.0,9
4,2,0,13,1,9.0,18
4,2,0,14,0,18.0,13
4,2,0,15,0,13.0,9
4,2,0,16,0,9.0,9
4,2,0,17,0,9.0,13
4,2,0,18,0,13.0,13
4,2,0,19,0,13.0,9
4,2,0,20,0,9.0,8
4,2,0,21,0,8.0,14
4,2,0,22,0,14.0,17
4,2,0,23,0,17.0,8
4,2,0,24,0,8.0,10
4,2,0,25,0,10.0,14
4,2,0,26,0,14.0,8
4,2,0,27,0,8.0,6
4,2,0,28,0,6.0,14
4,2,0,29,1,14.0,12
4,2,0,30,1,12.0,15
4,2,0,31,0,15.0,12
4,2,0,32,0,12.0,14
4,2,0,33,0,14.0,2
4,2,0,34,0,2.0,15
4,2,0,35,0,15.0,5
4,2,0,36,0,5.0,30
4,2,0,37,0,30.0,12
4,2,0,38,0,12.0,8
4,2,0,39,0,8.0,8
4,2,0,40,0,8.0,9
4,2,0,41,0,9.0,14
4,2,0,42,0,14.0,5
4,2,0,43,0,5.0,7
4,2,0,44,0,7.0,9
4,2,0,45,0,9.0,6
4,2,0,46,0,6.0,10
4,2,0,47,0,10.0,12
4,2,0,48,0,12.0,15
4,2,0,49,0,15.0,7
4,2,0,50,1,7.0,8
4,2,0,51,1,8.0,7
4,2,0,52,1,7.0,5
4,2,0,1,1,5.0,12
4,2,0,2,0,12.0,10
4,2,0,3,0,10.0,14
4,2,0,4,0,14.0,14
4,2,0,5,0,14.0,8
4,2,0,6,1,8.0,7
4,2,0,7,1,7.0,13
4,2,0,8,0,13.0,8
4,2,0,9,1,8.0,15
4,2,0,10,1,15.0,14
4,2,0,11,1,14.0,9
4,2,0,12,1,9.0,7
4,2,0,13,1,7.0,15
4,2,0,14,0,15.0,11
4,2,0,15,0,11.0,3
4,2,0,16,0,3.0,7
4,2,0,17,0,7.0,12
4,2,0,18,0,12.0,6
4,2,0,19,0,6.0,8
4,2,0,20,0,8.0,11
4,2,0,21,0,11.0,6
4,2,0,22,0,6.0,3
4,2,0,24,0,3.0,7
4,2,0,25,0,7.0,6
4,2,0,26,0,6.0,13
4,2,0,27,0,13.0,7
4,2,0,28,0,7.0,8
4,2,0,29,1,8.0,11
4,2,0,30,1,11.0,15
4,2,0,31,0,15.0,10
4,2,0,32,0,10.0,16
4,2,0,33,0,16.0,10
4,2,0,34,0,10.0,4
4,2,0,35,0,4.0,6
4,2,0,36,0,6.0,16
4,2,0,37,0,16.0,4
4,2,0,38,0,4.0,3
4,2,0,39,0,3.0,17
4,2,0,40,0,17.0,11
4,2,0,41,0,11.0,13
4,2,0,42,0,13.0,12
4,2,0,43,0,12.0,10
4,2,0,44,0,10.0,16
4,2,0,45,0,16.0,9
4,2,0,46,0,9.0,9
4,2,0,47,0,9.0,10
4,2,0,48,0,10.0,9
4,2,0,49,0,9.0,28
4,2,0,50,1,28.0,9
4,2,0,51,1,9.0,8
4,2,0,52,1,8.0,10
4,2,0,1,1,10.0,11
4,2,0,2,0,11.0,12
4,2,0,3,0,12.0,14
4,2,0,4,0,14.0,8
4,2,0,5,0,8.0,7
4,2,0,6,1,7.0,7
4,2,0,7,1,7.0,4
4,2,0,8,1,4.0,13
4,2,0,9,1,13.0,17
4,2,0,10,1,17.0,9
4,2,0,11,1,9.0,1
4,2,0,12,1,1.0,9
4,2,0,13,1,9.0,9
4,2,0,14,0,9.0,17
4,2,0,15,0,17.0,4
4,2,0,16,0,4.0,6
4,2,0,17,0,6.0,8
4,2,0,18,0,8.0,13
4,2,0,19,0,13.0,16
4,2,0,20,0,16.0,10
4,2,0,21,0,10.0,14
4,2,0,22,0,14.0,6
4,2,0,23,0,6.0,14
4,2,0,24,0,14.0,11
4,2,0,25,0,11.0,6
4,2,0,26,0,6.0,8
4,2,0,27,0,8.0,18
4,2,0,28,0,18.0,2
4,2,0,29,1,2.0,15
4,2,0,30,1,15.0,6
4,2,0,31,0,6.0,10
4,2,0,32,0,10.0,12
4,2,0,33,0,12.0,10
4,2,0,34,0,10.0,16
4,2,0,35,0,16.0,9
4,2,0,36,0,9.0,12
4,2,0,37,0,12.0,9
4,2,0,38,0,9.0,4
4,2,0,39,0,4.0,17
4,2,0,40,0,17.0,10
4,2,0,41,0,10.0,13
4,2,0,42,0,13.0,8
4,2,0,43,0,8.0,11
4,2,0,44,0,11.0,13
4,2,0,45,0,13.0,19
4,2,0,46,0,19.0,7
4,2,0,47,0,7.0,4
4,2,0,48,0,4.0,14
4,2,0,49,0,14.0,17
4,2,0,50,1,17.0,14
4,2,0,51,1,14.0,10
4,2,0,52,1,10.0,10
4,2,0,1,1,10.0,14
4,2,0,2,0,14.0,20
4,2,0,3,0,20.0,10
4,2,0,4,0,10.0,16
4,2,0,5,0,16.0,9
4,2,0,6,1,9.0,3
4,2,0,7,1,3.0,9
4,2,0,8,0,9.0,1
4,2,0,9,0,1.0,4
4,2,0,10,1,4.0,12
4,2,0,11,1,12.0,19
4,2,0,12,1,19.0,6
4,2,0,13,1,6.0,12
4,2,0,14,0,12.0,19
4,2,0,15,0,19.0,16
4,2,0,16,0,16.0,4
4,2,0,17,0,4.0,10
4,2,0,18,0,10.0,13
4,2,0,19,0,13.0,14
4,2,0,20,0,14.0,15
4,2,0,21,0,15.0,7
4,2,0,22,0,7.0,11
4,2,0,23,0,11.0,12
4,2,0,24,0,12.0,3
4,2,0,25,0,3.0,10
4,2,0,26,0,10.0,5
4,2,0,27,0,5.0,3
4,2,0,28,0,3.0,14
4,2,0,29,0,14.0,7
4,2,0,30,1,7.0,12
4,2,0,31,1,12.0,20
4,2,0,32,0,20.0,9
4,2,0,33,0,9.0,7
4,2,0,34,0,7.0,9
4,2,0,35,0,9.0,8
4,2,0,36,0,8.0,9
4,2,0,37,0,9.0,5
4,2,0,38,0,5.0,10
4,2,0,39,0,10.0,7
4,2,0,40,0,7.0,13
4,2,0,41,0,13.0,12
4,2,0,42,0,12.0,7
4,2,0,43,0,7.0,3
4,2,0,44,0,3.0,8
4,2,0,45,0,8.0,6
4,2,0,46,0,6.0,12
4,2,0,47,0,12.0,13
4,2,0,48,0,13.0,14
4,2,0,49,0,14.0,9
4,2,0,50,1,9.0,17
4,2,0,51,1,17.0,12
4,2,0,52,1,12.0,22
4,2,0,1,1,22.0,19
4,2,0,2,0,19.0,8
4,2,0,3,0,8.0,8
4,2,0,4,0,8.0,14
4,2,0,5,0,14.0,8
4,2,0,6,0,8.0,13
4,2,0,7,1,13.0,8
4,2,0,8,1,8.0,8
4,2,0,9,0,8.0,9
4,2,0,10,1,9.0,16
4,2,0,11,1,16.0,14
4,2,0,12,1,14.0,11
4,2,0,13,1,11.0,12
4,2,0,14,0,12.0,11
4,2,0,15,0,11.0,11
4,2,0,16,0,11.0,4
4,2,0,17,0,4.0,7
4,2,0,18,0,7.0,12
4,2,0,19,0,12.0,18
4,2,0,20,0,18.0,7
4,2,0,21,0,7.0,15
4,2,0,22,0,15.0,14
4,2,0,23,0,14.0,4
4,2,0,24,0,4.0,16
4,2,0,25,0,16.0,19
4,2,0,26,0,19.0,9
4,2,0,27,0,9.0,6
4,2,0,28,0,6.0,6
4,2,0,29,0,6.0,8
4,2,0,30,1,8.0,14
4,2,0,31,1,14.0,7
4,2,0,32,0,7.0,13
4,2,0,33,0,13.0,17
4,2,0,34,0,17.0,13
4,2,0,35,0,13.0,9
4,2,0,36,0,9.0,12
4,2,0,37,0,12.0,4
4,2,0,38,0,4.0,13
4,2,0,39,0,13.0,7
4,2,0,40,0,7.0,10
4,2,0,41,0,10.0,5
4,2,0,42,0,5.0,11
4,2,0,43,0,11.0,9
4,2,0,44,0,9.0,7
4,2,0,45,0,7.0,13
4,2,0,46,0,13.0,18
4,2,0,47,0,18.0,16
4,2,0,48,0,16.0,17
4,2,0,49,0,17.0,7
4,2,0,50,0,7.0,2
4,2,0,51,1,2.0,11
4,2,0,52,1,11.0,14
4,2,1,1,1,0.0,17
4,2,1,2,0,17.0,10
4,2,1,3,0,10.0,12
4,2,1,4,0,12.0,11
4,2,1,5,0,11.0,11
4,2,1,6,1,11.0,10
4,2,1,7,1,10.0,10
4,2,1,8,1,10.0,7
4,2,1,9,1,7.0,7
4,2,1,10,1,7.0,12
4,2,1,11,1,12.0,9
4,2,1,12,1,9.0,7
4,2,1,13,1,7.0,13
4,2,1,14,0,13.0,13
4,2,1,15,0,13.0,11
4,2,1,16,0,11.0,11
4,2,1,17,0,11.0,9
4,2,1,18,0,9.0,2
4,2,1,19,0,2.0,11
4,2,1,20,0,11.0,7
4,2,1,21,0,7.0,9
4,2,1,22,0,9.0,8
4,2,1,23,0,8.0,10
4,2,1,24,0,10.0,9
4,2,1,25,0,9.0,13
4,2,1,26,0,13.0,12
4,2,1,27,0,12.0,12
4,2,1,28,0,12.0,14
4,2,1,29,1,14.0,7
4,2,1,30,1,7.0,12
4,2,1,31,1,12.0,13
4,2,1,32,0,13.0,13
4,2,1,33,0,13.0,13
4,2,1,34,0,13.0,12
4,2,1,35,0,12.0,5
4,2,1,36,0,5.0,13
4,2,1,37,0,13.0,18
4,2,1,38,0,18.0,15
4,2,1,39,0,15.0,13
4,2,1,40,0,13.0,20
4,2,1,41,0,20.0,2
4,2,1,42,0,2.0,22
4,2,1,43,0,22.0,12
4,2,1,44,0,12.0,9
4,2,1,45,0,9.0,9
4,2,1,46,0,9.0,12
4,2,1,47,0,12.0,16
4,2,1,48,0,16.0,13
4,2,1,49,0,13.0,4
4,2,1,50,0,4.0,2
4,2,1,51,1,2.0,7
4,2,1,52,1,7.0,18
4,2,1,1,1,18.0,15
4,2,1,2,0,15.0,14
4,2,1,3,0,14.0,4
4,2,1,4,0,4.0,12
4,2,1,5,0,12.0,6
4,2,1,6,1,6.0,5
4,2,1,7,1,5.0,17
4,2,1,8,1,17.0,19
4,2,1,9,0,19.0,1
4,2,1,10,1,1.0,19
4,2,1,11,1,19.0,17
4,2,1,12,1,17.0,15
4,2,1,13,1,15.0,13
4,2,1,14,0,13.0,12
4,2,1,15,0,12.0,5
4,2,1,16,0,5.0,5
4,2,1,17,0,5.0,11
4,2,1,18,0,11.0,23
4,2,1,19,0,23.0,6
4,2,1,20,0,6.0,6
4,2,1,21,0,6.0,16
4,2,1,22,0,16.0,3
4,2,1,23,0,3.0,10
4,2,1,24,0,10.0,14
4,2,1,25,0,14.0,5
4,2,1,26,0,5.0,10
4,2,1,27,0,10.0,3
4,2,1,28,0,3.0,9
4,2,1,29,0,9.0,6
4,2,1,30,1,6.0,14
4,2,1,31,1,14.0,13
4,2,1,32,0,13.0,4
4,2,1,33,0,4.0,7
4,2,1,34,0,7.0,15
4,2,1,35,0,15.0,13
4,2,1,36,0,13.0,3
4,2,1,37,0,3.0,6
4,2,1,38,0,6.0,2
4,2,1,39,0,2.0,9
4,2,1,40,0,9.0,13
4,2,1,41,0,13.0,6
4,2,1,42,0,6.0,10
4,2,1,43,0,10.0,15
4,2,1,44,0,15.0,7
4,2,1,45,0,7.0,19
4,2,1,46,0,19.0,7
4,2,1,47,0,7.0,2
4,2,1,48,0,2.0,17
4,2,1,49,0,17.0,8
4,2,1,50,1,8.0,13
4,2,1,51,1,13.0,12
4,2,1,52,1,12.0,3
4,2,1,1,1,3.0,12
4,2,1,2,0,12.0,8
4,2,1,3,0,8.0,6
4,2,1,4,0,6.0,6
4,2,1,5,0,6.0,14
4,2,1,6,0,14.0,11
4,2,1,7,1,11.0,16
4,2,1,8,1,16.0,7
4,2,1,9,0,7.0,5
4,2,1,10,1,5.0,23
4,2,1,11,1,23.0,4
4,2,1,12,1,4.0,8
4,2,1,13,1,8.0,7
4,2,1,14,1,7.0,7
4,2,1,15,0,7.0,16
4,2,1,16,0,16.0,9
4,2,1,17,0,9.0,8
4,2,1,18,0,8.0,12
4,2,1,19,0,12.0,6
4,2,1,20,0,6.0,7
4,2,1,21,0,7.0,10
4,2,1,22,0,10.0,12
4,2,1,23,0,12.0,18
4,2,1,24,0,18.0,10
4,2,1,25,0,10.0,15
4,2,1,26,0,15.0,5
4,2,1,27,0,5.0,12
4,2,1,28,0,12.0,5
4,2,1,29,0,5.0,8
4,2,1,30,1,8.0,8
4,2,1,31,1,8.0,3
4,2,1,32,0,3.0,2
4,2,1,33,0,2.0,9
4,2,1,34,0,9.0,8
4,2,1,35,0,8.0,9
4,2,1,36,0,9.0,21
4,2,1,37,0,21.0,4
4,2,1,38,0,4.0,10
4,2,1,39,0,10.0,5
4,2,1,40,0,5.0,15
4,2,1,41,0,15.0,12
4,2,1,42,0,12.0,8
4,2,1,43,0,8.0,13
4,2,1,44,0,13.0,9
4,2,1,45,0,9.0,9
4,2,1,46,0,9.0,17
4,2,1,47,0,17.0,12
4,2,1,48,0,12.0,9
4,2,1,49,0,9.0,15
4,2,1,50,0,15.0,13
4,2,1,51,1,13.0,17
4,2,1,52,1,17.0,8
4,2,1,53,1,8.0,3
4,2,1,1,1,3.0,14
4,2,1,2,0,14.0,16
4,2,1,3,0,16.0,10
4,2,1,4,0,10.0,9
4,2,1,5,0,9.0,9
4,2,1,6,1,9.0,2
4,2,1,7,1,2.0,15
4,2,1,9,1,15.0,11
4,2,1,10,1,11.0,6
4,2,1,11,1,6.0,10
4,2,1,12,1,10.0,11
4,2,1,13,1,11.0,11
4,2,1,14,0,11.0,6
4,2,1,15,0,6.0,12
4,2,1,16,0,12.0,12
4,2,1,17,0,12.0,12
4,2,1,18,0,12.0,12
4,2,1,19,0,12.0,14
4,2,1,20,0,14.0,9
4,2,1,21,0,9.0,7
4,2,1,22,0,7.0,11
4,2,1,23,0,11.0,16
4,2,1,24,0,16.0,4
4,2,1,25,0,4.0,24
4,2,1,26,0,24.0,7
4,2,1,27,0,7.0,19
4,2,1,28,0,19.0,7
4,2,1,29,1,7.0,15
4,2,1,30,1,15.0,7
4,2,1,31,0,7.0,10
4,2,1,32,0,10.0,15
4,2,1,33,0,15.0,11
4,2,1,34,0,11.0,14
4,2,1,35,0,14.0,10
4,2,1,36,0,10.0,17
4,2,1,37,0,17.0,11
4,2,1,38,0,11.0,10
4,2,1,39,0,10.0,13
4,2,1,40,0,13.0,11
4,2,1,41,0,11.0,13
4,2,1,42,0,13.0,12
4,2,1,43,0,12.0,9
4,2,1,44,0,9.0,8
4,2,1,45,0,8.0,7
4,2,1,46,0,7.0,11
4,2,1,47,0,11.0,5
4,2,1,48,0,5.0,13
4,2,1,49,0,13.0,11
4,2,1,50,1,11.0,13
4,2,1,51,1,13.0,18
4,2,1,52,1,18.0,15
4,2,1,1,1,15.0,6
4,2,1,2,0,6.0,9
4,2,1,3,0,9.0,15
4,2,1,4,0,15.0,4
4,2,1,5,0,4.0,6
4,2,1,6,1,6.0,4
4,2,1,7,1,4.0,24
4,2,1,8,0,24.0,5
4,2,1,9,1,5.0,2
4,2,1,10,1,2.0,20
4,2,1,11,1,20.0,10
4,2,1,12,1,10.0,9
4,2,1,13,1,9.0,5
4,2,1,14,0,5.0,6
4,2,1,15,0,6.0,13
4,2,1,16,0,13.0,13
4,2,1,17,0,13.0,9
4,2,1,18,0,9.0,3
4,2,1,19,0,3.0,24
4,2,1,20,0,24.0,14
4,2,1,21,0,14.0,15
4,2,1,22,0,15.0,9
4,2,1,23,0,9.0,9
4,2,1,24,0,9.0,10
4,2,1,25,0,10.0,7
4,2,1,26,0,7.0,13
4,2,1,27,0,13.0,2
4,2,1,28,0,2.0,22
4,2,1,29,1,22.0,15
4,2,1,30,1,15.0,6
4,2,1,31,0,6.0,19
4,2,1,32,0,19.0,14
4,2,1,33,0,14.0,6
4,2,1,34,0,6.0,2
4,2,1,35,0,2.0,3
4,2,1,36,0,3.0,8
4,2,1,37,0,8.0,10
4,2,1,38,0,10.0,3
4,2,1,39,0,3.0,4
4,2,1,40,0,4.0,6
4,2,1,41,0,6.0,12
4,2,1,42,0,12.0,9
4,2,1,43,0,9.0,3
4,2,1,44,0,3.0,11
4,2,1,45,0,11.0,20
4,2,1,46,0,20.0,11
4,2,1,47,0,11.0,8
4,2,1,48,0,8.0,15
4,2,1,49,0,15.0,7
4,2,1,50,1,7.0,13
4,2,1,51,1,13.0,16
4,2,1,52,1,16.0,11
4,2,1,1,1,11.0,13
4,2,1,2,0,13.0,16
4,2,1,3,0,16.0,9
4,2,1,4,0,9.0,11
4,2,1,5,0,11.0,15
4,2,1,6,1,15.0,11
4,2,1,7,1,11.0,10
4,2,1,8,0,10.0,10
4,2,1,9,1,10.0,20
4,2,1,10,1,20.0,4
4,2,1,11,1,4.0,17
4,2,1,12,1,17.0,6
4,2,1,13,1,6.0,5
4,2,1,14,0,5.0,5
4,2,1,15,0,5.0,20
4,2,1,16,0,20.0,13
4,2,1,17,0,13.0,9
4,2,1,18,0,9.0,16
4,2,1,19,0,16.0,3
4,2,1,20,0,3.0,18
4,2,1,21,0,18.0,2
4,2,1,22,0,2.0,9
4,2,1,23,0,9.0,11
4,2,1,24,0,11.0,8
4,2,1,25,0,8.0,11
4,2,1,26,0,11.0,9
4,2,1,27,0,9.0,7
4,2,1,28,0,7.0,19
4,2,1,29,1,19.0,15
4,2,1,30,1,15.0,11
4,2,1,31,1,11.0,5
4,2,1,32,0,5.0,13
4,2,1,33,0,13.0,15
4,2,1,34,0,15.0,3
4,2,1,35,0,3.0,9
4,2,1,36,0,9.0,11
4,2,1,37,0,11.0,24
4,2,1,38,0,24.0,10
4,2,1,39,0,10.0,14
4,2,1,40,0,14.0,9
4,2,1,41,0,9.0,6
4,2,1,42,0,6.0,16
4,2,1,43,0,16.0,3
4,2,1,44,0,3.0,9
4,2,1,45,0,9.0,9
4,2,1,46,0,9.0,9
4,2,1,47,0,9.0,5
4,2,1,48,0,5.0,19
4,2,1,49,0,19.0,11
4,2,1,50,1,11.0,13
4,2,1,51,1,13.0,7
4,2,1,52,1,7.0,16
4,2,1,1,1,16.0,5
4,2,1,2,0,5.0,11
4,2,1,3,0,11.0,23
4,2,1,4,0,23.0,5
4,2,1,5,0,5.0,9
4,2,1,6,1,9.0,19
4,2,1,7,1,19.0,2
4,2,1,8,1,2.0,11
4,2,1,9,1,11.0,13
4,2,1,10,1,13.0,15
4,2,1,11,1,15.0,8
4,2,1,12,1,8.0,4
4,2,1,13,1,4.0,7
4,2,1,14,0,7.0,12
4,2,1,15,0,12.0,12
4,2,1,16,0,12.0,9
4,2,1,17,0,9.0,8
4,2,1,18,0,8.0,4
4,2,1,19,0,4.0,12
4,2,1,20,0,12.0,8
4,2,1,21,0,8.0,12
4,2,1,22,0,12.0,10
4,2,1,23,0,10.0,17
4,2,1,24,0,17.0,6
4,2,1,25,0,6.0,5
4,2,1,26,0,5.0,10
4,2,1,27,0,10.0,6
4,2,1,28,0,6.0,2
4,2,1,29,0,2.0,9
4,2,1,30,1,9.0,15
4,2,1,31,1,15.0,15
4,2,1,32,0,15.0,8
4,2,1,33,0,8.0,3
4,2,1,34,0,3.0,14
4,2,1,35,0,14.0,8
4,2,1,36,0,8.0,27
4,2,1,37,0,27.0,10
4,2,1,38,0,10.0,12
4,2,1,39,0,12.0,1
4,2,1,40,0,1.0,12
4,2,1,41,0,12.0,10
4,2,1,42,0,10.0,8
4,2,1,43,0,8.0,3
4,2,1,44,0,3.0,10
4,2,1,45,0,10.0,17
4,2,1,46,0,17.0,12
4,2,1,47,0,12.0,8
4,2,1,48,0,8.0,10
4,2,1,49,0,10.0,12
4,2,1,50,0,12.0,11
4,2,1,51,1,11.0,15
4,2,1,52,1,15.0,17
4,2,1,1,1,17.0,4
4,2,1,2,0,4.0,11
4,2,1,3,0,11.0,5
4,2,1,4,0,5.0,12
4,2,1,5,0,12.0,7
4,2,1,6,0,7.0,11
4,2,1,7,1,11.0,12
4,2,1,8,1,12.0,13
4,2,1,9,1,13.0,19
4,2,1,10,1,19.0,3
4,2,1,11,1,3.0,16
4,2,1,12,1,16.0,12
4,2,1,13,1,12.0,5
4,2,1,14,1,5.0,24
4,2,1,15,0,24.0,12
4,2,1,16,0,12.0,9
4,2,1,17,0,9.0,14
4,2,1,18,0,14.0,4
4,2,1,19,0,4.0,11
4,2,1,20,0,11.0,5
4,2,1,21,0,5.0,12
4,2,1,22,0,12.0,20
4,2,1,23,0,20.0,13
4,2,1,24,0,13.0,6
4,2,1,25,0,6.0,6
4,2,1,26,0,6.0,13
4,2,1,27,0,13.0,9
4,2,1,28,0,9.0,18
4,2,1,29,0,18.0,18
4,2,1,30,1,18.0,14
4,2,1,31,1,14.0,11
4,2,1,32,0,11.0,14
4,2,1,33,0,14.0,14
4,2,1,34,0,14.0,13
4,2,1,35,0,13.0,15
4,2,1,36,0,15.0,17
4,2,1,37,0,17.0,5
4,2,1,38,0,5.0,9
4,2,1,39,0,9.0,9
4,2,1,40,0,9.0,5
4,2,1,41,0,5.0,9
4,2,1,42,0,9.0,4
4,2,1,43,0,4.0,12
4,2,1,44,0,12.0,8
4,2,1,45,0,8.0,13
4,2,1,46,0,13.0,15
4,2,1,47,0,15.0,16
4,2,1,48,0,16.0,13
4,2,1,49,0,13.0,9
4,2,1,50,0,9.0,6
4,2,1,51,1,6.0,9
4,2,1,52,1,9.0,11
4,2,2,1,1,0.0,13
4,2,2,2,0,13.0,5
4,2,2,3,0,5.0,14
4,2,2,4,0,14.0,18
4,2,2,5,0,18.0,5
4,2,2,6,0,5.0,8
4,2,2,7,1,8.0,20
4,2,2,8,1,20.0,3
4,2,2,9,1,3.0,6
4,2,2,10,1,6.0,7
4,2,2,11,1,7.0,13
4,2,2,12,1,13.0,15
4,2,2,13,1,15.0,15
4,2,2,14,0,15.0,12
4,2,2,15,0,12.0,17
4,2,2,16,0,17.0,8
4,2,2,17,0,8.0,12
4,2,2,18,0,12.0,21
4,2,2,19,0,21.0,6
4,2,2,20,0,6.0,14
4,2,2,21,0,14.0,15
4,2,2,22,0,15.0,18
4,2,2,23,0,18.0,14
4,2,2,24,0,14.0,1
4,2,2,25,0,1.0,5
4,2,2,26,0,5.0,9
4,2,2,27,0,9.0,12
4,2,2,28,0,12.0,18
4,2,2,29,0,18.0,3
4,2,2,30,1,3.0,17
4,2,2,31,1,17.0,13
4,2,2,32,0,13.0,17
4,2,2,33,0,17.0,12
4,2,2,34,0,12.0,8
4,2,2,35,0,8.0,19
4,2,2,36,0,19.0,4
4,2,2,37,0,4.0,7
4,2,2,38,0,7.0,13
4,2,2,39,0,13.0,13
4,2,2,40,0,13.0,14
4,2,2,41,0,14.0,16
4,2,2,42,0,16.0,16
4,2,2,43,0,16.0,8
4,2,2,44,0,8.0,7
4,2,2,45,0,7.0,11
4,2,2,46,0,11.0,9
4,2,2,47,0,9.0,2
4,2,2,48,0,2.0,18
4,2,2,49,0,18.0,3
4,2,2,50,1,3.0,13
4,2,2,51,1,13.0,10
4,2,2,52,1,10.0,4
4,2,2,1,1,4.0,16
4,2,2,2,0,16.0,6
4,2,2,3,0,6.0,10
4,2,2,4,0,10.0,20
4,2,2,5,0,20.0,3
4,2,2,6,0,3.0,4
4,2,2,7,1,4.0,10
4,2,2,8,0,10.0,9
4,2,2,9,1,9.0,9
4,2,2,10,1,9.0,9
4,2,2,11,1,9.0,10
4,2,2,12,1,10.0,11
4,2,2,13,1,11.0,7
4,2,2,14,0,7.0,5
4,2,2,15,0,5.0,4
4,2,2,16,0,4.0,12
4,2,2,17,0,12.0,12
4,2,2,18,0,12.0,10
4,2,2,19,0,10.0,20
4,2,2,20,0,20.0,3
4,2,2,21,0,3.0,8
4,2,2,22,0,8.0,10
4,2,2,23,0,10.0,14
4,2,2,24,0,14.0,6
4,2,2,25,0,6.0,14
4,2,2,26,0,14.0,10
4,2,2,27,0,10.0,19
4,2,2,28,0,19.0,13
4,2,2,29,0,13.0,7
4,2,2,30,1,7.0,10
4,2,2,31,1,10.0,6
4,2,2,32,0,6.0,10
4,2,2,33,0,10.0,13
4,2,2,34,0,13.0,1
4,2,2,35,0,1.0,11
4,2,2,36,0,11.0,19
4,2,2,37,0,19.0,8
4,2,2,38,0,8.0,8
4,2,2,39,0,8.0,8
4,2,2,40,0,8.0,6
4,2,2,41,0,6.0,6
4,2,2,42,0,6.0,13
4,2,2,43,0,13.0,10
4,2,2,44,0,10.0,21
4,2,2,45,0,21.0,7
4,2,2,46,0,7.0,11
4,2,2,47,0,11.0,21
4,2,2,48,0,21.0,17
4,2,2,49,0,17.0,19
4,2,2,50,0,19.0,18
4,2,2,51,1,18.0,18
4,2,2,52,1,18.0,11
4,2,2,1,1,11.0,11
4,2,2,2,0,11.0,20
4,2,2,3,0,20.0,6
4,2,2,4,0,6.0,10
4,2,2,5,0,10.0,12
4,2,2,6,0,12.0,18
4,2,2,7,1,18.0,9
4,2,2,8,1,9.0,6
4,2,2,9,1,6.0,12
4,2,2,10,1,12.0,16
4,2,2,11,1,16.0,7
4,2,2,12,1,7.0,7
4,2,2,13,1,7.0,10
4,2,2,14,1,10.0,7
4,2,2,15,0,7.0,16
4,2,2,16,0,16.0,8
4,2,2,17,0,8.0,10
4,2,2,18,0,10.0,13
4,2,2,19,0,13.0,1
4,2,2,20,0,1.0,18
4,2,2,21,0,18.0,18
4,2,2,22,0,18.0,17
4,2,2,23,0,17.0,16
4,2,2,24,0,16.0,10
4,2,2,25,0,10.0,8
4,2,2,26,0,8.0,15
4,2,2,27,0,15.0,22
4,2,2,28,0,22.0,11
4,2,2,29,0,11.0,6
4,2,2,30,1,6.0,10
4,2,2,31,1,10.0,12
4,2,2,32,0,12.0,9
4,2,2,33,0,9.0,7
4,2,2,34,0,7.0,4
4,2,2,35,0,4.0,24
4,2,2,36,0,24.0,5
4,2,2,37,0,5.0,9
4,2,2,38,0,9.0,7
4,2,2,39,0,7.0,14
4,2,2,40,0,14.0,11
4,2,2,41,0,11.0,9
4,2,2,42,0,9.0,9
4,2,2,43,0,9.0,6
4,2,2,44,0,6.0,15
4,2,2,45,0,15.0,8
4,2,2,46,0,8.0,10
4,2,2,47,0,10.0,4
4,2,2,48,0,4.0,15
4,2,2,49,0,15.0,4
4,2,2,50,0,4.0,22
4,2,2,51,1,22.0,10
4,2,2,52,1,10.0,14
4,2,2,53,1,14.0,19
4,2,2,1,1,19.0,6
4,2,2,2,0,6.0,4
4,2,2,3,0,4.0,14
4,2,2,4,0,14.0,12
4,2,2,5,0,12.0,18
4,2,2,6,1,18.0,5
4,2,2,7,1,5.0,8
4,2,2,8,0,8.0,9
4,2,2,9,1,9.0,9
4,2,2,10,1,9.0,5
4,2,2,11,1,5.0,7
4,2,2,12,1,7.0,6
4,2,2,13,1,6.0,13
4,2,2,14,0,13.0,10
4,2,2,15,0,10.0,18
4,2,2,16,0,18.0,13
4,2,2,17,0,13.0,7
4,2,2,18,0,7.0,10
4,2,2,19,0,10.0,12
4,2,2,20,0,12.0,13
4,2,2,21,0,13.0,14
4,2,2,22,0,14.0,8
4,2,2,23,0,8.0,12
4,2,2,24,0,12.0,7
4,2,2,26,0,7.0,10
4,2,2,27,0,10.0,6
4,2,2,28,0,6.0,7
4,2,2,29,1,7.0,5
4,2,2,30,1,5.0,7
4,2,2,31,0,7.0,12
4,2,2,32,0,12.0,9
4,2,2,33,0,9.0,15
4,2,2,34,0,15.0,17
4,2,2,35,0,17.0,19
4,2,2,36,0,19.0,16
4,2,2,37,0,16.0,18
4,2,2,38,0,18.0,19
4,2,2,39,0,19.0,6
4,2,2,40,0,6.0,21
4,2,2,41,0,21.0,12
4,2,2,42,0,12.0,10
4,2,2,43,0,10.0,11
4,2,2,44,0,11.0,26
4,2,2,45,0,26.0,9
4,2,2,46,0,9.0,2
4,2,2,47,0,2.0,19
4,2,2,48,0,19.0,15
4,2,2,49,0,15.0,18
4,2,2,50,1,18.0,7
4,2,2,51,1,7.0,5
4,2,2,52,1,5.0,5
4,2,2,1,1,5.0,4
4,2,2,2,0,4.0,11
4,2,2,3,0,11.0,15
4,2,2,4,0,15.0,3
4,2,2,5,0,3.0,5
4,2,2,6,1,5.0,10
4,2,2,7,1,10.0,6
4,2,2,8,0,6.0,24
4,2,2,9,1,24.0,5
4,2,2,10,1,5.0,15
4,2,2,11,1,15.0,12
4,2,2,12,1,12.0,4
4,2,2,13,1,4.0,20
4,2,2,14,0,20.0,9
4,2,2,15,0,9.0,7
4,2,2,16,0,7.0,8
4,2,2,17,0,8.0,5
4,2,2,18,0,5.0,18
4,2,2,19,0,18.0,13
4,2,2,20,0,13.0,16
4,2,2,21,0,16.0,6
4,2,2,22,0,6.0,9
4,2,2,23,0,9.0,6
4,2,2,24,0,6.0,1
4,2,2,25,0,1.0,14
4,2,2,26,0,14.0,5
4,2,2,27,0,5.0,13
4,2,2,28,0,13.0,5
4,2,2,29,1,5.0,10
4,2,2,30,1,10.0,9
4,2,2,31,0,9.0,12
4,2,2,32,0,12.0,1
4,2,2,33,0,1.0,13
4,2,2,34,0,13.0,5
4,2,2,35,0,5.0,23
4,2,2,36,0,23.0,19
4,2,2,37,0,19.0,4
4,2,2,38,0,4.0,8
4,2,2,39,0,8.0,22
4,2,2,40,0,22.0,14
4,2,2,41,0,14.0,3
4,2,2,42,0,3.0,8
4,2,2,43,0,8.0,9
4,2,2,44,0,9.0,6
4,2,2,45,0,6.0,3
4,2,2,46,0,3.0,11
4,2,2,47,0,11.0,11
4,2,2,48,0,11.0,5
4,2,2,49,0,5.0,4
4,2,2,50,0,4.0,5
4,2,2,51,1,5.0,9
4,2,2,52,1,9.0,6
4,2,2,1,1,6.0,10
4,2,2,2,0,10.0,6
4,2,2,3,0,6.0,8
4,2,2,4,0,8.0,10
4,2,2,5,0,10.0,8
4,2,2,6,1,8.0,13
4,2,2,7,1,13.0,14
4,2,2,8,1,14.0,15
4,2,2,9,1,15.0,8
4,2,2,10,1,8.0,11
4,2,2,11,1,11.0,9
4,2,2,12,1,9.0,12
4,2,2,13,1,12.0,17
4,2,2,14,0,17.0,8
4,2,2,15,0,8.0,13
4,2,2,16,0,13.0,5
4,2,2,17,0,5.0,14
4,2,2,18,0,14.0,13
4,2,2,19,0,13.0,15
4,2,2,20,0,15.0,10
4,2,2,21,0,10.0,9
4,2,2,22,0,9.0,15
4,2,2,23,0,15.0,8
4,2,2,24,0,8.0,8
4,2,2,25,0,8.0,7
4,2,2,26,0,7.0,4
4,2,2,27,0,4.0,18
4,2,2,28,0,18.0,11
4,2,2,29,1,11.0,9
4,2,2,30,1,9.0,7
4,2,2,31,1,7.0,14
4,2,2,32,0,14.0,11
4,2,2,33,0,11.0,10
4,2,2,34,0,10.0,10
4,2,2,35,0,10.0,20
4,2,2,36,0,20.0,7
4,2,2,37,0,7.0,11
4,2,2,38,0,11.0,12
4,2,2,39,0,12.0,12
4,2,2,40,0,12.0,7
4,2,2,41,0,7.0,12
4,2,2,42,0,12.0,7
4,2,2,43,0,7.0,3
4,2,2,44,0,3.0,6
4,2,2,45,0,6.0,18
4,2,2,46,0,18.0,8
4,2,2,47,0,8.0,12
4,2,2,48,0,12.0,4
4,2,2,49,0,4.0,11
4,2,2,50,0,11.0,12
4,2,2,51,1,12.0,13
4,2,2,52,1,13.0,26
4,2,2,1,1,26.0,8
4,2,2,2,0,8.0,10
4,2,2,3,0,10.0,14
4,2,2,4,0,14.0,9
4,2,2,5,0,9.0,15
4,2,2,6,1,15.0,19
4,2,2,7,1,19.0,25
4,2,2,8,1,25.0,6
4,2,2,9,1,6.0,2
4,2,2,10,1,2.0,2
4,2,2,11,1,2.0,9
4,2,2,12,1,9.0,13
4,2,2,13,1,13.0,1
4,2,2,14,0,1.0,9
4,2,2,15,0,9.0,15
4,2,2,16,0,15.0,5
4,2,2,17,0,5.0,12
4,2,2,18,0,12.0,8
4,2,2,19,0,8.0,17
4,2,2,20,0,17.0,13
4,2,2,21,0,13.0,9
4,2,2,22,0,9.0,14
4,2,2,23,0,14.0,10
4,2,2,24,0,10.0,9
4,2,2,25,0,9.0,10
4,2,2,26,0,10.0,17
4,2,2,27,0,17.0,8
4,2,2,28,0,8.0,13
4,2,2,29,0,13.0,11
4,2,2,30,1,11.0,8
4,2,2,31,1,8.0,17
4,2,2,32,0,17.0,6
4,2,2,33,0,6.0,8
4,2,2,34,0,8.0,4
4,2,2,35,0,4.0,6
4,2,2,36,0,6.0,11
4,2,2,37,0,11.0,11
4,2,2,38,0,11.0,11
4,2,2,39,0,11.0,8
4,2,2,40,0,8.0,16
4,2,2,41,0,16.0,10
4,2,2,42,0,10.0,22
4,2,2,43,0,22.0,6
4,2,2,44,0,6.0,7
4,2,2,45,0,7.0,12
4,2,2,46,0,12.0,6
4,2,2,47,0,6.0,10
4,2,2,48,0,10.0,4
4,2,2,49,0,4.0,3
4,2,2,50,0,3.0,3
4,2,2,51,1,3.0,21
4,2,2,52,1,21.0,22
4,2,2,1,1,22.0,5
4,2,2,2,0,5.0,8
4,2,2,3,0,8.0,14
4,2,2,4,0,14.0,14
4,2,2,5,0,14.0,4
4,2,2,6,0,4.0,15
4,2,2,7,1,15.0,7
4,2,2,8,1,7.0,11
4,2,2,9,1,11.0,12
4,2,2,10,1,12.0,21
4,2,2,11,1,21.0,19
4,2,2,12,1,19.0,9
4,2,2,13,1,9.0,14
4,2,2,14,0,14.0,10
4,2,2,15,0,10.0,10
4,2,2,16,0,10.0,6
4,2,2,17,0,6.0,6
4,2,2,18,0,6.0,7
4,2,2,19,0,7.0,9
4,2,2,20,0,9.0,13
4,2,2,21,0,13.0,14
4,2,2,22,0,14.0,13
4,2,2,23,0,13.0,9
4,2,2,24,0,9.0,16
4,2,2,25,0,16.0,17
4,2,2,26,0,17.0,3
4,2,2,27,0,3.0,22
4,2,2,28,0,22.0,6
4,2,2,29,0,6.0,16
4,2,2,30,1,16.0,6
4,2,2,31,1,6.0,8
4,2,2,32,0,8.0,8
4,2,2,33,0,8.0,9
4,2,2,34,0,9.0,7
4,2,2,35,0,7.0,15
4,2,2,36,0,15.0,9
4,2,2,37,0,9.0,22
4,2,2,38,0,22.0,3
4,2,2,39,0,3.0,4
4,2,2,40,0,4.0,21
4,2,2,41,0,21.0,17
4,2,2,42,0,17.0,4
4,2,2,43,0,4.0,11
4,2,2,44,0,11.0,13
4,2,2,45,0,13.0,10
4,2,2,46,0,10.0,10
4,2,2,47,0,10.0,2
4,2,2,48,0,2.0,10
4,2,2,49,0,10.0,5
4,2,2,51,1,5.0,11
4,2,2,52,1,11.0,13
4,3,0,1,1,0.0,5
4,3,0,2,0,5.0,11
4,3,0,3,0,11.0,10
4,3,0,4,0,10.0,12
4,3,0,5,0,12.0,13
4,3,0,6,1,13.0,11
4,3,0,7,1,11.0,8
4,3,0,8,1,8.0,8
4,3,0,9,1,8.0,14
4,3,0,10,1,14.0,21
4,3,0,11,1,21.0,9
4,3,0,12,1,9.0,4
4,3,0,13,1,4.0,5
4,3,0,14,0,5.0,5
4,3,0,15,0,5.0,7
4,3,0,16,0,7.0,14
4,3,0,17,0,14.0,6
4,3,0,18,0,6.0,14
4,3,0,19,0,14.0,4
4,3,0,20,0,4.0,7
4,3,0,21,0,7.0,15
4,3,0,22,0,15.0,6
4,3,0,23,0,6.0,5
4,3,0,24,0,5.0,13
4,3,0,25,0,13.0,8
4,3,0,26,0,8.0,21
4,3,0,27,0,21.0,19
4,3,0,28,0,19.0,7
4,3,0,29,0,7.0,5
4,3,0,30,1,5.0,8
4,3,0,31,1,8.0,15
4,3,0,32,0,15.0,22
4,3,0,33,0,22.0,4
4,3,0,34,0,4.0,9
4,3,0,35,0,9.0,13
4,3,0,36,0,13.0,14
4,3,0,37,0,14.0,13
4,3,0,38,0,13.0,12
4,3,0,39,0,12.0,10
4,3,0,40,0,10.0,10
4,3,0,41,0,10.0,11
4,3,0,42,0,11.0,16
4,3,0,43,0,16.0,13
4,3,0,44,0,13.0,11
4,3,0,45,0,11.0,7
4,3,0,46,0,7.0,4
4,3,0,47,0,4.0,21
4,3,0,48,0,21.0,9
4,3,0,49,0,9.0,7
4,3,0,50,1,7.0,11
4,3,0,51,1,11.0,17
4,3,0,52,1,17.0,15
4,3,0,1,1,15.0,6
4,3,0,2,0,6.0,28
4,3,0,3,0,28.0,8
4,3,0,4,0,8.0,15
4,3,0,5,0,15.0,17
4,3,0,6,0,17.0,8
4,3,0,7,1,8.0,13
4,3,0,8,1,13.0,6
4,3,0,9,1,6.0,19
4,3,0,10,1,19.0,10
4,3,0,11,1,10.0,11
4,3,0,12,1,11.0,8
4,3,0,13,1,8.0,13
4,3,0,14,0,13.0,9
4,3,0,15,0,9.0,13
4,3,0,16,0,13.0,10
4,3,0,17,0,10.0,14
4,3,0,18,0,14.0,7
4,3,0,19,0,7.0,6
4,3,0,20,0,6.0,17
4,3,0,21,0,17.0,4
4,3,0,22,0,4.0,11
4,3,0,23,0,11.0,9
4,3,0,24,0,9.0,20
4,3,0,25,0,20.0,14
4,3,0,26,0,14.0,16
4,3,0,27,0,16.0,6
4,3,0,28,0,6.0,19
4,3,0,29,0,19.0,18
4,3,0,30,1,18.0,7
4,3,0,31,1,7.0,11
4,3,0,32,0,11.0,17
4,3,0,33,0,17.0,8
4,3,0,34,0,8.0,10
4,3,0,35,0,10.0,5
4,3,0,36,0,5.0,19
4,3,0,37,0,19.0,4
4,3,0,38,0,4.0,17
4,3,0,39,0,17.0,11
4,3,0,40,0,11.0,8
4,3,0,41,0,8.0,9
4,3,0,42,0,9.0,19
4,3,0,43,0,19.0,14
4,3,0,44,0,14.0,7
4,3,0,45,0,7.0,6
4,3,0,46,0,6.0,16
4,3,0,47,0,16.0,7
4,3,0,48,0,7.0,8
4,3,0,49,0,8.0,23
4,3,0,50,1,23.0,19
4,3,0,51,1,19.0,5
4,3,0,52,1,5.0,19
4,3,0,1,1,19.0,11
4,3,0,2,0,11.0,11
4,3,0,3,0,11.0,25
4,3,0,4,0,25.0,10
4,3,0,6,0,10.0,12
4,3,0,7,1,12.0,9
4,3,0,8,1,9.0,7
4,3,0,9,1,7.0,11
4,3,0,10,1,11.0,3
4,3,0,11,1,3.0,14
4,3,0,12,1,14.0,11
4,3,0,13,1,11.0,11
4,3,0,14,1,11.0,24
4,3,0,15,0,24.0,11
4,3,0,16,0,11.0,20
4,3,0,17,0,20.0,11
4,3,0,18,0,11.0,12
4,3,0,19,0,12.0,16
4,3,0,20,0,16.0,9
4,3,0,21,0,9.0,9
4,3,0,22,0,9.0,10
4,3,0,23,0,10.0,7
4,3,0,24,0,7.0,8
4,3,0,25,0,8.0,9
4,3,0,26,0,9.0,21
4,3,0,27,0,21.0,9
4,3,0,28,0,9.0,2
4,3,0,29,0,2.0,17
4,3,0,30,1,17.0,7
4,3,0,31,1,7.0,17
4,3,0,32,0,17.0,11
4,3,0,33,0,11.0,7
4,3,0,34,0,7.0,21
4,3,0,35,0,21.0,10
4,3,0,36,0,10.0,17
4,3,0,37,0,17.0,8
4,3,0,38,0,8.0,4
4,3,0,39,0,4.0,13
4,3,0,40,0,13.0,11
4,3,0,41,0,11.0,11
4,3,0,42,0,11.0,11
4,3,0,43,0,11.0,14
4,3,0,44,0,14.0,13
4,3,0,45,0,13.0,12
4,3,0,46,0,12.0,17
4,3,0,47,0,17.0,9
4,3,0,48,0,9.0,4
4,3,0,49,0,4.0,13
4,3,0,50,0,13.0,10
4,3,0,51,0,10.0,1
4,3,0,52,1,1.0,2
4,3,0,53,1,2.0,7
4,3,0,1,1,7.0,11
4,3,0,2,0,11.0,17
4,3,0,3,0,17.0,19
4,3,0,4,0,19.0,13
4,3,0,5,0,13.0,10
4,3,0,6,1,10.0,24
4,3,0,7,1,24.0,2
4,3,0,8,0,2.0,4
4,3,0,9,1,4.0,9
4,3,0,10,1,9.0,9
4,3,0,11,1,9.0,3
4,3,0,12,1,3.0,10
4,3,0,13,1,10.0,17
4,3,0,14,0,17.0,8
4,3,0,15,0,8.0,10
4,3,0,16,0,10.0,12
4,3,0,18,0,12.0,8
4,3,0,19,0,8.0,8
4,3,0,20,0,8.0,11
4,3,0,21,0,11.0,8
4,3,0,22,0,8.0,15
4,3,0,23,0,15.0,23
4,3,0,24,0,23.0,8
4,3,0,25,0,8.0,11
4,3,0,26,0,11.0,4
4,3,0,27,0,4.0,12
4,3,0,28,0,12.0,15
4,3,0,29,0,15.0,6
4,3,0,30,1,6.0,20
4,3,0,31,0,20.0,3
4,3,0,32,0,3.0,11
4,3,0,33,0,11.0,6
4,3,0,34,0,6.0,13
4,3,0,35,0,13.0,13
4,3,0,36,0,13.0,8
4,3,0,37,0,8.0,9
4,3,0,38,0,9.0,4
4,3,0,39,0,4.0,14
4,3,0,40,0,14.0,4
4,3,0,41,0,4.0,10
4,3,0,42,0,10.0,8
4,3,0,43,0,8.0,14
4,3,0,44,0,14.0,5
4,3,0,45,0,5.0,5
4,3,0,46,0,5.0,10
4,3,0,47,0,10.0,10
4,3,0,48,0,10.0,9
4,3,0,49,0,9.0,11
4,3,0,50,1,11.0,16
4,3,0,51,1,16.0,9
4,3,0,52,1,9.0,7
4,3,0,1,1,7.0,11
4,3,0,2,0,11.0,11
4,3,0,3,0,11.0,15
4,3,0,4,0,15.0,8
4,3,0,5,0,8.0,17
4,3,0,6,1,17.0,10
4,3,0,7,1,10.0,16
4,3,0,8,0,16.0,14
4,3,0,9,1,14.0,11
4,3,0,10,1,11.0,7
4,3,0,11,1,7.0,4
4,3,0,12,1,4.0,9
4,3,0,13,1,9.0,11
4,3,0,14,0,11.0,5
4,3,0,15,0,5.0,10
4,3,0,16,0,10.0,12
4,3,0,17,0,12.0,10
4,3,0,18,0,10.0,18
4,3,0,19,0,18.0,9
4,3,0,20,0,9.0,12
4,3,0,21,0,12.0,15
4,3,0,22,0,15.0,12
4,3,0,23,0,12.0,14
4,3,0,24,0,14.0,10
4,3,0,25,0,10.0,13
4,3,0,26,0,13.0,6
4,3,0,27,0,6.0,20
4,3,0,28,0,20.0,2
4,3,0,29,1,2.0,22
4,3,0,30,1,22.0,5
4,3,0,31,0,5.0,9
4,3,0,32,0,9.0,14
4,3,0,33,0,14.0,20
4,3,0,34,0,20.0,8
4,3,0,35,0,8.0,7
4,3,0,36,0,7.0,20
4,3,0,37,0,20.0,9
4,3,0,38,0,9.0,12
4,3,0,39,0,12.0,14
4,3,0,40,0,14.0,21
4,3,0,41,0,21.0,8
4,3,0,42,0,8.0,5
4,3,0,43,0,5.0,23
4,3,0,44,0,23.0,8
4,3,0,45,0,8.0,22
4,3,0,46,0,22.0,8
4,3,0,47,0,8.0,9
4,3,0,48,0,9.0,19
4,3,0,49,0,19.0,4
4,3,0,50,1,4.0,7
4,3,0,51,1,7.0,7
4,3,0,52,1,7.0,12
4,3,0,1,1,12.0,2
4,3,0,2,0,2.0,12
4,3,0,3,0,12.0,13
4,3,0,4,0,13.0,13
4,3,0,5,0,13.0,24
4,3,0,6,1,24.0,11
4,3,0,7,1,11.0,9
4,3,0,8,0,9.0,8
4,3,0,9,1,8.0,10
4,3,0,10,1,10.0,22
4,3,0,11,1,22.0,8
4,3,0,12,1,8.0,19
4,3,0,13,1,19.0,13
4,3,0,14,0,13.0,9
4,3,0,15,0,9.0,14
4,3,0,16,0,14.0,14
4,3,0,17,0,14.0,5
4,3,0,18,0,5.0,9
4,3,0,19,0,9.0,2
4,3,0,20,0,2.0,6
4,3,0,21,0,6.0,8
4,3,0,22,0,8.0,8
4,3,0,23,0,8.0,13
4,3,0,24,0,13.0,12
4,3,0,25,0,12.0,21
4,3,0,26,0,21.0,4
4,3,0,27,0,4.0,15
4,3,0,28,0,15.0,9
4,3,0,29,0,9.0,5
4,3,0,30,1,5.0,9
4,3,0,31,1,9.0,13
4,3,0,32,0,13.0,19
4,3,0,33,0,19.0,21
4,3,0,34,0,21.0,21
4,3,0,35,0,21.0,12
4,3,0,36,0,12.0,7
4,3,0,37,0,7.0,14
4,3,0,38,0,14.0,19
4,3,0,39,0,19.0,2
4,3,0,40,0,2.0,21
4,3,0,41,0,21.0,15
4,3,0,42,0,15.0,18
4,3,0,43,0,18.0,7
4,3,0,44,0,7.0,6
4,3,0,45,0,6.0,9
4,3,0,46,0,9.0,16
4,3,0,47,0,16.0,16
4,3,0,48,0,16.0,6
4,3,0,49,0,6.0,14
4,3,0,50,1,14.0,6
4,3,0,51,1,6.0,5
4,3,0,52,1,5.0,16
4,3,0,1,1,16.0,8
4,3,0,2,0,8.0,11
4,3,0,3,0,11.0,9
4,3,0,4,0,9.0,22
4,3,0,5,0,22.0,8
4,3,0,6,0,8.0,3
4,3,0,7,1,3.0,6
4,3,0,8,1,6.0,15
4,3,0,9,0,15.0,11
4,3,0,10,1,11.0,8
4,3,0,11,1,8.0,16
4,3,0,12,1,16.0,8
4,3,0,13,1,8.0,11
4,3,0,14,0,11.0,14
4,3,0,15,0,14.0,7
4,3,0,16,0,7.0,4
4,3,0,17,0,4.0,4
4,3,0,18,0,4.0,7
4,3,0,19,0,7.0,12
4,3,0,20,0,12.0,19
4,3,0,21,0,19.0,7
4,3,0,22,0,7.0,13
4,3,0,23,0,13.0,11
4,3,0,24,0,11.0,10
4,3,0,25,0,10.0,8
4,3,0,26,0,8.0,12
4,3,0,27,0,12.0,2
4,3,0,28,0,2.0,17
4,3,0,29,0,17.0,14
4,3,0,30,1,14.0,13
4,3,0,31,1,13.0,7
4,3,0,32,0,7.0,3
4,3,0,33,0,3.0,13
4,3,0,34,0,13.0,3
4,3,0,35,0,3.0,8
4,3,0,36,0,8.0,15
4,3,0,37,0,15.0,10
4,3,0,38,0,10.0,14
4,3,0,39,0,14.0,17
4,3,0,40,0,17.0,8
4,3,0,41,0,8.0,11
4,3,0,42,0,11.0,12
4,3,0,43,0,12.0,8
4,3,0,44,0,8.0,22
4,3,0,45,0,22.0,9
4,3,0,46,0,9.0,12
4,3,0,47,0,12.0,9
4,3,0,48,0,9.0,9
4,3,0,49,0,9.0,14
4,3,0,50,0,14.0,17
4,3,0,51,1,17.0,5
4,3,0,52,1,5.0,7
4,3,0,1,1,7.0,9
4,3,0,2,0,9.0,8
4,3,0,3,0,8.0,4
4,3,0,4,0,4.0,11
4,3,0,5,0,11.0,13
4,3,0,6,0,13.0,19
4,3,0,7,1,19.0,6
4,3,0,8,1,6.0,3
4,3,0,9,1,3.0,18
4,3,0,10,1,18.0,8
4,3,0,11,1,8.0,3
4,3,0,12,1,3.0,13
4,3,0,13,1,13.0,14
4,3,0,14,0,14.0,11
4,3,0,15,0,11.0,4
4,3,0,16,0,4.0,11
4,3,0,17,0,11.0,7
4,3,0,18,0,7.0,7
4,3,0,19,0,7.0,14
4,3,0,20,0,14.0,7
4,3,0,21,0,7.0,20
4,3,0,22,0,20.0,7
4,3,0,23,0,7.0,9
4,3,0,24,0,9.0,11
4,3,0,25,0,11.0,6
4,3,0,26,0,6.0,6
4,3,0,27,0,6.0,19
4,3,0,28,0,19.0,13
4,3,0,29,0,13.0,9
4,3,0,30,1,9.0,9
4,3,0,31,1,9.0,16
4,3,0,32,0,16.0,9
4,3,0,33,0,9.0,8
4,3,0,34,0,8.0,5
4,3,0,35,0,5.0,17
4,3,0,36,0,17.0,9
4,3,0,37,0,9.0,7
4,3,0,38,0,7.0,3
4,3,0,39,0,3.0,3
4,3,0,40,0,3.0,20
4,3,0,41,0,20.0,9
4,3,0,42,0,9.0,23
4,3,0,43,0,23.0,5
4,3,0,44,0,5.0,15
4,3,0,45,0,15.0,2
4,3,0,46,0,2.0,6
4,3,0,47,0,6.0,7
4,3,0,48,0,7.0,5
4,3,0,49,0,5.0,8
4,3,0,50,0,8.0,10
4,3,0,51,1,10.0,3
4,3,0,52,1,3.0,9
4,3,0,1,1,9.0,2
4,3,1,1,1,0.0,12
4,3,1,2,0,12.0,3
4,3,1,3,0,3.0,18
4,3,1,4,0,18.0,13
4,3,1,5,0,13.0,10
4,3,1,6,1,10.0,13
4,3,1,7,1,13.0,11
4,3,1,8,1,11.0,8
4,3,1,9,1,8.0,16
4,3,1,10,1,16.0,4
4,3,1,11,1,4.0,14
4,3,1,12,1,14.0,12
4,3,1,13,1,12.0,8
4,3,1,14,0,8.0,9
4,3,1,15,0,9.0,8
4,3,1,16,0,8.0,19
4,3,1,17,0,19.0,6
4,3,1,18,0,6.0,12
4,3,1,19,0,12.0,2
4,3,1,20,0,2.0,6
4,3,1,21,0,6.0,6
4,3,1,22,0,6.0,21
4,3,1,23,0,21.0,5
4,3,1,24,0,5.0,6
4,3,1,25,0,6.0,20
4,3,1,26,0,20.0,11
4,3,1,27,0,11.0,16
4,3,1,28,0,16.0,8
4,3,1,29,0,8.0,10
4,3,1,30,1,10.0,6
4,3,1,31,1,6.0,16
4,3,1,32,0,16.0,19
4,3,1,33,0,19.0,18
4,3,1,34,0,18.0,15
4,3,1,35,0,15.0,14
4,3,1,36,0,14.0,19
4,3,1,37,0,19.0,13
4,3,1,38,0,13.0,8
4,3,1,39,0,8.0,16
4,3,1,40,0,16.0,13
4,3,1,41,0,13.0,16
4,3,1,42,0,16.0,7
4,3,1,43,0,7.0,21
4,3,1,44,0,21.0,16
4,3,1,45,0,16.0,13
4,3,1,46,0,13.0,10
4,3,1,47,0,10.0,12
4,3,1,48,0,12.0,18
4,3,1,49,0,18.0,8
4,3,1,50,1,8.0,22
4,3,1,51,1,22.0,7
4,3,1,52,1,7.0,8
4,3,1,1,1,8.0,10
4,3,1,2,0,10.0,6
4,3,1,3,0,6.0,4
4,3,1,4,0,4.0,22
4,3,1,5,0,22.0,15
4,3,1,6,0,15.0,22
4,3,1,7,1,22.0,8
4,3,1,8,1,8.0,7
4,3,1,9,1,7.0,11
4,3,1,10,1,11.0,9
4,3,1,11,1,9.0,12
4,3,1,12,1,12.0,5
4,3,1,13,1,5.0,10
4,3,1,14,0,10.0,10
4,3,1,15,0,10.0,13
4,3,1,16,0,13.0,16
4,3,1,17,0,16.0,9
4,3,1,18,0,9.0,13
4,3,1,19,0,13.0,2
4,3,1,21,0,2.0,30
4,3,1,22,0,30.0,7
4,3,1,23,0,7.0,10
4,3,1,24,0,10.0,17
4,3,1,25,0,17.0,9
4,3,1,26,0,9.0,2
4,3,1,27,0,2.0,9
4,3,1,28,0,9.0,16
4,3,1,29,0,16.0,8
4,3,1,30,1,8.0,20
4,3,1,31,0,20.0,1
4,3,1,32,0,1.0,12
4,3,1,33,0,12.0,24
4,3,1,34,0,24.0,6
4,3,1,35,0,6.0,15
4,3,1,36,0,15.0,9
4,3,1,37,0,9.0,9
4,3,1,38,0,9.0,9
4,3,1,39,0,9.0,13
4,3,1,40,0,13.0,2
4,3,1,41,0,2.0,3
4,3,1,42,0,3.0,11
4,3,1,43,0,11.0,9
4,3,1,44,0,9.0,9
4,3,1,45,0,9.0,5
4,3,1,46,0,5.0,9
4,3,1,47,0,9.0,22
4,3,1,48,0,22.0,11
4,3,1,49,0,11.0,7
4,3,1,50,0,7.0,10
4,3,1,51,1,10.0,10
4,3,1,52,1,10.0,6
4,3,1,1,1,6.0,13
4,3,1,2,0,13.0,23
4,3,1,3,0,23.0,6
4,3,1,4,0,6.0,12
4,3,1,5,0,12.0,10
4,3,1,6,0,10.0,9
4,3,1,7,1,9.0,7
4,3,1,8,1,7.0,17
4,3,1,9,1,17.0,11
4,3,1,10,1,11.0,17
4,3,1,11,1,17.0,15
4,3,1,12,1,15.0,3
4,3,1,13,1,3.0,11
4,3,1,14,1,11.0,10
4,3,1,15,0,10.0,5
4,3,1,16,0,5.0,22
4,3,1,17,0,22.0,18
4,3,1,18,0,18.0,7
4,3,1,19,0,7.0,11
4,3,1,20,0,11.0,10
4,3,1,21,0,10.0,12
4,3,1,22,0,12.0,15
4,3,1,23,0,15.0,15
4,3,1,24,0,15.0,9
4,3,1,25,0,9.0,14
4,3,1,26,0,14.0,8
4,3,1,27,0,8.0,6
4,3,1,28,0,6.0,11
4,3,1,29,0,11.0,10
4,3,1,30,1,10.0,16
4,3,1,31,1,16.0,13
4,3,1,32,0,13.0,12
4,3,1,33,0,12.0,12
4,3,1,34,0,12.0,10
4,3,1,35,0,10.0,9
4,3,1,36,0,9.0,9
4,3,1,37,0,9.0,13
4,3,1,38,0,13.0,7
4,3,1,39,0,7.0,14
4,3,1,40,0,14.0,2
4,3,1,41,0,2.0,9
4,3,1,42,0,9.0,11
4,3,1,43,0,11.0,11
4,3,1,44,0,11.0,18
4,3,1,45,0,18.0,11
4,3,1,46,0,11.0,5
4,3,1,47,0,5.0,11
4,3,1,48,0,11.0,11
4,3,1,49,0,11.0,12
4,3,1,50,0,12.0,8
4,3,1,51,1,8.0,13
4,3,1,52,1,13.0,3
4,3,1,53,1,3.0,8
4,3,1,1,1,8.0,13
4,3,1,2,0,13.0,15
4,3,1,3,0,15.0,10
4,3,1,4,0,10.0,15
4,3,1,5,0,15.0,15
4,3,1,6,1,15.0,12
4,3,1,7,1,12.0,11
4,3,1,8,0,11.0,9
4,3,1,9,1,9.0,3
4,3,1,10,1,3.0,3
4,3,1,11,1,3.0,4
4,3,1,12,1,4.0,9
4,3,1,13,0,9.0,3
4,3,1,14,0,3.0,12
4,3,1,15,0,12.0,11
4,3,1,16,0,11.0,4
4,3,1,17,0,4.0,17
4,3,1,18,0,17.0,17
4,3,1,19,0,17.0,13
4,3,1,20,0,13.0,12
4,3,1,21,0,12.0,15
4,3,1,22,0,15.0,8
4,3,1,23,0,8.0,12
4,3,1,24,0,12.0,8
4,3,1,25,0,8.0,10
4,3,1,26,0,10.0,7
4,3,1,27,0,7.0,8
4,3,1,28,0,8.0,10
4,3,1,29,1,10.0,11
4,3,1,30,1,11.0,10
4,3,1,31,0,10.0,19
4,3,1,32,0,19.0,11
4,3,1,33,0,11.0,13
4,3,1,34,0,13.0,12
4,3,1,35,0,12.0,9
4,3,1,36,0,9.0,16
4,3,1,37,0,16.0,13
4,3,1,38,0,13.0,11
4,3,1,39,0,11.0,12
4,3,1,40,0,12.0,3
4,3,1,41,0,3.0,5
4,3,1,42,0,5.0,18
4,3,1,43,0,18.0,9
4,3,1,44,0,9.0,15
4,3,1,45,0,15.0,14
4,3,1,46,0,14.0,23
4,3,1,47,0,23.0,10
4,3,1,48,0,10.0,4
4,3,1,49,0,4.0,13
4,3,1,50,1,13.0,21
4,3,1,51,1,21.0,10
4,3,1,52,1,10.0,18
4,3,1,1,1,18.0,4
4,3,1,2,0,4.0,11
4,3,1,3,0,11.0,11
4,3,1,4,0,11.0,9
4,3,1,5,0,9.0,20
4,3,1,6,1,20.0,11
4,3,1,7,1,11.0,8
4,3,1,8,0,8.0,9
4,3,1,9,1,9.0,9
4,3,1,10,1,9.0,16
4,3,1,11,1,16.0,19
4,3,1,12,1,19.0,21
4,3,1,13,1,21.0,8
4,3,1,14,0,8.0,15
4,3,1,15,0,15.0,16
4,3,1,16,0,16.0,2
4,3,1,17,0,2.0,9
4,3,1,18,0,9.0,10
4,3,1,19,0,10.0,13
4,3,1,20,0,13.0,5
4,3,1,21,0,5.0,12
4,3,1,22,0,12.0,12
4,3,1,23,0,12.0,19
4,3,1,24,0,19.0,4
4,3,1,25,0,4.0,9
4,3,1,26,0,9.0,12
4,3,1,27,0,12.0,18
4,3,1,28,0,18.0,7
4,3,1,29,1,7.0,14
4,3,1,30,1,14.0,9
4,3,1,31,0,9.0,16
4,3,1,32,0,16.0,10
4,3,1,33,0,10.0,21
4,3,1,34,0,21.0,3
4,3,1,35,0,3.0,1
4,3,1,36,0,1.0,13
4,3,1,37,0,13.0,10
4,3,1,38,0,10.0,12
4,3,1,39,0,12.0,16
4,3,1,40,0,16.0,12
4,3,1,41,0,12.0,7
4,3,1,42,0,7.0,8
4,3,1,43,0,8.0,2
4,3,1,44,0,2.0,12
4,3,1,45,0,12.0,19
4,3,1,46,0,19.0,6
4,3,1,47,0,6.0,13
4,3,1,48,0,13.0,10
4,3,1,49,0,10.0,5
4,3,1,50,1,5.0,4
4,3,1,51,1,4.0,9
4,3,1,52,1,9.0,13
4,3,1,1,1,13.0,7
4,3,1,2,0,7.0,8
4,3,1,3,0,8.0,16
4,3,1,4,0,16.0,7
4,3,1,5,0,7.0,4
4,3,1,6,1,4.0,10
4,3,1,7,1,10.0,15
4,3,1,8,0,15.0,7
4,3,1,9,1,7.0,8
4,3,1,10,1,8.0,18
4,3,1,11,1,18.0,14
4,3,1,12,1,14.0,5
4,3,1,13,1,5.0,5
4,3,1,14,0,5.0,8
4,3,1,15,0,8.0,27
4,3,1,16,0,27.0,7
4,3,1,17,0,7.0,13
4,3,1,18,0,13.0,15
4,3,1,19,0,15.0,5
4,3,1,20,0,5.0,16
4,3,1,21,0,16.0,20
4,3,1,22,0,20.0,12
4,3,1,23,0,12.0,19
4,3,1,24,0,19.0,10
4,3,1,25,0,10.0,3
4,3,1,26,0,3.0,15
4,3,1,27,0,15.0,13
4,3,1,28,0,13.0,14
4,3,1,29,1,14.0,9
4,3,1,30,1,9.0,10
4,3,1,31,0,10.0,4
4,3,1,32,0,4.0,11
4,3,1,33,0,11.0,7
4,3,1,34,0,7.0,9
4,3,1,35,0,9.0,11
4,3,1,36,0,11.0,14
4,3,1,37,0,14.0,13
4,3,1,38,0,13.0,15
4,3,1,39,0,15.0,13
4,3,1,40,0,13.0,17
4,3,1,41,0,17.0,7
4,3,1,42,0,7.0,10
4,3,1,43,0,10.0,11
4,3,1,44,0,11.0,11
4,3,1,45,0,11.0,13
4,3,1,46,0,13.0,15
4,3,1,47,0,15.0,13
4,3,1,48,0,13.0,8
4,3,1,49,0,8.0,2
4,3,1,50,1,2.0,15
4,3,1,51,1,15.0,14
4,3,1,52,1,14.0,3
4,3,1,1,1,3.0,20
4,3,1,2,0,20.0,6
4,3,1,3,0,6.0,4
4,3,1,4,0,4.0,5
4,3,1,5,0,5.0,10
4,3,1,6,1,10.0,14
4,3,1,7,1,14.0,8
4,3,1,8,1,8.0,11
4,3,1,9,1,11.0,14
4,3,1,10,1,14.0,6
4,3,1,11,1,6.0,16
4,3,1,12,1,16.0,6
4,3,1,13,1,6.0,11
4,3,1,14,0,11.0,9
4,3,1,15,0,9.0,7
4,3,1,16,0,7.0,19
4,3,1,17,0,19.0,10
4,3,1,18,0,10.0,15
4,3,1,19,0,15.0,19
4,3,1,20,0,19.0,7
4,3,1,21,0,7.0,12
4,3,1,22,0,12.0,14
4,3,1,23,0,14.0,11
4,3,1,24,0,11.0,9
4,3,1,25,0,9.0,5
4,3,1,26,0,5.0,10
4,3,1,27,0,10.0,14
4,3,1,28,0,14.0,8
4,3,1,29,0,8.0,15
4,3,1,30,1,15.0,11
4,3,1,31,1,11.0,12
4,3,1,32,0,12.0,4
4,3,1,33,0,4.0,4
4,3,1,34,0,4.0,8
4,3,1,35,0,8.0,16
4,3,1,36,0,16.0,5
4,3,1,37,0,5.0,20
4,3,1,38,0,20.0,14
4,3,1,39,0,14.0,8
4,3,1,40,0,8.0,10
4,3,1,41,0,10.0,3
4,3,1,42,0,3.0,10
4,3,1,43,0,10.0,1
4,3,1,44,0,1.0,18
4,3,1,45,0,18.0,9
4,3,1,46,0,9.0,8
4,3,1,47,0,8.0,14
4,3,1,48,0,14.0,6
4,3,1,49,0,6.0,23
4,3,1,50,1,23.0,6
4,3,1,51,1,6.0,11
4,3,1,52,1,11.0,19
4,3,1,1,1,19.0,4
4,3,1,2,0,4.0,9
4,3,1,3,0,9.0,10
4,3,1,4,0,10.0,10
4,3,1,5,0,10.0,10
4,3,1,6,0,10.0,5
4,3,1,7,1,5.0,10
4,3,1,8,0,10.0,3
4,3,1,9,0,3.0,9
4,3,1,10,1,9.0,18
4,3,1,11,1,18.0,10
4,3,1,12,1,10.0,10
4,3,1,13,1,10.0,7
4,3,1,14,0,7.0,13
4,3,1,15,0,13.0,8
4,3,1,16,0,8.0,4
4,3,1,17,0,4.0,10
4,3,1,18,0,10.0,7
4,3,1,19,0,7.0,15
4,3,1,20,0,15.0,15
4,3,1,21,0,15.0,11
4,3,1,22,0,11.0,6
4,3,1,23,0,6.0,22
4,3,1,24,0,22.0,10
4,3,1,25,0,10.0,8
4,3,1,26,0,8.0,2
4,3,1,27,0,2.0,15
4,3,1,28,0,15.0,17
4,3,1,29,0,17.0,8
4,3,1,30,1,8.0,12
4,3,1,31,0,12.0,4
4,3,1,32,0,4.0,6
4,3,1,33,0,6.0,25
4,3,1,34,0,25.0,13
4,3,1,35,0,13.0,28
4,3,1,36,0,28.0,14
4,3,1,37,0,14.0,11
4,3,1,38,0,11.0,15
4,3,1,39,0,15.0,12
4,3,1,40,0,12.0,5
4,3,1,41,0,5.0,11
4,3,1,42,0,11.0,11
4,3,1,43,0,11.0,13
4,3,1,44,0,13.0,8
4,3,1,45,0,8.0,11
4,3,1,46,0,11.0,8
4,3,1,47,0,8.0,10
4,3,1,48,0,10.0,18
4,3,1,49,0,18.0,6
4,3,1,50,0,6.0,4
4,3,1,51,1,4.0,17
4,3,1,52,1,17.0,10
4,3,1,1,1,10.0,1
4,3,2,1,1,0.0,7
4,3,2,2,0,7.0,11
4,3,2,3,0,11.0,19
4,3,2,4,0,19.0,11
4,3,2,5,0,11.0,4
4,3,2,6,0,4.0,5
4,3,2,7,1,5.0,11
4,3,2,8,1,11.0,11
4,3,2,9,1,11.0,2
4,3,2,10,1,2.0,7
4,3,2,11,1,7.0,2
4,3,2,12,1,2.0,13
4,3,2,13,1,13.0,5
4,3,2,14,0,5.0,12
4,3,2,15,0,12.0,8
4,3,2,16,0,8.0,9
4,3,2,17,0,9.0,14
4,3,2,18,0,14.0,18
4,3,2,19,0,18.0,8
4,3,2,20,0,8.0,10
4,3,2,21,0,10.0,5
4,3,2,22,0,5.0,13
4,3,2,23,0,13.0,11
4,3,2,24,0,11.0,8
4,3,2,25,0,8.0,10
4,3,2,26,0,10.0,18
4,3,2,27,0,18.0,19
4,3,2,28,0,19.0,7
4,3,2,29,1,7.0,15
4,3,2,30,1,15.0,2
4,3,2,31,1,2.0,4
4,3,2,32,0,4.0,25
4,3,2,33,0,25.0,2
4,3,2,34,0,2.0,3
4,3,2,35,0,3.0,12
4,3,2,36,0,12.0,6
4,3,2,37,0,6.0,9
4,3,2,38,0,9.0,14
4,3,2,39,0,14.0,8
4,3,2,40,0,8.0,14
4,3,2,41,0,14.0,10
4,3,2,42,0,10.0,15
4,3,2,43,0,15.0,9
4,3,2,44,0,9.0,15
4,3,2,45,0,15.0,17
4,3,2,46,0,17.0,9
4,3,2,47,0,9.0,11
4,3,2,48,0,11.0,16
4,3,2,49,0,16.0,8
4,3,2,50,0,8.0,4
4,3,2,51,1,4.0,7
4,3,2,52,1,7.0,6
4,3,2,1,1,6.0,5
4,3,2,2,0,5.0,16
4,3,2,3,0,16.0,7
4,3,2,4,0,7.0,10
4,3,2,5,0,10.0,14
4,3,2,6,1,14.0,14
4,3,2,7,1,14.0,8
4,3,2,8,1,8.0,9
4,3,2,9,1,9.0,5
4,3,2,10,1,5.0,5
4,3,2,11,1,5.0,14
4,3,2,12,1,14.0,20
4,3,2,13,1,20.0,20
4,3,2,14,0,20.0,4
4,3,2,15,0,4.0,13
4,3,2,16,0,13.0,4
4,3,2,17,0,4.0,15
4,3,2,18,0,15.0,11
4,3,2,19,0,11.0,16
4,3,2,20,0,16.0,4
4,3,2,21,0,4.0,4
4,3,2,22,0,4.0,12
4,3,2,23,0,12.0,4
4,3,2,24,0,4.0,10
4,3,2,25,0,10.0,11
4,3,2,26,0,11.0,13
4,3,2,27,0,13.0,4
4,3,2,28,0,4.0,3
4,3,2,29,0,3.0,15
4,3,2,30,1,15.0,4
4,3,2,31,1,4.0,6
4,3,2,32,0,6.0,22
4,3,2,33,0,22.0,19
4,3,2,34,0,19.0,11
4,3,2,35,0,11.0,2
4,3,2,36,0,2.0,8
4,3,2,37,0,8.0,13
4,3,2,38,0,13.0,9
4,3,2,39,0,9.0,12
4,3,2,40,0,12.0,4
4,3,2,41,0,4.0,12
4,3,2,42,0,12.0,4
4,3,2,43,0,4.0,12
4,3,2,44,0,12.0,11
4,3,2,45,0,11.0,13
4,3,2,46,0,13.0,12
4,3,2,47,0,12.0,14
4,3,2,48,0,14.0,10
4,3,2,49,0,10.0,4
4,3,2,50,0,4.0,13
4,3,2,51,1,13.0,9
4,3,2,52,1,9.0,12
4,3,2,1,1,12.0,23
4,3,2,2,0,23.0,4
4,3,2,3,0,4.0,6
4,3,2,4,0,6.0,8
4,3,2,5,0,8.0,1
4,3,2,6,0,1.0,15
4,3,2,7,1,15.0,12
4,3,2,8,1,12.0,7
4,3,2,9,0,7.0,6
4,3,2,10,1,6.0,9
4,3,2,11,1,9.0,11
4,3,2,12,1,11.0,8
4,3,2,13,1,8.0,2
4,3,2,14,1,2.0,10
4,3,2,15,0,10.0,12
4,3,2,16,0,12.0,14
4,3,2,17,0,14.0,10
4,3,2,18,0,10.0,11
4,3,2,19,0,11.0,7
4,3,2,20,0,7.0,9
4,3,2,21,0,9.0,9
4,3,2,22,0,9.0,14
4,3,2,23,0,14.0,6
4,3,2,24,0,6.0,7
4,3,2,25,0,7.0,8
4,3,2,26,0,8.0,4
4,3,2,27,0,4.0,8
4,3,2,28,0,8.0,12
4,3,2,29,0,12.0,22
4,3,2,30,1,22.0,7
4,3,2,31,1,7.0,11
4,3,2,32,0,11.0,2
4,3,2,33,0,2.0,14
4,3,2,34,0,14.0,8
4,3,2,35,0,8.0,4
4,3,2,36,0,4.0,15
4,3,2,37,0,15.0,7
4,3,2,38,0,7.0,9
4,3,2,39,0,9.0,13
4,3,2,40,0,13.0,10
4,3,2,41,0,10.0,11
4,3,2,42,0,11.0,11
4,3,2,43,0,11.0,11
4,3,2,44,0,11.0,21
4,3,2,45,0,21.0,8
4,3,2,46,0,8.0,26
4,3,2,47,0,26.0,13
4,3,2,48,0,13.0,14
4,3,2,49,0,14.0,9
4,3,2,50,0,9.0,5
4,3,2,51,1,5.0,4
4,3,2,52,1,4.0,14
4,3,2,53,1,14.0,13
4,3,2,1,1,13.0,19
4,3,2,2,0,19.0,3
4,3,2,3,0,3.0,5
4,3,2,4,0,5.0,19
4,3,2,5,0,19.0,18
4,3,2,6,1,18.0,1
4,3,2,7,1,1.0,17
4,3,2,8,0,17.0,12
4,3,2,9,1,12.0,2
4,3,2,10,1,2.0,14
4,3,2,11,1,14.0,8
4,3,2,12,1,8.0,11
4,3,2,13,1,11.0,7
4,3,2,14,0,7.0,10
4,3,2,15,0,10.0,12
4,3,2,16,0,12.0,13
4,3,2,17,0,13.0,5
4,3,2,18,0,5.0,15
4,3,2,19,0,15.0,9
4,3,2,20,0,9.0,6
4,3,2,21,0,6.0,12
4,3,2,22,0,12.0,2
4,3,2,23,0,2.0,23
4,3,2,24,0,23.0,16
4,3,2,25,0,16.0,11
4,3,2,26,0,11.0,18
4,3,2,27,0,18.0,13
4,3,2,28,0,13.0,1
4,3,2,29,1,1.0,20
4,3,2,30,1,20.0,11
4,3,2,31,0,11.0,7
4,3,2,32,0,7.0,7
4,3,2,33,0,7.0,9
4,3,2,34,0,9.0,15
4,3,2,35,0,15.0,19
4,3,2,36,0,19.0,6
4,3,2,37,0,6.0,13
4,3,2,38,0,13.0,11
4,3,2,39,0,11.0,5
4,3,2,40,0,5.0,13
4,3,2,41,0,13.0,10
4,3,2,42,0,10.0,15
4,3,2,43,0,15.0,24
4,3,2,45,0,24.0,15
4,3,2,46,0,15.0,8
4,3,2,47,0,8.0,8
4,3,2,48,0,8.0,7
4,3,2,49,0,7.0,10
4,3,2,50,1,10.0,10
4,3,2,51,1,10.0,11
4,3,2,52,1,11.0,9
4,3,2,1,1,9.0,19
4,3,2,2,0,19.0,9
4,3,2,3,0,9.0,25
4,3,2,4,0,25.0,14
4,3,2,5,0,14.0,7
4,3,2,6,1,7.0,10
4,3,2,7,1,10.0,7
4,3,2,8,0,7.0,17
4,3,2,9,1,17.0,2
4,3,2,10,1,2.0,11
4,3,2,11,1,11.0,8
4,3,2,12,1,8.0,15
4,3,2,13,1,15.0,3
4,3,2,14,0,3.0,17
4,3,2,15,0,17.0,8
4,3,2,16,0,8.0,7
4,3,2,17,0,7.0,8
4,3,2,18,0,8.0,9
4,3,2,19,0,9.0,8
4,3,2,20,0,8.0,13
4,3,2,21,0,13.0,8
4,3,2,22,0,8.0,25
4,3,2,23,0,25.0,6
4,3,2,24,0,6.0,8
4,3,2,25,0,8.0,10
4,3,2,26,0,10.0,12
4,3,2,27,0,12.0,8
4,3,2,28,0,8.0,8
4,3,2,29,1,8.0,5
4,3,2,30,1,5.0,15
4,3,2,31,0,15.0,6
4,3,2,32,0,6.0,15
4,3,2,33,0,15.0,4
4,3,2,34,0,4.0,15
4,3,2,35,0,15.0,4
4,3,2,36,0,4.0,14
4,3,2,37,0,14.0,13
4,3,2,38,0,13.0,15
4,3,2,39,0,15.0,4
4,3,2,40,0,4.0,6
4,3,2,41,0,6.0,17
4,3,2,42,0,17.0,4
4,3,2,43,0,4.0,4
4,3,2,44,0,4.0,6
4,3,2,45,0,6.0,3
4,3,2,46,0,3.0,16
4,3,2,47,0,16.0,11
4,3,2,48,0,11.0,4
4,3,2,49,0,4.0,9
4,3,2,50,1,9.0,9
4,3,2,51,1,9.0,17
4,3,2,52,1,17.0,5
4,3,2,1,1,5.0,11
4,3,2,2,0,11.0,11
4,3,2,3,0,11.0,13
4,3,2,4,0,13.0,11
4,3,2,5,0,11.0,9
4,3,2,6,1,9.0,9
4,3,2,7,1,9.0,15
4,3,2,8,1,15.0,15
4,3,2,9,1,15.0,15
4,3,2,10,1,15.0,1
4,3,2,11,1,1.0,7
4,3,2,12,1,7.0,10
4,3,2,13,1,10.0,2
4,3,2,14,0,2.0,9
4,3,2,15,0,9.0,9
4,3,2,16,0,9.0,14
4,3,2,17,0,14.0,10
4,3,2,18,0,10.0,6
4,3,2,19,0,6.0,14
4,3,2,20,0,14.0,8
4,3,2,21,0,8.0,11
4,3,2,22,0,11.0,6
4,3,2,23,0,6.0,5
4,3,2,24,0,5.0,6
4,3,2,25,0,6.0,7
4,3,2,26,0,7.0,15
4,3,2,27,0,15.0,5
4,3,2,28,0,5.0,5
4,3,2,29,0,5.0,6
4,3,2,30,1,6.0,11
4,3,2,31,1,11.0,14
4,3,2,32,0,14.0,17
4,3,2,33,0,17.0,8
4,3,2,34,0,8.0,6
4,3,2,35,0,6.0,12
4,3,2,36,0,12.0,13
4,3,2,37,0,13.0,11
4,3,2,38,0,11.0,8
4,3,2,39,0,8.0,5
4,3,2,40,0,5.0,10
4,3,2,41,0,10.0,8
4,3,2,42,0,8.0,3
4,3,2,43,0,3.0,16
4,3,2,44,0,16.0,9
4,3,2,45,0,9.0,9
4,3,2,46,0,9.0,7
4,3,2,47,0,7.0,18
4,3,2,48,0,18.0,7
4,3,2,49,0,7.0,12
4,3,2,50,0,12.0,7
4,3,2,51,1,7.0,13
4,3,2,52,1,13.0,5
4,3,2,1,1,5.0,9
4,3,2,2,0,9.0,21
4,3,2,3,0,21.0,17
4,3,2,4,0,17.0,8
4,3,2,5,0,8.0,13
4,3,2,6,1,13.0,11
4,3,2,7,1,11.0,24
4,3,2,8,1,24.0,19
4,3,2,9,1,19.0,15
4,3,2,10,1,15.0,14
4,3,2,11,1,14.0,15
4,3,2,12,1,15.0,6
4,3,2,13,1,6.0,12
4,3,2,14,0,12.0,5
4,3,2,15,0,5.0,1
4,3,2,16,0,1.0,13
4,3,2,17,0,13.0,7
4,3,2,18,0,7.0,15
4,3,2,19,0,15.0,11
4,3,2,20,0,11.0,7
4,3,2,21,0,7.0,13
4,3,2,22,0,13.0,10
4,3,2,23,0,10.0,12
4,3,2,24,0,12.0,22
4,3,2,25,0,22.0,13
4,3,2,26,0,13.0,6
4,3,2,27,0,6.0,17
4,3,2,28,0,17.0,4
4,3,2,29,0,4.0,15
4,3,2,30,1,15.0,12
4,3,2,31,1,12.0,9
4,3,2,32,0,9.0,4
4,3,2,33,0,4.0,13
4,3,2,34,0,13.0,9
4,3,2,35,0,9.0,5
4,3,2,36,0,5.0,10
4,3,2,37,0,10.0,11
4,3,2,38,0,11.0,12
4,3,2,39,0,12.0,7
4,3,2,40,0,7.0,13
4,3,2,41,0,13.0,10
4,3,2,42,0,10.0,10
4,3,2,43,0,10.0,15
4,3,2,44,0,15.0,8
4,3,2,45,0,8.0,4
4,3,2,46,0,4.0,8
4,3,2,47,0,8.0,12
4,3,2,48,0,12.0,6
4,3,2,49,0,6.0,3
4,3,2,50,0,3.0,12
4,3,2,51,1,12.0,14
4,3,2,52,1,14.0,14
4,3,2,1,1,14.0,10
4,3,2,2,0,10.0,9
4,3,2,3,0,9.0,11
4,3,2,4,0,11.0,4
4,3,2,5,0,4.0,24
4,3,2,6,0,24.0,18
4,3,2,7,1,18.0,3
4,3,2,8,1,3.0,8
4,3,2,9,0,8.0,2
4,3,2,10,1,2.0,7
4,3,2,11,1,7.0,6
4,3,2,12,1,6.0,13
4,3,2,13,1,13.0,9
4,3,2,14,0,9.0,13
4,3,2,15,0,13.0,4
4,3,2,16,0,4.0,17
4,3,2,17,0,17.0,4
4,3,2,18,0,4.0,11
4,3,2,19,0,11.0,12
4,3,2,20,0,12.0,3
4,3,2,21,0,3.0,10
4,3,2,22,0,10.0,12
4,3,2,23,0,12.0,11
4,3,2,24,0,11.0,12
4,3,2,25,0,12.0,10
4,3,2,26,0,10.0,10
4,3,2,27,0,10.0,14
4,3,2,28,0,14.0,7
4,3,2,29,0,7.0,8
4,3,2,30,1,8.0,8
4,3,2,31,1,8.0,14
4,3,2,32,0,14.0,16
4,3,2,33,0,16.0,4
4,3,2,34,0,4.0,19
4,3,2,35,0,19.0,13
4,3,2,36,0,13.0,9
4,3,2,37,0,9.0,8
4,3,2,38,0,8.0,11
4,3,2,39,0,11.0,10
4,3,2,40,0,10.0,10
4,3,2,41,0,10.0,8
4,3,2,42,0,8.0,10
4,3,2,43,0,10.0,2
4,3,2,44,0,2.0,18
4,3,2,45,0,18.0,15
4,3,2,46,0,15.0,6
4,3,2,47,0,6.0,10
4,3,2,48,0,10.0,11
4,3,2,49,0,11.0,5
4,3,2,50,0,5.0,9
4,3,2,51,1,9.0,24
4,3,2,52,1,24.0,5
4,4,0,1,1,0.0,58
4,4,0,2,0,58.0,5
4,4,0,3,0,5.0,15
4,4,0,4,0,15.0,7
4,4,0,5,0,7.0,20
4,4,0,6,0,20.0,11
4,4,0,7,1,11.0,15
4,4,0,8,1,15.0,6
4,4,0,9,1,6.0,11
4,4,0,10,1,11.0,9
4,4,0,11,1,9.0,7
4,4,0,12,1,7.0,10
4,4,0,13,1,10.0,14
4,4,0,14,0,14.0,19
4,4,0,15,0,19.0,3
4,4,0,16,0,3.0,5
4,4,0,17,0,5.0,10
4,4,0,18,0,10.0,9
4,4,0,19,0,9.0,10
4,4,0,20,0,10.0,19
4,4,0,21,0,19.0,15
4,4,0,22,0,15.0,11
4,4,0,23,0,11.0,10
4,4,0,24,0,10.0,4
4,4,0,25,0,4.0,7
4,4,0,26,0,7.0,7
4,4,0,27,0,7.0,4
4,4,0,28,0,4.0,10
4,4,0,29,0,10.0,3
4,4,0,30,1,3.0,109
4,4,0,31,1,109.0,38
4,4,0,32,0,38.0,9
4,4,0,33,0,9.0,5
4,4,0,34,0,5.0,5
4,4,0,35,0,5.0,5
4,4,0,36,0,5.0,13
4,4,0,37,0,13.0,12
4,4,0,38,0,12.0,15
4,4,0,39,0,15.0,2
4,4,0,40,0,2.0,6
4,4,0,41,0,6.0,13
4,4,0,42,0,13.0,14
4,4,0,43,0,14.0,7
4,4,0,44,0,7.0,13
4,4,0,45,0,13.0,6
4,4,0,46,0,6.0,10
4,4,0,47,0,10.0,6
4,4,0,48,0,6.0,8
4,4,0,49,0,8.0,12
4,4,0,50,1,12.0,21
4,4,0,51,1,21.0,75
4,4,0,52,1,75.0,57
4,4,0,1,1,57.0,67
4,4,0,2,0,67.0,2
4,4,0,3,0,2.0,11
4,4,0,4,0,11.0,12
4,4,0,5,0,12.0,2
4,4,0,6,0,2.0,13
4,4,0,7,1,13.0,8
4,4,0,8,1,8.0,5
4,4,0,9,1,5.0,10
4,4,0,10,1,10.0,20
4,4,0,11,1,20.0,11
4,4,0,12,1,11.0,14
4,4,0,13,1,14.0,4
4,4,0,14,0,4.0,4
4,4,0,15,0,4.0,10
4,4,0,16,0,10.0,6
4,4,0,17,0,6.0,8
4,4,0,18,0,8.0,6
4,4,0,19,0,6.0,6
4,4,0,20,0,6.0,12
4,4,0,21,0,12.0,26
4,4,0,22,0,26.0,8
4,4,0,23,0,8.0,1
4,4,0,24,0,1.0,8
4,4,0,25,0,8.0,17
4,4,0,26,0,17.0,7
4,4,0,27,0,7.0,12
4,4,0,28,0,12.0,17
4,4,0,29,0,17.0,9
4,4,0,30,1,9.0,49
4,4,0,31,0,49.0,11
4,4,0,32,0,11.0,4
4,4,0,33,0,4.0,12
4,4,0,34,0,12.0,17
4,4,0,35,0,17.0,12
4,4,0,36,0,12.0,13
4,4,0,37,0,13.0,15
4,4,0,38,0,15.0,8
4,4,0,39,0,8.0,11
4,4,0,40,0,11.0,9
4,4,0,41,0,9.0,13
4,4,0,42,0,13.0,5
4,4,0,43,0,5.0,4
4,4,0,44,0,4.0,5
4,4,0,45,0,5.0,14
4,4,0,46,0,14.0,10
4,4,0,47,0,10.0,8
4,4,0,48,0,8.0,9
4,4,0,49,0,9.0,4
4,4,0,50,1,4.0,59
4,4,0,51,1,59.0,95
4,4,0,52,1,95.0,76
4,4,0,1,1,76.0,27
4,4,0,2,0,27.0,10
4,4,0,3,0,10.0,11
4,4,0,4,0,11.0,6
4,4,0,5,0,6.0,22
4,4,0,6,0,22.0,9
4,4,0,7,1,9.0,6
4,4,0,8,1,6.0,18
4,4,0,9,0,18.0,6
4,4,0,10,1,6.0,10
4,4,0,11,1,10.0,20
4,4,0,12,1,20.0,5
4,4,0,13,1,5.0,4
4,4,0,14,1,4.0,24
4,4,0,15,0,24.0,14
4,4,0,16,0,14.0,12
4,4,0,17,0,12.0,9
4,4,0,18,0,9.0,8
4,4,0,19,0,8.0,4
4,4,0,20,0,4.0,11
4,4,0,21,0,11.0,14
4,4,0,22,0,14.0,10
4,4,0,23,0,10.0,7
4,4,0,24,0,7.0,14
4,4,0,25,0,14.0,9
4,4,0,26,0,9.0,17
4,4,0,27,0,17.0,7
4,4,0,28,0,7.0,17
4,4,0,29,0,17.0,13
4,4,0,30,1,13.0,26
4,4,0,31,1,26.0,32
4,4,0,32,0,32.0,17
4,4,0,33,0,17.0,2
4,4,0,34,0,2.0,12
4,4,0,35,0,12.0,8
4,4,0,36,0,8.0,3
4,4,0,37,0,3.0,9
4,4,0,38,0,9.0,5
4,4,0,39,0,5.0,12
4,4,0,40,0,12.0,22
4,4,0,41,0,22.0,9
4,4,0,42,0,9.0,10
4,4,0,43,0,10.0,9
4,4,0,44,0,9.0,7
4,4,0,45,0,7.0,17
4,4,0,46,0,17.0,5
4,4,0,47,0,5.0,9
4,4,0,48,0,9.0,7
4,4,0,49,0,7.0,16
4,4,0,50,0,16.0,5
4,4,0,51,1,5.0,123
4,4,0,52,1,123.0,97
4,4,0,53,1,97.0,53
4,4,0,1,1,53.0,17
4,4,0,2,0,17.0,6
4,4,0,3,0,6.0,5
4,4,0,4,0,5.0,10
4,4,0,5,0,10.0,17
4,4,0,6,1,17.0,18
4,4,0,7,1,18.0,15
4,4,0,8,0,15.0,18
4,4,0,9,1,18.0,11
4,4,0,10,1,11.0,7
4,4,0,11,1,7.0,12
4,4,0,12,1,12.0,13
4,4,0,13,1,13.0,1
4,4,0,14,0,1.0,20
4,4,0,15,0,20.0,10
4,4,0,16,0,10.0,15
4,4,0,17,0,15.0,16
4,4,0,18,0,16.0,9
4,4,0,19,0,9.0,10
4,4,0,20,0,10.0,7
4,4,0,21,0,7.0,11
4,4,0,22,0,11.0,16
4,4,0,23,0,16.0,20
4,4,0,24,0,20.0,10
4,4,0,25,0,10.0,9
4,4,0,26,0,9.0,6
4,4,0,27,0,6.0,3
4,4,0,28,0,3.0,13
4,4,0,29,1,13.0,35
4,4,0,30,1,35.0,84
4,4,0,31,0,84.0,11
4,4,0,32,0,11.0,18
4,4,0,33,0,18.0,19
4,4,0,34,0,19.0,10
4,4,0,35,0,10.0,6
4,4,0,36,0,6.0,14
4,4,0,37,0,14.0,9
4,4,0,38,0,9.0,9
4,4,0,39,0,9.0,19
4,4,0,40,0,19.0,10
4,4,0,41,0,10.0,12
4,4,0,42,0,12.0,10
4,4,0,43,0,10.0,7
4,4,0,44,0,7.0,8
4,4,0,45,0,8.0,10
4,4,0,46,0,10.0,15
4,4,0,47,0,15.0,7
4,4,0,48,0,7.0,15
4,4,0,49,0,15.0,15
4,4,0,50,1,15.0,38
4,4,0,51,1,38.0,84
4,4,0,52,1,84.0,62
4,4,0,1,1,62.0,31
4,4,0,2,0,31.0,11
4,4,0,3,0,11.0,11
4,4,0,4,0,11.0,11
4,4,0,5,0,11.0,7
4,4,0,6,1,7.0,5
4,4,0,7,1,5.0,11
4,4,0,8,0,11.0,4
4,4,0,9,1,4.0,15
4,4,0,10,1,15.0,5
4,4,0,11,1,5.0,3
4,4,0,12,1,3.0,14
4,4,0,13,1,14.0,6
4,4,0,14,0,6.0,7
4,4,0,15,0,7.0,9
4,4,0,16,0,9.0,14
4,4,0,17,0,14.0,4
4,4,0,18,0,4.0,13
4,4,0,19,0,13.0,9
4,4,0,20,0,9.0,3
4,4,0,21,0,3.0,11
4,4,0,22,0,11.0,10
4,4,0,23,0,10.0,1
4,4,0,24,0,1.0,19
4,4,0,25,0,19.0,11
4,4,0,26,0,11.0,2
4,4,0,27,0,2.0,13
4,4,0,28,0,13.0,10
4,4,0,29,0,10.0,8
4,4,0,30,1,8.0,59
4,4,0,31,0,59.0,9
4,4,0,32,0,9.0,10
4,4,0,33,0,10.0,16
4,4,0,34,0,16.0,15
4,4,0,35,0,15.0,8
4,4,0,36,0,8.0,8
4,4,0,37,0,8.0,6
4,4,0,38,0,6.0,18
4,4,0,39,0,18.0,6
4,4,0,40,0,6.0,7
4,4,0,41,0,7.0,11
4,4,0,42,0,11.0,6
4,4,0,43,0,6.0,14
4,4,0,44,0,14.0,17
4,4,0,45,0,17.0,12
4,4,0,46,0,12.0,10
4,4,0,47,0,10.0,9
4,4,0,48,0,9.0,12
4,4,0,49,0,12.0,9
4,4,0,50,1,9.0,51
4,4,0,51,1,51.0,50
4,4,0,52,1,50.0,59
4,4,0,1,1,59.0,64
4,4,0,2,0,64.0,10
4,4,0,3,0,10.0,8
4,4,0,4,0,8.0,12
4,4,0,5,0,12.0,20
4,4,0,6,1,20.0,10
4,4,0,7,1,10.0,9
4,4,0,8,0,9.0,11
4,4,0,9,1,11.0,15
4,4,0,10,1,15.0,14
4,4,0,11,1,14.0,13
4,4,0,12,1,13.0,13
4,4,0,13,1,13.0,10
4,4,0,14,0,10.0,11
4,4,0,15,0,11.0,6
4,4,0,16,0,6.0,16
4,4,0,17,0,16.0,8
4,4,0,18,0,8.0,5
4,4,0,19,0,5.0,10
4,4,0,20,0,10.0,5
4,4,0,21,0,5.0,7
4,4,0,23,0,7.0,11
4,4,0,24,0,11.0,6
4,4,0,25,0,6.0,7
4,4,0,26,0,7.0,5
4,4,0,27,0,5.0,13
4,4,0,28,0,13.0,12
4,4,0,29,0,12.0,3
4,4,0,30,1,3.0,64
4,4,0,31,0,64.0,10
4,4,0,32,0,10.0,19
4,4,0,33,0,19.0,12
4,4,0,34,0,12.0,6
4,4,0,35,0,6.0,5
4,4,0,36,0,5.0,7
4,4,0,37,0,7.0,13
4,4,0,38,0,13.0,12
4,4,0,39,0,12.0,24
4,4,0,40,0,24.0,15
4,4,0,41,0,15.0,8
4,4,0,42,0,8.0,17
4,4,0,43,0,17.0,9
4,4,0,44,0,9.0,11
4,4,0,45,0,11.0,12
4,4,0,46,0,12.0,7
4,4,0,47,0,7.0,13
4,4,0,48,0,13.0,9
4,4,0,49,0,9.0,14
4,4,0,50,1,14.0,27
4,4,0,51,1,27.0,99
4,4,0,52,1,99.0,134
4,4,0,1,1,134.0,63
4,4,0,2,0,63.0,7
4,4,0,3,0,7.0,8
4,4,0,4,0,8.0,16
4,4,0,5,0,16.0,10
4,4,0,6,1,10.0,18
4,4,0,7,1,18.0,17
4,4,0,8,0,17.0,8
4,4,0,9,1,8.0,11
4,4,0,10,1,11.0,6
4,4,0,11,1,6.0,18
4,4,0,12,1,18.0,9
4,4,0,13,1,9.0,5
4,4,0,14,0,5.0,12
4,4,0,15,0,12.0,3
4,4,0,16,0,3.0,10
4,4,0,17,0,10.0,14
4,4,0,18,0,14.0,13
4,4,0,19,0,13.0,16
4,4,0,20,0,16.0,11
4,4,0,21,0,11.0,11
4,4,0,22,0,11.0,4
4,4,0,23,0,4.0,22
4,4,0,24,0,22.0,5
4,4,0,25,0,5.0,19
4,4,0,26,0,19.0,18
4,4,0,27,0,18.0,13
4,4,0,28,0,13.0,13
4,4,0,29,0,13.0,11
4,4,0,30,1,11.0,62
4,4,0,31,1,62.0,24
4,4,0,32,0,24.0,16
4,4,0,33,0,16.0,2
4,4,0,34,0,2.0,18
4,4,0,35,0,18.0,9
4,4,0,36,0,9.0,10
4,4,0,37,0,10.0,5
4,4,0,38,0,5.0,7
4,4,0,39,0,7.0,12
4,4,0,40,0,12.0,9
4,4,0,41,0,9.0,12
4,4,0,42,0,12.0,8
4,4,0,43,0,8.0,5
4,4,0,44,0,5.0,8
4,4,0,45,0,8.0,14
4,4,0,46,0,14.0,8
4,4,0,47,0,8.0,12
4,4,0,48,0,12.0,5
4,4,0,49,0,5.0,7
4,4,0,50,1,7.0,41
4,4,0,51,1,41.0,53
4,4,0,52,1,53.0,30
4,4,0,1,1,30.0,46
4,4,0,2,0,46.0,13
4,4,0,3,0,13.0,16
4,4,0,4,0,16.0,12
4,4,0,5,0,12.0,10
4,4,0,6,0,10.0,13
4,4,0,7,1,13.0,7
4,4,0,8,1,7.0,18
4,4,0,9,1,18.0,12
4,4,0,10,1,12.0,6
4,4,0,11,1,6.0,12
4,4,0,12,1,12.0,9
4,4,0,13,1,9.0,7
4,4,0,14,1,7.0,8
4,4,0,15,0,8.0,9
4,4,0,16,0,9.0,11
4,4,0,17,0,11.0,14
4,4,0,18,0,14.0,15
4,4,0,19,0,15.0,12
4,4,0,20,0,12.0,1
4,4,0,21,0,1.0,12
4,4,0,22,0,12.0,4
4,4,0,23,0,4.0,12
4,4,0,24,0,12.0,5
4,4,0,25,0,5.0,11
4,4,0,26,0,11.0,18
4,4,0,27,0,18.0,9
4,4,0,28,0,9.0,10
4,4,0,29,0,10.0,3
4,4,0,30,1,3.0,37
4,4,0,31,1,37.0,29
4,4,0,32,0,29.0,9
4,4,0,33,0,9.0,11
4,4,0,34,0,11.0,9
4,4,0,35,0,9.0,14
4,4,0,36,0,14.0,7
4,4,0,37,0,7.0,14
4,4,0,38,0,14.0,19
4,4,0,39,0,19.0,6
4,4,0,40,0,6.0,9
4,4,0,41,0,9.0,6
4,4,0,42,0,6.0,7
4,4,0,43,0,7.0,13
4,4,0,44,0,13.0,9
4,4,0,45,0,9.0,13
4,4,0,46,0,13.0,9
4,4,0,47,0,9.0,15
4,4,0,48,0,15.0,11
4,4,0,49,0,11.0,10
4,4,0,50,0,10.0,13
4,4,0,51,1,13.0,60
4,4,0,52,1,60.0,86
4,4,0,1,1,86.0,39
4,4,1,1,1,0.0,66
4,4,1,2,0,66.0,7
4,4,1,3,0,7.0,12
4,4,1,4,0,12.0,15
4,4,1,5,0,15.0,12
4,4,1,6,1,12.0,12
4,4,1,7,1,12.0,21
4,4,1,8,1,21.0,8
4,4,1,9,1,8.0,19
4,4,1,10,1,19.0,15
4,4,1,11,1,15.0,9
4,4,1,12,1,9.0,2
4,4,1,13,1,2.0,7
4,4,1,14,0,7.0,6
4,4,1,15,0,6.0,7
4,4,1,16,0,7.0,8
4,4,1,17,0,8.0,11
4,4,1,18,0,11.0,4
4,4,1,19,0,4.0,15
4,4,1,20,0,15.0,9
4,4,1,21,0,9.0,6
4,4,1,22,0,6.0,6
4,4,1,23,0,6.0,7
4,4,1,24,0,7.0,10
4,4,1,25,0,10.0,8
4,4,1,26,0,8.0,8
4,4,1,27,0,8.0,10
4,4,1,28,0,10.0,18
4,4,1,29,1,18.0,31
4,4,1,30,1,31.0,73
4,4,1,31,1,73.0,15
4,4,1,32,0,15.0,13
4,4,1,33,0,13.0,17
4,4,1,34,0,17.0,14
4,4,1,35,0,14.0,12
4,4,1,36,0,12.0,11
4,4,1,37,0,11.0,11
4,4,1,38,0,11.0,16
4,4,1,39,0,16.0,5
4,4,1,40,0,5.0,1
4,4,1,41,0,1.0,9
4,4,1,42,0,9.0,6
4,4,1,43,0,6.0,3
4,4,1,44,0,3.0,14
4,4,1,45,0,14.0,14
4,4,1,46,0,14.0,3
4,4,1,47,0,3.0,14
4,4,1,48,0,14.0,2
4,4,1,49,0,2.0,5
4,4,1,50,1,5.0,10
4,4,1,51,1,10.0,115
4,4,1,52,1,115.0,101
4,4,1,1,1,101.0,106
4,4,1,2,0,106.0,7
4,4,1,3,0,7.0,6
4,4,1,4,0,6.0,10
4,4,1,5,0,10.0,11
4,4,1,6,0,11.0,10
4,4,1,7,1,10.0,19
4,4,1,8,1,19.0,14
4,4,1,9,1,14.0,13
4,4,1,10,1,13.0,12
4,4,1,11,1,12.0,12
4,4,1,12,1,12.0,17
4,4,1,13,1,17.0,13
4,4,1,14,0,13.0,7
4,4,1,15,0,7.0,12
4,4,1,16,0,12.0,10
4,4,1,17,0,10.0,7
4,4,1,18,0,7.0,7
4,4,1,19,0,7.0,1
4,4,1,20,0,1.0,14
4,4,1,21,0,14.0,13
4,4,1,22,0,13.0,7
4,4,1,23,0,7.0,13
4,4,1,24,0,13.0,10
4,4,1,25,0,10.0,16
4,4,1,26,0,16.0,11
4,4,1,27,0,11.0,6
4,4,1,28,0,6.0,13
4,4,1,29,0,13.0,8
4,4,1,30,1,8.0,20
4,4,1,31,1,20.0,22
4,4,1,32,0,22.0,13
4,4,1,33,0,13.0,4
4,4,1,34,0,4.0,18
4,4,1,35,0,18.0,17
4,4,1,36,0,17.0,18
4,4,1,37,0,18.0,10
4,4,1,38,0,10.0,16
4,4,1,39,0,16.0,3
4,4,1,40,0,3.0,14
4,4,1,41,0,14.0,19
4,4,1,42,0,19.0,6
4,4,1,43,0,6.0,7
4,4,1,44,0,7.0,8
4,4,1,45,0,8.0,5
4,4,1,46,0,5.0,8
4,4,1,47,0,8.0,14
4,4,1,48,0,14.0,10
4,4,1,49,0,10.0,24
4,4,1,50,0,24.0,15
4,4,1,51,1,15.0,41
4,4,1,52,1,41.0,29
4,4,1,1,1,29.0,72
4,4,1,2,0,72.0,12
4,4,1,3,0,12.0,5
4,4,1,4,0,5.0,13
4,4,1,5,0,13.0,18
4,4,1,6,0,18.0,8
4,4,1,7,1,8.0,6
4,4,1,8,1,6.0,11
4,4,1,9,0,11.0,5
4,4,1,10,1,5.0,5
4,4,1,11,1,5.0,14
4,4,1,12,1,14.0,12
4,4,1,13,1,12.0,4
4,4,1,14,1,4.0,9
4,4,1,15,0,9.0,9
4,4,1,16,0,9.0,7
4,4,1,17,0,7.0,7
4,4,1,18,0,7.0,11
4,4,1,19,0,11.0,7
4,4,1,20,0,7.0,5
4,4,1,21,0,5.0,11
4,4,1,22,0,11.0,5
4,4,1,23,0,5.0,6
4,4,1,24,0,6.0,13
4,4,1,25,0,13.0,2
4,4,1,26,0,2.0,24
4,4,1,27,0,24.0,23
4,4,1,28,0,23.0,12
4,4,1,29,0,12.0,14
4,4,1,30,1,14.0,31
4,4,1,31,1,31.0,47
4,4,1,32,0,47.0,7
4,4,1,33,0,7.0,9
4,4,1,34,0,9.0,10
4,4,1,35,0,10.0,16
4,4,1,36,0,16.0,7
4,4,1,37,0,7.0,7
4,4,1,38,0,7.0,4
4,4,1,39,0,4.0,15
4,4,1,40,0,15.0,8
4,4,1,41,0,8.0,6
4,4,1,42,0,6.0,7
4,4,1,43,0,7.0,10
4,4,1,44,0,10.0,4
4,4,1,45,0,4.0,8
4,4,1,46,0,8.0,7
4,4,1,47,0,7.0,8
4,4,1,48,0,8.0,16
4,4,1,49,0,16.0,12
4,4,1,50,0,12.0,12
4,4,1,51,1,12.0,61
4,4,1,52,1,61.0,134
4,4,1,53,1,134.0,30
4,4,1,1,1,30.0,39
4,4,1,2,0,39.0,5
4,4,1,3,0,5.0,3
4,4,1,4,0,3.0,4
4,4,1,5,0,4.0,14
4,4,1,6,1,14.0,15
4,4,1,7,1,15.0,13
4,4,1,8,0,13.0,6
4,4,1,9,1,6.0,21
4,4,1,10,1,21.0,14
4,4,1,11,1,14.0,12
4,4,1,12,1,12.0,7
4,4,1,13,1,7.0,4
4,4,1,14,0,4.0,9
4,4,1,15,0,9.0,12
4,4,1,16,0,12.0,9
4,4,1,17,0,9.0,10
4,4,1,18,0,10.0,7
4,4,1,19,0,7.0,19
4,4,1,20,0,19.0,13
4,4,1,21,0,13.0,14
4,4,1,22,0,14.0,9
4,4,1,23,0,9.0,15
4,4,1,24,0,15.0,15
4,4,1,25,0,15.0,4
4,4,1,26,0,4.0,24
4,4,1,27,0,24.0,15
4,4,1,28,0,15.0,10
4,4,1,29,1,10.0,26
4,4,1,30,1,26.0,70
4,4,1,31,0,70.0,9
4,4,1,32,0,9.0,12
4,4,1,33,0,12.0,14
4,4,1,34,0,14.0,5
4,4,1,35,0,5.0,7
4,4,1,36,0,7.0,8
4,4,1,37,0,8.0,12
4,4,1,38,0,12.0,16
4,4,1,39,0,16.0,12
4,4,1,40,0,12.0,16
4,4,1,41,0,16.0,11
4,4,1,42,0,11.0,10
4,4,1,43,0,10.0,7
4,4,1,44,0,7.0,7
4,4,1,45,0,7.0,9
4,4,1,46,0,9.0,6
4,4,1,47,0,6.0,12
4,4,1,48,0,12.0,16
4,4,1,49,0,16.0,16
4,4,1,50,1,16.0,34
4,4,1,51,1,34.0,15
4,4,1,52,1,15.0,55
4,4,1,1,1,55.0,23
4,4,1,2,0,23.0,9
4,4,1,3,0,9.0,15
4,4,1,4,0,15.0,16
4,4,1,5,0,16.0,7
4,4,1,6,1,7.0,7
4,4,1,7,1,7.0,12
4,4,1,8,0,12.0,7
4,4,1,9,1,7.0,3
4,4,1,10,1,3.0,13
4,4,1,11,1,13.0,9
4,4,1,12,1,9.0,11
4,4,1,13,1,11.0,3
4,4,1,14,0,3.0,9
4,4,1,15,0,9.0,10
4,4,1,16,0,10.0,14
4,4,1,17,0,14.0,11
4,4,1,18,0,11.0,9
4,4,1,19,0,9.0,11
4,4,1,20,0,11.0,17
4,4,1,21,0,17.0,16
4,4,1,22,0,16.0,10
4,4,1,23,0,10.0,8
4,4,1,24,0,8.0,5
4,4,1,25,0,5.0,11
4,4,1,26,0,11.0,14
4,4,1,27,0,14.0,11
4,4,1,28,0,11.0,13
4,4,1,29,0,13.0,4
4,4,1,30,1,4.0,25
4,4,1,31,0,25.0,18
4,4,1,32,0,18.0,12
4,4,1,33,0,12.0,7
4,4,1,34,0,7.0,11
4,4,1,35,0,11.0,3
4,4,1,36,0,3.0,20
4,4,1,37,0,20.0,7
4,4,1,38,0,7.0,11
4,4,1,39,0,11.0,5
4,4,1,40,0,5.0,18
4,4,1,41,0,18.0,9
4,4,1,42,0,9.0,3
4,4,1,43,0,3.0,13
4,4,1,44,0,13.0,11
4,4,1,45,0,11.0,10
4,4,1,46,0,10.0,9
4,4,1,47,0,9.0,12
4,4,1,48,0,12.0,11
4,4,1,49,0,11.0,19
4,4,1,50,1,19.0,72
4,4,1,51,1,72.0,71
4,4,1,52,1,71.0,28
4,4,1,1,1,28.0,44
4,4,1,2,0,44.0,7
4,4,1,3,0,7.0,14
4,4,1,4,0,14.0,8
4,4,1,5,0,8.0,10
4,4,1,6,1,10.0,8
4,4,1,7,1,8.0,9
4,4,1,8,1,9.0,16
4,4,1,9,1,16.0,5
4,4,1,10,1,5.0,13
4,4,1,11,1,13.0,13
4,4,1,12,1,13.0,7
4,4,1,13,1,7.0,7
4,4,1,14,0,7.0,19
4,4,1,15,0,19.0,11
4,4,1,16,0,11.0,5
4,4,1,17,0,5.0,19
4,4,1,18,0,19.0,15
4,4,1,19,0,15.0,16
4,4,1,20,0,16.0,12
4,4,1,21,0,12.0,20
4,4,1,22,0,20.0,15
4,4,1,23,0,15.0,18
4,4,1,24,0,18.0,11
4,4,1,25,0,11.0,10
4,4,1,26,0,10.0,13
4,4,1,27,0,13.0,13
4,4,1,28,0,13.0,1
4,4,1,29,0,1.0,8
4,4,1,30,1,8.0,51
4,4,1,31,0,51.0,12
4,4,1,32,0,12.0,10
4,4,1,33,0,10.0,9
4,4,1,34,0,9.0,13
4,4,1,35,0,13.0,7
4,4,1,36,0,7.0,19
4,4,1,37,0,19.0,7
4,4,1,38,0,7.0,11
4,4,1,39,0,11.0,15
4,4,1,40,0,15.0,2
4,4,1,41,0,2.0,6
4,4,1,42,0,6.0,14
4,4,1,43,0,14.0,6
4,4,1,44,0,6.0,8
4,4,1,45,0,8.0,7
4,4,1,46,0,7.0,18
4,4,1,47,0,18.0,18
4,4,1,48,0,18.0,8
4,4,1,49,0,8.0,2
4,4,1,50,1,2.0,30
4,4,1,51,1,30.0,90
4,4,1,52,1,90.0,21
4,4,1,1,1,21.0,86
4,4,1,2,0,86.0,10
4,4,1,3,0,10.0,8
4,4,1,4,0,8.0,4
4,4,1,5,0,4.0,7
4,4,1,6,1,7.0,8
4,4,1,7,1,8.0,12
4,4,1,8,1,12.0,9
4,4,1,9,1,9.0,15
4,4,1,10,1,15.0,11
4,4,1,11,1,11.0,12
4,4,1,12,1,12.0,13
4,4,1,13,1,13.0,15
4,4,1,14,0,15.0,3
4,4,1,15,0,3.0,10
4,4,1,16,0,10.0,17
4,4,1,17,0,17.0,8
4,4,1,18,0,8.0,4
4,4,1,19,0,4.0,7
4,4,1,20,0,7.0,13
4,4,1,21,0,13.0,19
4,4,1,22,0,19.0,10
4,4,1,23,0,10.0,6
4,4,1,24,0,6.0,12
4,4,1,25,0,12.0,9
4,4,1,26,0,9.0,6
4,4,1,27,0,6.0,10
4,4,1,28,0,10.0,14
4,4,1,29,0,14.0,6
4,4,1,30,1,6.0,77
4,4,1,31,1,77.0,45
4,4,1,32,0,45.0,9
4,4,1,33,0,9.0,9
4,4,1,34,0,9.0,10
4,4,1,35,0,10.0,7
4,4,1,36,0,7.0,11
4,4,1,37,0,11.0,9
4,4,1,38,0,9.0,7
4,4,1,39,0,7.0,7
4,4,1,40,0,7.0,10
4,4,1,41,0,10.0,13
4,4,1,42,0,13.0,8
4,4,1,43,0,8.0,19
4,4,1,44,0,19.0,15
4,4,1,45,0,15.0,21
4,4,1,46,0,21.0,16
4,4,1,47,0,16.0,10
4,4,1,48,0,10.0,6
4,4,1,49,0,6.0,12
4,4,1,50,1,12.0,39
4,4,1,51,1,39.0,24
4,4,1,52,1,24.0,25
4,4,1,1,1,25.0,38
4,4,1,2,0,38.0,12
4,4,1,3,0,12.0,17
4,4,1,4,0,17.0,3
4,4,1,5,0,3.0,12
4,4,1,6,0,12.0,14
4,4,1,7,1,14.0,2
4,4,1,8,1,2.0,14
4,4,1,9,1,14.0,6
4,4,1,10,1,6.0,11
4,4,1,11,1,11.0,15
4,4,1,12,1,15.0,16
4,4,1,13,1,16.0,9
4,4,1,14,1,9.0,10
4,4,1,15,0,10.0,8
4,4,1,16,0,8.0,15
4,4,1,17,0,15.0,8
4,4,1,18,0,8.0,4
4,4,1,19,0,4.0,6
4,4,1,20,0,6.0,2
4,4,1,21,0,2.0,13
4,4,1,22,0,13.0,20
4,4,1,23,0,20.0,13
4,4,1,24,0,13.0,7
4,4,1,25,0,7.0,9
4,4,1,26,0,9.0,8
4,4,1,27,0,8.0,11
4,4,1,28,0,11.0,18
4,4,1,29,0,18.0,17
4,4,1,30,1,17.0,66
4,4,1,31,1,66.0,26
4,4,1,32,0,26.0,9
4,4,1,33,0,9.0,11
4,4,1,34,0,11.0,10
4,4,1,35,0,10.0,10
4,4,1,36,0,10.0,8
4,4,1,37,0,8.0,6
4,4,1,38,0,6.0,20
4,4,1,39,0,20.0,12
4,4,1,40,0,12.0,11
4,4,1,41,0,11.0,10
4,4,1,42,0,10.0,3
4,4,1,43,0,3.0,11
4,4,1,44,0,11.0,5
4,4,1,45,0,5.0,9
4,4,1,46,0,9.0,8
4,4,1,47,0,8.0,9
4,4,1,48,0,9.0,1
4,4,1,49,0,1.0,20
4,4,1,50,0,20.0,19
4,4,1,51,1,19.0,57
4,4,1,52,1,57.0,57
4,4,1,1,1,57.0,20
4,4,2,1,1,0.0,48
4,4,2,2,0,48.0,7
4,4,2,3,0,7.0,3
4,4,2,4,0,3.0,19
4,4,2,5,0,19.0,16
4,4,2,6,0,16.0,2
4,4,2,7,1,2.0,9
4,4,2,8,1,9.0,4
4,4,2,9,1,4.0,15
4,4,2,10,1,15.0,15
4,4,2,11,1,15.0,20
4,4,2,12,1,20.0,16
4,4,2,13,1,16.0,3
4,4,2,14,0,3.0,10
4,4,2,15,0,10.0,4
4,4,2,16,0,4.0,16
4,4,2,17,0,16.0,8
4,4,2,18,0,8.0,6
4,4,2,19,0,6.0,10
4,4,2,20,0,10.0,5
4,4,2,21,0,5.0,10
4,4,2,22,0,10.0,3
4,4,2,23,0,3.0,9
4,4,2,24,0,9.0,9
4,4,2,25,0,9.0,11
4,4,2,26,0,11.0,21
4,4,2,27,0,21.0,11
4,4,2,28,0,11.0,25
4,4,2,29,1,25.0,43
4,4,2,30,1,43.0,51
4,4,2,31,1,51.0,18
4,4,2,32,0,18.0,11
4,4,2,33,0,11.0,7
4,4,2,34,0,7.0,14
4,4,2,35,0,14.0,11
4,4,2,36,0,11.0,12
4,4,2,37,0,12.0,17
4,4,2,38,0,17.0,17
4,4,2,39,0,17.0,10
4,4,2,40,0,10.0,8
4,4,2,41,0,8.0,8
4,4,2,42,0,8.0,14
4,4,2,43,0,14.0,12
4,4,2,44,0,12.0,2
4,4,2,45,0,2.0,13
4,4,2,46,0,13.0,10
4,4,2,47,0,10.0,10
4,4,2,48,0,10.0,10
4,4,2,49,0,10.0,6
4,4,2,50,1,6.0,42
4,4,2,51,1,42.0,39
4,4,2,52,1,39.0,131
4,4,2,1,1,131.0,61
4,4,2,2,0,61.0,11
4,4,2,3,0,11.0,17
4,4,2,4,0,17.0,14
4,4,2,5,0,14.0,19
4,4,2,6,0,19.0,11
4,4,2,7,1,11.0,7
4,4,2,8,1,7.0,11
4,4,2,9,1,11.0,16
4,4,2,10,1,16.0,10
4,4,2,11,1,10.0,2
4,4,2,12,1,2.0,10
4,4,2,13,1,10.0,18
4,4,2,14,0,18.0,8
4,4,2,15,0,8.0,11
4,4,2,16,0,11.0,7
4,4,2,17,0,7.0,15
4,4,2,18,0,15.0,4
4,4,2,19,0,4.0,12
4,4,2,20,0,12.0,12
4,4,2,21,0,12.0,7
4,4,2,22,0,7.0,13
4,4,2,23,0,13.0,5
4,4,2,24,0,5.0,10
4,4,2,25,0,10.0,13
4,4,2,26,0,13.0,23
4,4,2,27,0,23.0,26
4,4,2,28,0,26.0,2
4,4,2,29,0,2.0,13
4,4,2,30,1,13.0,44
4,4,2,31,1,44.0,25
4,4,2,32,0,25.0,12
4,4,2,33,0,12.0,9
4,4,2,34,0,9.0,13
4,4,2,35,0,13.0,6
4,4,2,36,0,6.0,22
4,4,2,37,0,22.0,9
4,4,2,38,0,9.0,7
4,4,2,39,0,7.0,14
4,4,2,40,0,14.0,8
4,4,2,41,0,8.0,6
4,4,2,42,0,6.0,17
4,4,2,43,0,17.0,8
4,4,2,44,0,8.0,14
4,4,2,45,0,14.0,20
4,4,2,46,0,20.0,16
4,4,2,47,0,16.0,8
4,4,2,48,0,8.0,7
4,4,2,49,0,7.0,6
4,4,2,50,0,6.0,5
4,4,2,51,1,5.0,60
4,4,2,52,1,60.0,69
4,4,2,1,1,69.0,101
4,4,2,2,0,101.0,4
4,4,2,3,0,4.0,13
4,4,2,4,0,13.0,10
4,4,2,5,0,10.0,9
4,4,2,6,0,9.0,12
4,4,2,7,1,12.0,12
4,4,2,8,1,12.0,3
4,4,2,9,1,3.0,16
4,4,2,10,1,16.0,16
4,4,2,11,1,16.0,9
4,4,2,12,1,9.0,8
4,4,2,13,1,8.0,4
4,4,2,14,1,4.0,17
4,4,2,15,0,17.0,18
4,4,2,16,0,18.0,13
4,4,2,17,0,13.0,8
4,4,2,18,0,8.0,12
4,4,2,19,0,12.0,12
4,4,2,20,0,12.0,12
4,4,2,21,0,12.0,8
4,4,2,22,0,8.0,12
4,4,2,23,0,12.0,8
4,4,2,24,0,8.0,15
4,4,2,25,0,15.0,6
4,4,2,26,0,6.0,13
4,4,2,27,0,13.0,7
4,4,2,28,0,7.0,11
4,4,2,29,0,11.0,9
4,4,2,30,1,9.0,46
4,4,2,31,1,46.0,37
4,4,2,32,0,37.0,10
4,4,2,33,0,10.0,12
4,4,2,34,0,12.0,16
4,4,2,35,0,16.0,14
4,4,2,36,0,14.0,15
4,4,2,37,0,15.0,5
4,4,2,38,0,5.0,16
4,4,2,39,0,16.0,7
4,4,2,40,0,7.0,5
4,4,2,41,0,5.0,11
4,4,2,42,0,11.0,23
4,4,2,43,0,23.0,8
4,4,2,44,0,8.0,12
4,4,2,45,0,12.0,8
4,4,2,46,0,8.0,8
4,4,2,47,0,8.0,10
4,4,2,48,0,10.0,15
4,4,2,49,0,15.0,13
4,4,2,50,0,13.0,15
4,4,2,51,1,15.0,17
4,4,2,52,1,17.0,64
4,4,2,53,1,64.0,59
4,4,2,1,1,59.0,35
4,4,2,2,0,35.0,12
4,4,2,3,0,12.0,11
4,4,2,4,0,11.0,17
4,4,2,5,0,17.0,11
4,4,2,6,1,11.0,11
4,4,2,7,1,11.0,11
4,4,2,8,0,11.0,5
4,4,2,9,1,5.0,9
4,4,2,10,1,9.0,6
4,4,2,11,1,6.0,8
4,4,2,12,1,8.0,11
4,4,2,13,1,11.0,10
4,4,2,14,0,10.0,12
4,4,2,15,0,12.0,11
4,4,2,16,0,11.0,17
4,4,2,17,0,17.0,14
4,4,2,18,0,14.0,4
4,4,2,19,0,4.0,12
4,4,2,20,0,12.0,9
4,4,2,21,0,9.0,7
4,4,2,22,0,7.0,15
4,4,2,23,0,15.0,11
4,4,2,24,0,11.0,3
4,4,2,25,0,3.0,10
4,4,2,26,0,10.0,9
4,4,2,27,0,9.0,5
4,4,2,28,0,5.0,4
4,4,2,29,1,4.0,15
4,4,2,30,1,15.0,81
4,4,2,31,0,81.0,13
4,4,2,32,0,13.0,10
4,4,2,33,0,10.0,16
4,4,2,34,0,16.0,12
4,4,2,35,0,12.0,6
4,4,2,36,0,6.0,10
4,4,2,37,0,10.0,6
4,4,2,38,0,6.0,12
4,4,2,39,0,12.0,11
4,4,2,40,0,11.0,16
4,4,2,41,0,16.0,16
4,4,2,42,0,16.0,9
4,4,2,43,0,9.0,9
4,4,2,44,0,9.0,24
4,4,2,45,0,24.0,10
4,4,2,46,0,10.0,15
4,4,2,47,0,15.0,3
4,4,2,48,0,3.0,2
4,4,2,49,0,2.0,10
4,4,2,51,1,10.0,101
4,4,2,52,1,101.0,80
4,4,2,1,1,80.0,22
4,4,2,2,0,22.0,11
4,4,2,3,0,11.0,4
4,4,2,4,0,4.0,5
4,4,2,5,0,5.0,1
4,4,2,6,1,1.0,2
4,4,2,7,1,2.0,17
4,4,2,8,0,17.0,5
4,4,2,9,1,5.0,8
4,4,2,10,1,8.0,32
4,4,2,11,1,32.0,10
4,4,2,12,1,10.0,15
4,4,2,13,1,15.0,13
4,4,2,14,0,13.0,7
4,4,2,15,0,7.0,1
4,4,2,16,0,1.0,13
4,4,2,17,0,13.0,3
4,4,2,18,0,3.0,12
4,4,2,19,0,12.0,19
4,4,2,20,0,19.0,12
4,4,2,21,0,12.0,5
4,4,2,22,0,5.0,15
4,4,2,23,0,15.0,22
4,4,2,24,0,22.0,18
4,4,2,25,0,18.0,9
4,4,2,26,0,9.0,4
4,4,2,27,0,4.0,13
4,4,2,28,0,13.0,15
4,4,2,29,1,15.0,56
4,4,2,30,1,56.0,62
4,4,2,31,0,62.0,7
4,4,2,32,0,7.0,11
4,4,2,33,0,11.0,8
4,4,2,34,0,8.0,17
4,4,2,35,0,17.0,13
4,4,2,36,0,13.0,7
4,4,2,37,0,7.0,18
4,4,2,38,0,18.0,15
4,4,2,39,0,15.0,9
4,4,2,40,0,9.0,11
4,4,2,41,0,11.0,10
4,4,2,42,0,10.0,13
4,4,2,43,0,13.0,15
4,4,2,44,0,15.0,6
4,4,2,45,0,6.0,9
4,4,2,46,0,9.0,7
4,4,2,48,0,7.0,6
4,4,2,49,0,6.0,14
4,4,2,50,1,14.0,59
4,4,2,51,1,59.0,136
4,4,2,52,1,136.0,55
4,4,2,1,1,55.0,36
4,4,2,2,0,36.0,7
4,4,2,3,0,7.0,12
4,4,2,4,0,12.0,14
4,4,2,5,0,14.0,15
4,4,2,6,0,15.0,3
4,4,2,7,1,3.0,12
4,4,2,8,1,12.0,10
4,4,2,9,1,10.0,7
4,4,2,10,1,7.0,15
4,4,2,11,1,15.0,11
4,4,2,12,1,11.0,19
4,4,2,13,1,19.0,9
4,4,2,14,0,9.0,7
4,4,2,15,0,7.0,8
4,4,2,16,0,8.0,16
4,4,2,17,0,16.0,8
4,4,2,18,0,8.0,10
4,4,2,19,0,10.0,16
4,4,2,20,0,16.0,10
4,4,2,21,0,10.0,10
4,4,2,22,0,10.0,9
4,4,2,23,0,9.0,9
4,4,2,24,0,9.0,12
4,4,2,25,0,12.0,11
4,4,2,26,0,11.0,10
4,4,2,27,0,10.0,1
4,4,2,28,0,1.0,8
4,4,2,29,1,8.0,42
4,4,2,30,1,42.0,60
4,4,2,31,0,60.0,7
4,4,2,32,0,7.0,6
4,4,2,33,0,6.0,14
4,4,2,34,0,14.0,11
4,4,2,35,0,11.0,12
4,4,2,36,0,12.0,5
4,4,2,37,0,5.0,14
4,4,2,38,0,14.0,14
4,4,2,39,0,14.0,7
4,4,2,40,0,7.0,20
4,4,2,41,0,20.0,6
4,4,2,42,0,6.0,2
4,4,2,43,0,2.0,15
4,4,2,44,0,15.0,10
4,4,2,45,0,10.0,17
4,4,2,46,0,17.0,8
4,4,2,47,0,8.0,13
4,4,2,48,0,13.0,6
4,4,2,49,0,6.0,4
4,4,2,50,1,4.0,18
4,4,2,51,1,18.0,92
4,4,2,52,1,92.0,65
4,4,2,1,1,65.0,68
4,4,2,2,0,68.0,8
4,4,2,3,0,8.0,7
4,4,2,4,0,7.0,12
4,4,2,5,0,12.0,8
4,4,2,6,1,8.0,10
4,4,2,7,1,10.0,17
4,4,2,8,1,17.0,7
4,4,2,9,1,7.0,17
4,4,2,10,1,17.0,17
4,4,2,11,1,17.0,17
4,4,2,12,1,17.0,16
4,4,2,13,1,16.0,14
4,4,2,14,0,14.0,6
4,4,2,15,0,6.0,6
4,4,2,16,0,6.0,5
4,4,2,17,0,5.0,7
4,4,2,18,0,7.0,13
4,4,2,19,0,13.0,13
4,4,2,20,0,13.0,8
4,4,2,21,0,8.0,12
4,4,2,22,0,12.0,15
4,4,2,23,0,15.0,15
4,4,2,24,0,15.0,3
4,4,2,25,0,3.0,11
4,4,2,26,0,11.0,11
4,4,2,27,0,11.0,8
4,4,2,28,0,8.0,8
4,4,2,29,0,8.0,15
4,4,2,30,1,15.0,84
4,4,2,31,1,84.0,25
4,4,2,32,0,25.0,10
4,4,2,33,0,10.0,4
4,4,2,34,0,4.0,14
4,4,2,35,0,14.0,1
4,4,2,36,0,1.0,8
4,4,2,37,0,8.0,13
4,4,2,38,0,13.0,4
4,4,2,39,0,4.0,14
4,4,2,40,0,14.0,11
4,4,2,41,0,11.0,13
4,4,2,42,0,13.0,10
4,4,2,43,0,10.0,8
4,4,2,44,0,8.0,10
4,4,2,45,0,10.0,5
4,4,2,46,0,5.0,11
4,4,2,47,0,11.0,10
4,4,2,48,0,10.0,13
4,4,2,49,0,13.0,3
4,4,2,50,0,3.0,7
4,4,2,51,1,7.0,32
4,4,2,52,1,32.0,51
4,4,2,1,1,51.0,41
4,4,2,2,0,41.0,11
4,4,2,3,0,11.0,16
4,4,2,4,0,16.0,13
4,4,2,5,0,13.0,13
4,4,2,6,0,13.0,14
4,4,2,7,1,14.0,10
4,4,2,8,1,10.0,7
4,4,2,9,1,7.0,15
4,4,2,10,1,15.0,17
4,4,2,11,1,17.0,8
4,4,2,12,1,8.0,18
4,4,2,13,1,18.0,19
4,4,2,14,0,19.0,4
4,4,2,15,0,4.0,8
4,4,2,16,0,8.0,17
4,4,2,17,0,17.0,11
4,4,2,18,0,11.0,14
4,4,2,19,0,14.0,7
4,4,2,20,0,7.0,19
4,4,2,21,0,19.0,21
4,4,2,22,0,21.0,5
4,4,2,23,0,5.0,11
4,4,2,24,0,11.0,12
4,4,2,25,0,12.0,18
4,4,2,26,0,18.0,19
4,4,2,27,0,19.0,12
4,4,2,28,0,12.0,8
4,4,2,29,0,8.0,10
4,4,2,30,1,10.0,45
4,4,2,31,1,45.0,30
4,4,2,32,0,30.0,14
4,4,2,33,0,14.0,1
4,4,2,34,0,1.0,13
4,4,2,35,0,13.0,16
4,4,2,36,0,16.0,9
4,4,2,37,0,9.0,16
4,4,2,38,0,16.0,15
4,4,2,39,0,15.0,7
4,4,2,40,0,7.0,3
4,4,2,41,0,3.0,14
4,4,2,42,0,14.0,20
4,4,2,43,0,20.0,5
4,4,2,44,0,5.0,6
4,4,2,45,0,6.0,14
4,4,2,46,0,14.0,11
4,4,2,47,0,11.0,14
4,4,2,48,0,14.0,13
4,4,2,49,0,13.0,8
4,4,2,50,0,8.0,9
4,4,2,51,1,9.0,121
4,4,2,52,1,121.0,32
4,4,2,1,1,32.0,25
4,5,0,1,0,0.0,5
4,5,0,2,0,5.0,12
4,5,0,3,0,12.0,9
4,5,0,4,0,9.0,8
4,5,0,5,0,8.0,12
4,5,0,6,0,12.0,11
4,5,0,7,1,11.0,7
4,5,0,8,1,7.0,6
4,5,0,9,1,6.0,12
4,5,0,10,1,12.0,1
4,5,0,11,1,1.0,15
4,5,0,12,1,15.0,11
4,5,0,13,1,11.0,5
4,5,0,14,0,5.0,13
4,5,0,15,0,13.0,9
4,5,0,16,0,9.0,16
4,5,0,17,0,16.0,14
4,5,0,18,0,14.0,7
4,5,0,19,0,7.0,8
4,5,0,20,0,8.0,5
4,5,0,21,0,5.0,10
4,5,0,22,0,10.0,11
4,5,0,23,0,11.0,7
4,5,0,24,0,7.0,12
4,5,0,25,0,12.0,4
4,5,0,26,0,4.0,15
4,5,0,27,0,15.0,15
4,5,0,28,0,15.0,3
4,5,0,29,1,3.0,12
4,5,0,30,1,12.0,6
4,5,0,31,1,6.0,12
4,5,0,32,0,12.0,9
4,5,0,33,0,9.0,6
4,5,0,35,0,6.0,15
4,5,0,36,0,15.0,16
4,5,0,37,0,16.0,2
4,5,0,38,0,2.0,6
4,5,0,39,0,6.0,11
4,5,0,40,0,11.0,6
4,5,0,41,0,6.0,17
4,5,0,42,0,17.0,5
4,5,0,43,0,5.0,11
4,5,0,44,0,11.0,14
4,5,0,45,0,14.0,5
4,5,0,46,0,5.0,9
4,5,0,47,0,9.0,16
4,5,0,48,0,16.0,14
4,5,0,49,0,14.0,17
4,5,0,50,1,17.0,47
4,5,0,51,1,47.0,53
4,5,0,52,1,53.0,49
4,5,0,1,1,49.0,46
4,5,0,2,0,46.0,11
4,5,0,3,0,11.0,2
4,5,0,4,0,2.0,14
4,5,0,5,0,14.0,6
4,5,0,6,1,6.0,11
4,5,0,7,1,11.0,14
4,5,0,8,1,14.0,10
4,5,0,9,1,10.0,10
4,5,0,10,1,10.0,11
4,5,0,11,1,11.0,6
4,5,0,12,1,6.0,18
4,5,0,13,1,18.0,9
4,5,0,14,0,9.0,4
4,5,0,15,0,4.0,10
4,5,0,16,0,10.0,20
4,5,0,17,0,20.0,1
4,5,0,18,0,1.0,27
4,5,0,19,0,27.0,5
4,5,0,20,0,5.0,5
4,5,0,21,0,5.0,13
4,5,0,22,0,13.0,17
4,5,0,23,0,17.0,17
4,5,0,24,0,17.0,7
4,5,0,25,0,7.0,13
4,5,0,26,0,13.0,5
4,5,0,27,0,5.0,15
4,5,0,28,0,15.0,3
4,5,0,29,0,3.0,20
4,5,0,30,1,20.0,9
4,5,0,31,1,9.0,14
4,5,0,32,0,14.0,7
4,5,0,33,0,7.0,7
4,5,0,34,0,7.0,20
4,5,0,35,0,20.0,7
4,5,0,36,0,7.0,5
4,5,0,37,0,5.0,8
4,5,0,38,0,8.0,12
4,5,0,39,0,12.0,15
4,5,0,40,0,15.0,20
4,5,0,41,0,20.0,4
4,5,0,42,0,4.0,8
4,5,0,43,0,8.0,8
4,5,0,44,0,8.0,13
4,5,0,45,0,13.0,7
4,5,0,46,0,7.0,3
4,5,0,47,0,3.0,4
4,5,0,48,0,4.0,11
4,5,0,49,0,11.0,11
4,5,0,50,0,11.0,4
4,5,0,51,1,4.0,71
4,5,0,52,1,71.0,26
4,5,0,1,1,26.0,72
4,5,0,2,0,72.0,13
4,5,0,3,0,13.0,21
4,5,0,4,0,21.0,8
4,5,0,5,0,8.0,10
4,5,0,6,0,10.0,7
4,5,0,7,1,7.0,5
4,5,0,8,1,5.0,14
4,5,0,9,1,14.0,11
4,5,0,10,1,11.0,15
4,5,0,11,1,15.0,19
4,5,0,12,1,19.0,5
4,5,0,13,1,5.0,6
4,5,0,14,1,6.0,13
4,5,0,15,0,13.0,12
4,5,0,16,0,12.0,15
4,5,0,17,0,15.0,6
4,5,0,18,0,6.0,11
4,5,0,19,0,11.0,13
4,5,0,20,0,13.0,7
4,5,0,21,0,7.0,11
4,5,0,22,0,11.0,19
4,5,0,23,0,19.0,18
4,5,0,24,0,18.0,6
4,5,0,25,0,6.0,10
4,5,0,26,0,10.0,13
4,5,0,27,0,13.0,9
4,5,0,28,0,9.0,13
4,5,0,29,0,13.0,16
4,5,0,30,1,16.0,10
4,5,0,31,1,10.0,19
4,5,0,32,0,19.0,6
4,5,0,33,0,6.0,20
4,5,0,34,0,20.0,9
4,5,0,35,0,9.0,9
4,5,0,36,0,9.0,13
4,5,0,37,0,13.0,7
4,5,0,38,0,7.0,5
4,5,0,39,0,5.0,13
4,5,0,40,0,13.0,13
4,5,0,41,0,13.0,8
4,5,0,42,0,8.0,13
4,5,0,43,0,13.0,13
4,5,0,44,0,13.0,6
4,5,0,45,0,6.0,15
4,5,0,46,0,15.0,13
4,5,0,47,0,13.0,12
4,5,0,48,0,12.0,13
4,5,0,49,0,13.0,10
4,5,0,50,0,10.0,7
4,5,0,51,1,7.0,42
4,5,0,52,1,42.0,157
4,5,0,53,1,157.0,83
4,5,0,1,0,83.0,8
4,5,0,2,0,8.0,14
4,5,0,3,0,14.0,4
4,5,0,4,0,4.0,18
4,5,0,5,0,18.0,4
4,5,0,6,1,4.0,7
4,5,0,7,1,7.0,7
4,5,0,8,0,7.0,16
4,5,0,9,1,16.0,8
4,5,0,10,1,8.0,12
4,5,0,11,1,12.0,16
4,5,0,12,1,16.0,10
4,5,0,13,1,10.0,17
4,5,0,14,0,17.0,13
4,5,0,15,0,13.0,4
4,5,0,16,0,4.0,13
4,5,0,17,0,13.0,13
4,5,0,18,0,13.0,5
4,5,0,19,0,5.0,2
4,5,0,20,0,2.0,5
4,5,0,21,0,5.0,13
4,5,0,22,0,13.0,9
4,5,0,23,0,9.0,18
4,5,0,24,0,18.0,14
4,5,0,25,0,14.0,17
4,5,0,26,0,17.0,8
4,5,0,27,0,8.0,11
4,5,0,28,0,11.0,15
4,5,0,29,1,15.0,15
4,5,0,30,1,15.0,6
4,5,0,31,0,6.0,13
4,5,0,32,0,13.0,7
4,5,0,33,0,7.0,10
4,5,0,34,0,10.0,11
4,5,0,35,0,11.0,15
4,5,0,36,0,15.0,8
4,5,0,37,0,8.0,6
4,5,0,38,0,6.0,23
4,5,0,39,0,23.0,15
4,5,0,40,0,15.0,12
4,5,0,41,0,12.0,11
4,5,0,42,0,11.0,10
4,5,0,43,0,10.0,7
4,5,0,44,0,7.0,15
4,5,0,45,0,15.0,5
4,5,0,46,0,5.0,9
4,5,0,47,0,9.0,5
4,5,0,48,0,5.0,9
4,5,0,49,0,9.0,28
4,5,0,50,1,28.0,45
4,5,0,51,1,45.0,16
4,5,0,52,1,16.0,48
4,5,0,1,1,48.0,33
4,5,0,2,0,33.0,21
4,5,0,3,0,21.0,9
4,5,0,4,0,9.0,22
4,5,0,5,0,22.0,8
4,5,0,6,1,8.0,5
4,5,0,7,1,5.0,13
4,5,0,8,0,13.0,6
4,5,0,9,1,6.0,9
4,5,0,10,1,9.0,11
4,5,0,11,1,11.0,5
4,5,0,12,1,5.0,4
4,5,0,13,1,4.0,7
4,5,0,14,0,7.0,8
4,5,0,15,0,8.0,6
4,5,0,16,0,6.0,2
4,5,0,17,0,2.0,10
4,5,0,18,0,10.0,1
4,5,0,19,0,1.0,8
4,5,0,20,0,8.0,10
4,5,0,21,0,10.0,15
4,5,0,22,0,15.0,12
4,5,0,23,0,12.0,5
4,5,0,24,0,5.0,10
4,5,0,25,0,10.0,3
4,5,0,26,0,3.0,12
4,5,0,27,0,12.0,5
4,5,0,28,0,5.0,15
4,5,0,29,1,15.0,6
4,5,0,30,1,6.0,11
4,5,0,31,0,11.0,12
4,5,0,32,0,12.0,13
4,5,0,33,0,13.0,19
4,5,0,34,0,19.0,10
4,5,0,35,0,10.0,4
4,5,0,36,0,4.0,19
4,5,0,37,0,19.0,14
4,5,0,38,0,14.0,20
4,5,0,39,0,20.0,9
4,5,0,40,0,9.0,3
4,5,0,41,0,3.0,14
4,5,0,42,0,14.0,4
4,5,0,43,0,4.0,16
4,5,0,44,0,16.0,10
4,5,0,45,0,10.0,22
4,5,0,46,0,22.0,11
4,5,0,47,0,11.0,7
4,5,0,48,0,7.0,12
4,5,0,49,0,12.0,11
4,5,0,50,1,11.0,23
4,5,0,51,1,23.0,40
4,5,0,52,1,40.0,57
4,5,0,1,1,57.0,7
4,5,0,2,0,7.0,12
4,5,0,3,0,12.0,11
4,5,0,4,0,11.0,14
4,5,0,5,0,14.0,17
4,5,0,6,1,17.0,11
4,5,0,7,1,11.0,25
4,5,0,8,1,25.0,9
4,5,0,9,1,9.0,8
4,5,0,10,1,8.0,13
4,5,0,11,1,13.0,11
4,5,0,12,1,11.0,8
4,5,0,13,1,8.0,25
4,5,0,14,0,25.0,10
4,5,0,15,0,10.0,17
4,5,0,16,0,17.0,14
4,5,0,17,0,14.0,9
4,5,0,18,0,9.0,15
4,5,0,19,0,15.0,13
4,5,0,20,0,13.0,13
4,5,0,21,0,13.0,7
4,5,0,22,0,7.0,7
4,5,0,23,0,7.0,9
4,5,0,24,0,9.0,12
4,5,0,25,0,12.0,5
4,5,0,26,0,5.0,9
4,5,0,27,0,9.0,16
4,5,0,28,0,16.0,7
4,5,0,29,1,7.0,12
4,5,0,30,1,12.0,8
4,5,0,31,0,8.0,8
4,5,0,32,0,8.0,8
4,5,0,33,0,8.0,13
4,5,0,34,0,13.0,20
4,5,0,35,0,20.0,17
4,5,0,36,0,17.0,6
4,5,0,37,0,6.0,18
4,5,0,38,0,18.0,17
4,5,0,39,0,17.0,6
4,5,0,40,0,6.0,13
4,5,0,41,0,13.0,8
4,5,0,42,0,8.0,10
4,5,0,43,0,10.0,13
4,5,0,44,0,13.0,8
4,5,0,45,0,8.0,8
4,5,0,46,0,8.0,8
4,5,0,47,0,8.0,11
4,5,0,48,0,11.0,7
4,5,0,49,0,7.0,5
4,5,0,50,1,5.0,14
4,5,0,51,1,14.0,31
4,5,0,52,1,31.0,91
4,5,0,1,1,91.0,41
4,5,0,2,0,41.0,8
4,5,0,3,0,8.0,4
4,5,0,4,0,4.0,11
4,5,0,5,0,11.0,10
4,5,0,6,0,10.0,15
4,5,0,7,1,15.0,10
4,5,0,8,1,10.0,15
4,5,0,9,1,15.0,16
4,5,0,10,1,16.0,5
4,5,0,11,1,5.0,8
4,5,0,12,1,8.0,7
4,5,0,13,1,7.0,21
4,5,0,14,0,21.0,5
4,5,0,15,0,5.0,6
4,5,0,16,0,6.0,6
4,5,0,17,0,6.0,18
4,5,0,18,0,18.0,7
4,5,0,19,0,7.0,12
4,5,0,21,0,12.0,12
4,5,0,22,0,12.0,3
4,5,0,23,0,3.0,14
4,5,0,24,0,14.0,2
4,5,0,25,0,2.0,10
4,5,0,26,0,10.0,16
4,5,0,27,0,16.0,6
4,5,0,28,0,6.0,23
4,5,0,29,0,23.0,13
4,5,0,30,1,13.0,22
4,5,0,31,1,22.0,15
4,5,0,32,0,15.0,13
4,5,0,33,0,13.0,15
4,5,0,34,0,15.0,19
4,5,0,35,0,19.0,8
4,5,0,36,0,8.0,14
4,5,0,37,0,14.0,17
4,5,0,38,0,17.0,13
4,5,0,39,0,13.0,5
4,5,0,40,0,5.0,15
4,5,0,41,0,15.0,20
4,5,0,42,0,20.0,13
4,5,0,43,0,13.0,19
4,5,0,44,0,19.0,9
4,5,0,45,0,9.0,8
4,5,0,46,0,8.0,12
4,5,0,47,0,12.0,11
4,5,0,48,0,11.0,21
4,5,0,49,0,21.0,20
4,5,0,50,0,20.0,10
4,5,0,51,1,10.0,61
4,5,0,52,1,61.0,27
4,5,0,1,1,27.0,38
4,5,0,2,0,38.0,12
4,5,0,3,0,12.0,9
4,5,0,4,0,9.0,16
4,5,0,5,0,16.0,15
4,5,0,6,0,15.0,4
4,5,0,7,1,4.0,12
4,5,0,8,1,12.0,8
4,5,0,9,1,8.0,11
4,5,0,10,1,11.0,2
4,5,0,11,1,2.0,6
4,5,0,12,1,6.0,15
4,5,0,13,1,15.0,14
4,5,0,14,0,14.0,6
4,5,0,15,0,6.0,18
4,5,0,16,0,18.0,11
4,5,0,17,0,11.0,16
4,5,0,18,0,16.0,6
4,5,0,19,0,6.0,10
4,5,0,20,0,10.0,14
4,5,0,21,0,14.0,11
4,5,0,22,0,11.0,2
4,5,0,23,0,2.0,2
4,5,0,24,0,2.0,2
4,5,0,25,0,2.0,13
4,5,0,26,0,13.0,12
4,5,0,27,0,12.0,10
4,5,0,28,0,10.0,16
4,5,0,29,0,16.0,7
4,5,0,30,1,7.0,1
4,5,0,31,1,1.0,9
4,5,0,32,0,9.0,17
4,5,0,33,0,17.0,14
4,5,0,34,0,14.0,11
4,5,0,35,0,11.0,9
4,5,0,36,0,9.0,6
4,5,0,37,0,6.0,13
4,5,0,38,0,13.0,9
4,5,0,39,0,9.0,9
4,5,0,40,0,9.0,11
4,5,0,41,0,11.0,21
4,5,0,42,0,21.0,13
4,5,0,43,0,13.0,7
4,5,0,44,0,7.0,6
4,5,0,45,0,6.0,12
4,5,0,46,0,12.0,18
4,5,0,47,0,18.0,4
4,5,0,48,0,4.0,13
4,5,0,49,0,13.0,12
4,5,0,50,0,12.0,2
4,5,0,51,1,2.0,74
4,5,0,52,1,74.0,41
4,5,0,1,1,41.0,23
4,5,1,1,1,0.0,42
4,5,1,2,0,42.0,4
4,5,1,3,0,4.0,7
4,5,1,4,0,7.0,12
4,5,1,5,0,12.0,7
4,5,1,6,1,7.0,15
4,5,1,7,1,15.0,10
4,5,1,8,1,10.0,8
4,5,1,9,1,8.0,4
4,5,1,10,1,4.0,6
4,5,1,11,1,6.0,8
4,5,1,12,1,8.0,8
4,5,1,13,1,8.0,8
4,5,1,14,0,8.0,9
4,5,1,15,0,9.0,7
4,5,1,16,0,7.0,11
4,5,1,17,0,11.0,1
4,5,1,18,0,1.0,14
4,5,1,19,0,14.0,3
4,5,1,20,0,3.0,19
4,5,1,21,0,19.0,8
4,5,1,22,0,8.0,16
4,5,1,23,0,16.0,16
4,5,1,24,0,16.0,8
4,5,1,25,0,8.0,8
4,5,1,26,0,8.0,10
4,5,1,27,0,10.0,8
4,5,1,28,0,8.0,16
4,5,1,29,1,16.0,10
4,5,1,30,1,10.0,5
4,5,1,31,1,5.0,20
4,5,1,32,0,20.0,22
4,5,1,33,0,22.0,14
4,5,1,34,0,14.0,5
4,5,1,35,0,5.0,5
4,5,1,36,0,5.0,3
4,5,1,37,0,3.0,5
4,5,1,38,0,5.0,10
4,5,1,39,0,10.0,12
4,5,1,40,0,12.0,12
4,5,1,41,0,12.0,8
4,5,1,42,0,8.0,14
4,5,1,43,0,14.0,15
4,5,1,44,0,15.0,10
4,5,1,45,0,10.0,8
4,5,1,46,0,8.0,20
4,5,1,47,0,20.0,18
4,5,1,48,0,18.0,7
4,5,1,49,0,7.0,12
4,5,1,50,1,12.0,52
4,5,1,51,1,52.0,39
4,5,1,52,1,39.0,70
4,5,1,1,1,70.0,43
4,5,1,2,0,43.0,13
4,5,1,3,0,13.0,19
4,5,1,4,0,19.0,11
4,5,1,5,0,11.0,6
4,5,1,6,1,6.0,14
4,5,1,7,1,14.0,19
4,5,1,8,1,19.0,18
4,5,1,9,1,18.0,4
4,5,1,10,1,4.0,5
4,5,1,11,1,5.0,2
4,5,1,12,1,2.0,18
4,5,1,13,1,18.0,16
4,5,1,14,0,16.0,26
4,5,1,15,0,26.0,4
4,5,1,16,0,4.0,8
4,5,1,17,0,8.0,17
4,5,1,18,0,17.0,12
4,5,1,19,0,12.0,3
4,5,1,20,0,3.0,3
4,5,1,21,0,3.0,9
4,5,1,22,0,9.0,4
4,5,1,23,0,4.0,15
4,5,1,24,0,15.0,12
4,5,1,25,0,12.0,9
4,5,1,26,0,9.0,7
4,5,1,27,0,7.0,11
4,5,1,28,0,11.0,9
4,5,1,29,0,9.0,1
4,5,1,30,1,1.0,11
4,5,1,31,1,11.0,18
4,5,1,32,0,18.0,13
4,5,1,33,0,13.0,1
4,5,1,34,0,1.0,7
4,5,1,35,0,7.0,6
4,5,1,36,0,6.0,14
4,5,1,37,0,14.0,12
4,5,1,38,0,12.0,7
4,5,1,39,0,7.0,17
4,5,1,40,0,17.0,12
4,5,1,41,0,12.0,10
4,5,1,42,0,10.0,8
4,5,1,43,0,8.0,10
4,5,1,44,0,10.0,10
4,5,1,45,0,10.0,12
4,5,1,46,0,12.0,6
4,5,1,47,0,6.0,8
4,5,1,49,0,8.0,19
4,5,1,50,1,19.0,29
4,5,1,51,1,29.0,119
4,5,1,52,1,119.0,93
4,5,1,1,1,93.0,63
4,5,1,2,0,63.0,7
4,5,1,3,0,7.0,5
4,5,1,4,0,5.0,10
4,5,1,5,0,10.0,17
4,5,1,6,0,17.0,14
4,5,1,7,1,14.0,7
4,5,1,8,1,7.0,5
4,5,1,9,0,5.0,10
4,5,1,10,1,10.0,6
4,5,1,11,1,6.0,9
4,5,1,12,1,9.0,2
4,5,1,13,1,2.0,2
4,5,1,14,0,2.0,4
4,5,1,15,0,4.0,13
4,5,1,16,0,13.0,9
4,5,1,17,0,9.0,3
4,5,1,18,0,3.0,13
4,5,1,19,0,13.0,14
4,5,1,20,0,14.0,6
4,5,1,21,0,6.0,27
4,5,1,22,0,27.0,5
4,5,1,23,0,5.0,6
4,5,1,24,0,6.0,14
4,5,1,25,0,14.0,3
4,5,1,26,0,3.0,26
4,5,1,27,0,26.0,10
4,5,1,28,0,10.0,11
4,5,1,29,0,11.0,18
4,5,1,30,1,18.0,13
4,5,1,31,1,13.0,5
4,5,1,32,0,5.0,10
4,5,1,33,0,10.0,20
4,5,1,34,0,20.0,11
4,5,1,35,0,11.0,12
4,5,1,36,0,12.0,17
4,5,1,37,0,17.0,9
4,5,1,38,0,9.0,11
4,5,1,39,0,11.0,9
4,5,1,40,0,9.0,15
4,5,1,41,0,15.0,10
4,5,1,42,0,10.0,12
4,5,1,43,0,12.0,10
4,5,1,44,0,10.0,18
4,5,1,45,0,18.0,7
4,5,1,46,0,7.0,12
4,5,1,47,0,12.0,11
4,5,1,48,0,11.0,14
4,5,1,49,0,14.0,3
4,5,1,50,0,3.0,15
4,5,1,51,1,15.0,49
4,5,1,52,1,49.0,65
4,5,1,53,1,65.0,76
4,5,1,1,1,76.0,23
4,5,1,2,0,23.0,19
4,5,1,3,0,19.0,17
4,5,1,4,0,17.0,13
4,5,1,5,0,13.0,13
4,5,1,6,1,13.0,9
4,5,1,7,1,9.0,8
4,5,1,8,0,8.0,15
4,5,1,9,1,15.0,14
4,5,1,10,1,14.0,5
4,5,1,11,1,5.0,8
4,5,1,12,1,8.0,17
4,5,1,13,1,17.0,5
4,5,1,14,0,5.0,6
4,5,1,15,0,6.0,16
4,5,1,16,0,16.0,4
4,5,1,17,0,4.0,4
4,5,1,18,0,4.0,6
4,5,1,19,0,6.0,8
4,5,1,20,0,8.0,10
4,5,1,21,0,10.0,8
4,5,1,22,0,8.0,11
4,5,1,23,0,11.0,12
4,5,1,24,0,12.0,19
4,5,1,25,0,19.0,8
4,5,1,26,0,8.0,6
4,5,1,27,0,6.0,6
4,5,1,28,0,6.0,15
4,5,1,29,1,15.0,12
4,5,1,30,1,12.0,14
4,5,1,31,0,14.0,10
4,5,1,32,0,10.0,4
4,5,1,33,0,4.0,2
4,5,1,34,0,2.0,14
4,5,1,35,0,14.0,7
4,5,1,36,0,7.0,19
4,5,1,37,0,19.0,16
4,5,1,38,0,16.0,12
4,5,1,39,0,12.0,5
4,5,1,40,0,5.0,16
4,5,1,41,0,16.0,2
4,5,1,42,0,2.0,16
4,5,1,43,0,16.0,17
4,5,1,44,0,17.0,7
4,5,1,45,0,7.0,14
4,5,1,46,0,14.0,12
4,5,1,47,0,12.0,7
4,5,1,48,0,7.0,11
4,5,1,49,0,11.0,8
4,5,1,50,1,8.0,28
4,5,1,51,1,28.0,42
4,5,1,52,1,42.0,80
4,5,1,1,1,80.0,74
4,5,1,2,0,74.0,11
4,5,1,3,0,11.0,19
4,5,1,4,0,19.0,3
4,5,1,5,0,3.0,15
4,5,1,6,1,15.0,12
4,5,1,7,1,12.0,5
4,5,1,8,0,5.0,13
4,5,1,9,1,13.0,9
4,5,1,10,1,9.0,13
4,5,1,11,1,13.0,16
4,5,1,12,1,16.0,15
4,5,1,13,1,15.0,11
4,5,1,14,0,11.0,13
4,5,1,15,0,13.0,4
4,5,1,16,0,4.0,11
4,5,1,17,0,11.0,12
4,5,1,18,0,12.0,11
4,5,1,19,0,11.0,22
4,5,1,20,0,22.0,16
4,5,1,21,0,16.0,15
4,5,1,22,0,15.0,14
4,5,1,23,0,14.0,11
4,5,1,24,0,11.0,6
4,5,1,25,0,6.0,14
4,5,1,26,0,14.0,19
4,5,1,27,0,19.0,8
4,5,1,28,0,8.0,8
4,5,1,29,1,8.0,8
4,5,1,30,1,8.0,7
4,5,1,31,0,7.0,26
4,5,1,32,0,26.0,13
4,5,1,33,0,13.0,17
4,5,1,34,0,17.0,14
4,5,1,35,0,14.0,10
4,5,1,36,0,10.0,8
4,5,1,37,0,8.0,7
4,5,1,38,0,7.0,13
4,5,1,39,0,13.0,10
4,5,1,40,0,10.0,11
4,5,1,41,0,11.0,11
4,5,1,42,0,11.0,15
4,5,1,43,0,15.0,10
4,5,1,44,0,10.0,10
4,5,1,45,0,10.0,18
4,5,1,46,0,18.0,16
4,5,1,48,0,16.0,5
4,5,1,49,0,5.0,9
4,5,1,50,1,9.0,27
4,5,1,51,1,27.0,12
4,5,1,52,1,12.0,41
4,5,1,1,1,41.0,15
4,5,1,2,0,15.0,12
4,5,1,3,0,12.0,3
4,5,1,4,0,3.0,5
4,5,1,5,0,5.0,10
4,5,1,6,1,10.0,19
4,5,1,7,1,19.0,5
4,5,1,9,1,5.0,7
4,5,1,10,1,7.0,18
4,5,1,11,1,18.0,15
4,5,1,12,1,15.0,5
4,5,1,13,1,5.0,16
4,5,1,14,0,16.0,2
4,5,1,15,0,2.0,14
4,5,1,16,0,14.0,9
4,5,1,17,0,9.0,7
4,5,1,18,0,7.0,20
4,5,1,19,0,20.0,10
4,5,1,20,0,10.0,12
4,5,1,21,0,12.0,20
4,5,1,22,0,20.0,5
4,5,1,23,0,5.0,18
4,5,1,24,0,18.0,12
4,5,1,25,0,12.0,8
4,5,1,26,0,8.0,16
4,5,1,27,0,16.0,12
4,5,1,28,0,12.0,6
4,5,1,29,0,6.0,16
4,5,1,30,1,16.0,7
4,5,1,31,0,7.0,5
4,5,1,32,0,5.0,14
4,5,1,33,0,14.0,14
4,5,1,34,0,14.0,8
4,5,1,35,0,8.0,22
4,5,1,36,0,22.0,6
4,5,1,37,0,6.0,8
4,5,1,38,0,8.0,15
4,5,1,39,0,15.0,13
4,5,1,40,0,13.0,10
4,5,1,41,0,10.0,15
4,5,1,42,0,15.0,13
4,5,1,43,0,13.0,8
4,5,1,44,0,8.0,13
4,5,1,45,0,13.0,14
4,5,1,46,0,14.0,9
4,5,1,47,0,9.0,12
4,5,1,48,0,12.0,13
4,5,1,49,0,13.0,10
4,5,1,50,1,10.0,37
4,5,1,51,1,37.0,82
4,5,1,52,1,82.0,59
4,5,1,1,1,59.0,60
4,5,1,2,0,60.0,6
4,5,1,3,0,6.0,4
4,5,1,4,0,4.0,4
4,5,1,5,0,4.0,4
4,5,1,6,1,4.0,13
4,5,1,7,1,13.0,13
4,5,1,8,0,13.0,17
4,5,1,9,1,17.0,10
4,5,1,10,1,10.0,4
4,5,1,11,1,4.0,5
4,5,1,12,1,5.0,10
4,5,1,13,1,10.0,7
4,5,1,14,0,7.0,11
4,5,1,15,0,11.0,13
4,5,1,16,0,13.0,8
4,5,1,17,0,8.0,7
4,5,1,18,0,7.0,9
4,5,1,19,0,9.0,15
4,5,1,20,0,15.0,14
4,5,1,21,0,14.0,25
4,5,1,22,0,25.0,9
4,5,1,23,0,9.0,24
4,5,1,24,0,24.0,11
4,5,1,25,0,11.0,15
4,5,1,26,0,15.0,9
4,5,1,27,0,9.0,5
4,5,1,28,0,5.0,8
4,5,1,29,0,8.0,12
4,5,1,30,1,12.0,22
4,5,1,31,1,22.0,20
4,5,1,32,0,20.0,18
4,5,1,33,0,18.0,7
4,5,1,34,0,7.0,13
4,5,1,35,0,13.0,17
4,5,1,36,0,17.0,11
4,5,1,37,0,11.0,6
4,5,1,38,0,6.0,17
4,5,1,39,0,17.0,4
4,5,1,40,0,4.0,13
4,5,1,41,0,13.0,11
4,5,1,42,0,11.0,15
4,5,1,43,0,15.0,19
4,5,1,44,0,19.0,8
4,5,1,45,0,8.0,9
4,5,1,46,0,9.0,11
4,5,1,47,0,11.0,2
4,5,1,48,0,2.0,15
4,5,1,49,0,15.0,11
4,5,1,50,1,11.0,28
4,5,1,51,1,28.0,27
4,5,1,52,1,27.0,69
4,5,1,1,1,69.0,63
4,5,1,2,0,63.0,9
4,5,1,3,0,9.0,7
4,5,1,4,0,7.0,10
4,5,1,5,0,10.0,15
4,5,1,6,0,15.0,22
4,5,1,7,1,22.0,12
4,5,1,8,0,12.0,7
4,5,1,9,1,7.0,17
4,5,1,10,1,17.0,6
4,5,1,11,1,6.0,4
4,5,1,12,1,4.0,3
4,5,1,13,1,3.0,4
4,5,1,14,0,4.0,5
4,5,1,15,0,5.0,18
4,5,1,16,0,18.0,5
4,5,1,17,0,5.0,4
4,5,1,18,0,4.0,2
4,5,1,19,0,2.0,10
4,5,1,20,0,10.0,3
4,5,1,21,0,3.0,19
4,5,1,22,0,19.0,4
4,5,1,23,0,4.0,2
4,5,1,24,0,2.0,17
4,5,1,25,0,17.0,1
4,5,1,26,0,1.0,21
4,5,1,27,0,21.0,7
4,5,1,28,0,7.0,3
4,5,1,29,0,3.0,12
4,5,1,30,1,12.0,2
4,5,1,31,1,2.0,12
4,5,1,32,0,12.0,3
4,5,1,33,0,3.0,8
4,5,1,34,0,8.0,7
4,5,1,35,0,7.0,8
4,5,1,36,0,8.0,7
4,5,1,37,0,7.0,10
4,5,1,38,0,10.0,16
4,5,1,39,0,16.0,9
4,5,1,40,0,9.0,7
4,5,1,41,0,7.0,3
4,5,1,42,0,3.0,22
4,5,1,43,0,22.0,17
4,5,1,44,0,17.0,4
4,5,1,45,0,4.0,5
4,5,1,46,0,5.0,6
4,5,1,47,0,6.0,15
4,5,1,48,0,15.0,7
4,5,1,49,0,7.0,10
4,5,1,50,0,10.0,11
4,5,1,51,1,11.0,8
4,5,1,52,1,8.0,22
4,5,1,1,1,22.0,28
4,5,2,1,1,0.0,44
4,5,2,2,0,44.0,16
4,5,2,3,0,16.0,19
4,5,2,4,0,19.0,12
4,5,2,5,0,12.0,11
4,5,2,6,0,11.0,11
4,5,2,7,1,11.0,11
4,5,2,8,1,11.0,9
4,5,2,9,1,9.0,15
4,5,2,10,1,15.0,10
4,5,2,11,1,10.0,7
4,5,2,12,1,7.0,8
4,5,2,13,1,8.0,4
4,5,2,14,0,4.0,36
4,5,2,15,0,36.0,15
4,5,2,16,0,15.0,14
4,5,2,17,0,14.0,4
4,5,2,18,0,4.0,4
4,5,2,19,0,4.0,9
4,5,2,20,0,9.0,1
4,5,2,21,0,1.0,11
4,5,2,22,0,11.0,12
4,5,2,23,0,12.0,22
4,5,2,24,0,22.0,6
4,5,2,25,0,6.0,7
4,5,2,26,0,7.0,1
4,5,2,27,0,1.0,7
4,5,2,28,0,7.0,14
4,5,2,29,1,14.0,14
4,5,2,30,1,14.0,11
4,5,2,31,1,11.0,15
4,5,2,32,0,15.0,5
4,5,2,33,0,5.0,23
4,5,2,34,0,23.0,12
4,5,2,35,0,12.0,16
4,5,2,36,0,16.0,3
4,5,2,37,0,3.0,1
4,5,2,38,0,1.0,14
4,5,2,39,0,14.0,10
4,5,2,40,0,10.0,8
4,5,2,41,0,8.0,6
4,5,2,42,0,6.0,11
4,5,2,43,0,11.0,9
4,5,2,44,0,9.0,6
4,5,2,45,0,6.0,3
4,5,2,46,0,3.0,6
4,5,2,47,0,6.0,13
4,5,2,48,0,13.0,13
4,5,2,49,0,13.0,16
4,5,2,50,1,16.0,18
4,5,2,51,1,18.0,38
4,5,2,52,1,38.0,28
4,5,2,1,1,28.0,75
4,5,2,2,0,75.0,10
4,5,2,3,0,10.0,6
4,5,2,4,0,6.0,4
4,5,2,5,0,4.0,26
4,5,2,6,1,26.0,17
4,5,2,7,1,17.0,6
4,5,2,8,1,6.0,14
4,5,2,9,1,14.0,13
4,5,2,10,1,13.0,14
4,5,2,11,1,14.0,10
4,5,2,12,1,10.0,11
4,5,2,13,1,11.0,5
4,5,2,14,0,5.0,17
4,5,2,15,0,17.0,10
4,5,2,16,0,10.0,8
4,5,2,17,0,8.0,13
4,5,2,18,0,13.0,13
4,5,2,19,0,13.0,12
4,5,2,20,0,12.0,11
4,5,2,21,0,11.0,20
4,5,2,22,0,20.0,10
4,5,2,23,0,10.0,11
4,5,2,24,0,11.0,19
4,5,2,25,0,19.0,15
4,5,2,26,0,15.0,10
4,5,2,27,0,10.0,8
4,5,2,28,0,8.0,5
4,5,2,29,0,5.0,12
4,5,2,30,1,12.0,19
4,5,2,31,1,19.0,13
4,5,2,32,0,13.0,8
4,5,2,33,0,8.0,12
4,5,2,34,0,12.0,6
4,5,2,35,0,6.0,10
4,5,2,36,0,10.0,15
4,5,2,37,0,15.0,3
4,5,2,38,0,3.0,6
4,5,2,39,0,6.0,5
4,5,2,40,0,5.0,18
4,5,2,41,0,18.0,13
4,5,2,42,0,13.0,12
4,5,2,43,0,12.0,6
4,5,2,44,0,6.0,13
4,5,2,45,0,13.0,6
4,5,2,46,0,6.0,16
4,5,2,47,0,16.0,9
4,5,2,48,0,9.0,5
4,5,2,49,0,5.0,17
4,5,2,50,1,17.0,48
4,5,2,51,1,48.0,60
4,5,2,52,1,60.0,64
4,5,2,1,1,64.0,75
4,5,2,2,0,75.0,14
4,5,2,3,0,14.0,6
4,5,2,4,0,6.0,14
4,5,2,5,0,14.0,8
4,5,2,6,0,8.0,9
4,5,2,7,1,9.0,13
4,5,2,8,1,13.0,12
4,5,2,9,0,12.0,10
4,5,2,10,1,10.0,4
4,5,2,11,1,4.0,4
4,5,2,12,1,4.0,4
4,5,2,13,1,4.0,17
4,5,2,14,1,17.0,17
4,5,2,15,0,17.0,14
4,5,2,16,0,14.0,13
4,5,2,17,0,13.0,7
4,5,2,18,0,7.0,6
4,5,2,19,0,6.0,16
4,5,2,20,0,16.0,14
4,5,2,21,0,14.0,9
4,5,2,22,0,9.0,17
4,5,2,23,0,17.0,12
4,5,2,24,0,12.0,15
4,5,2,25,0,15.0,12
4,5,2,26,0,12.0,1
4,5,2,27,0,1.0,10
4,5,2,28,0,10.0,12
4,5,2,29,0,12.0,18
4,5,2,30,1,18.0,18
4,5,2,31,1,18.0,4
4,5,2,32,0,4.0,11
4,5,2,33,0,11.0,6
4,5,2,34,0,6.0,18
4,5,2,35,0,18.0,15
4,5,2,36,0,15.0,20
4,5,2,37,0,20.0,8
4,5,2,38,0,8.0,7
4,5,2,39,0,7.0,6
4,5,2,40,0,6.0,18
4,5,2,41,0,18.0,14
4,5,2,42,0,14.0,4
4,5,2,43,0,4.0,12
4,5,2,44,0,12.0,13
4,5,2,45,0,13.0,19
4,5,2,46,0,19.0,10
4,5,2,47,0,10.0,12
4,5,2,48,0,12.0,12
4,5,2,49,0,12.0,15
4,5,2,50,0,15.0,4
4,5,2,51,1,4.0,76
4,5,2,52,1,76.0,82
4,5,2,53,1,82.0,12
4,5,2,1,1,12.0,16
4,5,2,2,0,16.0,11
4,5,2,3,0,11.0,25
4,5,2,4,0,25.0,7
4,5,2,5,0,7.0,11
4,5,2,6,1,11.0,13
4,5,2,7,1,13.0,12
4,5,2,8,0,12.0,20
4,5,2,9,1,20.0,5
4,5,2,10,1,5.0,8
4,5,2,11,1,8.0,11
4,5,2,12,1,11.0,14
4,5,2,13,1,14.0,11
4,5,2,14,0,11.0,16
4,5,2,15,0,16.0,9
4,5,2,16,0,9.0,11
4,5,2,17,0,11.0,6
4,5,2,18,0,6.0,8
4,5,2,19,0,8.0,9
4,5,2,20,0,9.0,9
4,5,2,21,0,9.0,16
4,5,2,22,0,16.0,14
4,5,2,23,0,14.0,8
4,5,2,24,0,8.0,8
4,5,2,25,0,8.0,16
4,5,2,26,0,16.0,3
4,5,2,27,0,3.0,18
4,5,2,28,0,18.0,12
4,5,2,29,1,12.0,13
4,5,2,30,1,13.0,11
4,5,2,31,0,11.0,12
4,5,2,32,0,12.0,18
4,5,2,33,0,18.0,4
4,5,2,34,0,4.0,12
4,5,2,35,0,12.0,15
4,5,2,36,0,15.0,8
4,5,2,37,0,8.0,11
4,5,2,38,0,11.0,8
4,5,2,39,0,8.0,14
4,5,2,40,0,14.0,7
4,5,2,41,0,7.0,12
4,5,2,42,0,12.0,18
4,5,2,43,0,18.0,6
4,5,2,44,0,6.0,12
4,5,2,45,0,12.0,10
4,5,2,46,0,10.0,3
4,5,2,47,0,3.0,6
4,5,2,48,0,6.0,6
4,5,2,49,0,6.0,17
4,5,2,50,1,17.0,23
4,5,2,51,1,23.0,47
4,5,2,52,1,47.0,42
4,5,2,1,1,42.0,57
4,5,2,2,0,57.0,10
4,5,2,3,0,10.0,9
4,5,2,4,0,9.0,6
4,5,2,5,0,6.0,7
4,5,2,6,1,7.0,6
4,5,2,7,1,6.0,14
4,5,2,8,0,14.0,14
4,5,2,9,1,14.0,22
4,5,2,10,1,22.0,11
4,5,2,11,1,11.0,17
4,5,2,12,1,17.0,8
4,5,2,13,1,8.0,11
4,5,2,14,0,11.0,9
4,5,2,15,0,9.0,10
4,5,2,16,0,10.0,12
4,5,2,17,0,12.0,6
4,5,2,18,0,6.0,8
4,5,2,19,0,8.0,14
4,5,2,20,0,14.0,14
4,5,2,21,0,14.0,6
4,5,2,22,0,6.0,17
4,5,2,23,0,17.0,6
4,5,2,24,0,6.0,4
4,5,2,25,0,4.0,7
4,5,2,26,0,7.0,12
4,5,2,27,0,12.0,6
4,5,2,28,0,6.0,14
4,5,2,29,1,14.0,13
4,5,2,30,1,13.0,1
4,5,2,31,0,1.0,8
4,5,2,32,0,8.0,3
4,5,2,33,0,3.0,5
4,5,2,34,0,5.0,19
4,5,2,35,0,19.0,10
4,5,2,36,0,10.0,10
4,5,2,37,0,10.0,19
4,5,2,38,0,19.0,11
4,5,2,39,0,11.0,9
4,5,2,40,0,9.0,6
4,5,2,41,0,6.0,8
4,5,2,42,0,8.0,14
4,5,2,43,0,14.0,7
4,5,2,44,0,7.0,11
4,5,2,45,0,11.0,6
4,5,2,46,0,6.0,3
4,5,2,47,0,3.0,24
4,5,2,48,0,24.0,12
4,5,2,49,0,12.0,11
4,5,2,50,1,11.0,77
4,5,2,51,1,77.0,60
4,5,2,52,1,60.0,109
4,5,2,1,1,109.0,50
4,5,2,2,0,50.0,2
4,5,2,3,0,2.0,6
4,5,2,4,0,6.0,13
4,5,2,5,0,13.0,13
4,5,2,6,1,13.0,14
4,5,2,7,1,14.0,13
4,5,2,8,0,13.0,10
4,5,2,9,1,10.0,22
4,5,2,10,1,22.0,19
4,5,2,11,1,19.0,15
4,5,2,12,1,15.0,11
4,5,2,13,1,11.0,20
4,5,2,14,0,20.0,14
4,5,2,15,0,14.0,5
4,5,2,16,0,5.0,3
4,5,2,17,0,3.0,21
4,5,2,18,0,21.0,11
4,5,2,19,0,11.0,12
4,5,2,20,0,12.0,9
4,5,2,21,0,9.0,12
4,5,2,22,0,12.0,10
4,5,2,23,0,10.0,12
4,5,2,24,0,12.0,12
4,5,2,25,0,12.0,4
4,5,2,26,0,4.0,7
4,5,2,27,0,7.0,10
4,5,2,28,0,10.0,11
4,5,2,29,0,11.0,2
4,5,2,30,1,2.0,11
4,5,2,31,1,11.0,12
4,5,2,32,0,12.0,6
4,5,2,33,0,6.0,25
4,5,2,34,0,25.0,9
4,5,2,35,0,9.0,9
4,5,2,36,0,9.0,5
4,5,2,37,0,5.0,18
4,5,2,38,0,18.0,14
4,5,2,39,0,14.0,18
4,5,2,40,0,18.0,8
4,5,2,41,0,8.0,12
4,5,2,42,0,12.0,12
4,5,2,43,0,12.0,20
4,5,2,44,0,20.0,9
4,5,2,45,0,9.0,4
4,5,2,46,0,4.0,8
4,5,2,47,0,8.0,11
4,5,2,48,0,11.0,14
4,5,2,49,0,14.0,8
4,5,2,50,1,8.0,31
4,5,2,51,1,31.0,46
4,5,2,52,1,46.0,39
4,5,2,1,1,39.0,22
4,5,2,2,0,22.0,10
4,5,2,3,0,10.0,7
4,5,2,4,0,7.0,17
4,5,2,5,0,17.0,13
4,5,2,6,1,13.0,12
4,5,2,7,1,12.0,4
4,5,2,8,1,4.0,20
4,5,2,9,1,20.0,8
4,5,2,10,1,8.0,10
4,5,2,11,1,10.0,5
4,5,2,12,1,5.0,7
4,5,2,13,1,7.0,5
4,5,2,14,0,5.0,17
4,5,2,15,0,17.0,12
4,5,2,16,0,12.0,7
4,5,2,17,0,7.0,5
4,5,2,18,0,5.0,16
4,5,2,19,0,16.0,17
4,5,2,20,0,17.0,5
4,5,2,21,0,5.0,7
4,5,2,22,0,7.0,17
4,5,2,23,0,17.0,11
4,5,2,24,0,11.0,13
4,5,2,25,0,13.0,21
4,5,2,26,0,21.0,18
4,5,2,27,0,18.0,22
4,5,2,28,0,22.0,10
4,5,2,29,0,10.0,11
4,5,2,30,1,11.0,10
4,5,2,31,1,10.0,18
4,5,2,32,0,18.0,6
4,5,2,33,0,6.0,13
4,5,2,34,0,13.0,9
4,5,2,35,0,9.0,9
4,5,2,36,0,9.0,6
4,5,2,37,0,6.0,7
4,5,2,38,0,7.0,12
4,5,2,39,0,12.0,8
4,5,2,40,0,8.0,21
4,5,2,41,0,21.0,10
4,5,2,42,0,10.0,17
4,5,2,43,0,17.0,5
4,5,2,44,0,5.0,15
4,5,2,45,0,15.0,15
4,5,2,46,0,15.0,12
4,5,2,47,0,12.0,8
4,5,2,48,0,8.0,7
4,5,2,49,0,7.0,10
4,5,2,50,0,10.0,8
4,5,2,51,1,8.0,27
4,5,2,52,1,27.0,79
4,5,2,1,1,79.0,30
4,5,2,2,0,30.0,9
4,5,2,3,0,9.0,11
4,5,2,4,0,11.0,21
4,5,2,5,0,21.0,8
4,5,2,6,0,8.0,7
4,5,2,7,1,7.0,20
4,5,2,8,1,20.0,8
4,5,2,9,1,8.0,24
4,5,2,10,1,24.0,14
4,5,2,11,1,14.0,5
4,5,2,12,1,5.0,13
4,5,2,13,1,13.0,2
4,5,2,14,0,2.0,6
4,5,2,15,0,6.0,14
4,5,2,16,0,14.0,15
4,5,2,17,0,15.0,8
4,5,2,18,0,8.0,12
4,5,2,19,0,12.0,5
4,5,2,20,0,5.0,4
4,5,2,21,0,4.0,6
4,5,2,22,0,6.0,7
4,5,2,23,0,7.0,5
4,5,2,24,0,5.0,13
4,5,2,25,0,13.0,1
4,5,2,26,0,1.0,3
4,5,2,27,0,3.0,17
4,5,2,28,0,17.0,17
4,5,2,29,0,17.0,9
4,5,2,30,1,9.0,13
4,5,2,31,1,13.0,14
4,5,2,32,0,14.0,19
4,5,2,33,0,19.0,13
4,5,2,34,0,13.0,10
4,5,2,35,0,10.0,18
4,5,2,36,0,18.0,9
4,5,2,37,0,9.0,13
4,5,2,38,0,13.0,23
4,5,2,39,0,23.0,6
4,5,2,40,0,6.0,24
4,5,2,41,0,24.0,11
4,5,2,42,0,11.0,11
4,5,2,43,0,11.0,6
4,5,2,44,0,6.0,13
4,5,2,45,0,13.0,12
4,5,2,46,0,12.0,16
4,5,2,47,0,16.0,11
4,5,2,48,0,11.0,8
4,5,2,49,0,8.0,6
4,5,2,50,0,6.0,3
4,5,2,51,1,3.0,125
4,5,2,52,1,125.0,142
4,5,2,1,1,142.0,24
5,0,0,1,1,0.0,7
5,0,0,2,0,7.0,9
5,0,0,4,0,9.0,6
5,0,0,5,0,6.0,10
5,0,0,6,1,10.0,8
5,0,0,7,1,8.0,8
5,0,0,8,1,8.0,14
5,0,0,9,1,14.0,11
5,0,0,10,1,11.0,16
5,0,0,11,1,16.0,22
5,0,0,12,1,22.0,9
5,0,0,13,1,9.0,9
5,0,0,14,0,9.0,13
5,0,0,15,0,13.0,7
5,0,0,16,0,7.0,8
5,0,0,17,0,8.0,6
5,0,0,18,0,6.0,10
5,0,0,19,0,10.0,8
5,0,0,20,0,8.0,10
5,0,0,21,0,10.0,3
5,0,0,22,0,3.0,18
5,0,0,23,0,18.0,14
5,0,0,24,0,14.0,13
5,0,0,25,0,13.0,18
5,0,0,26,0,18.0,9
5,0,0,27,0,9.0,8
5,0,0,28,0,8.0,6
5,0,0,29,1,6.0,16
5,0,0,30,1,16.0,10
5,0,0,31,1,10.0,5
5,0,0,32,0,5.0,7
5,0,0,33,0,7.0,12
5,0,0,34,0,12.0,7
5,0,0,35,0,7.0,9
5,0,0,36,0,9.0,3
5,0,0,37,0,3.0,10
5,0,0,38,0,10.0,16
5,0,0,39,0,16.0,15
5,0,0,40,0,15.0,8
5,0,0,41,0,8.0,6
5,0,0,42,0,6.0,9
5,0,0,43,0,9.0,13
5,0,0,44,0,13.0,11
5,0,0,45,0,11.0,8
5,0,0,46,0,8.0,17
5,0,0,47,0,17.0,4
5,0,0,48,0,4.0,14
5,0,0,49,0,14.0,12
5,0,0,50,1,12.0,13
5,0,0,51,1,13.0,11
5,0,0,52,1,11.0,20
5,0,0,1,1,20.0,7
5,0,0,2,0,7.0,6
5,0,0,3,0,6.0,17
5,0,0,4,0,17.0,20
5,0,0,5,0,20.0,21
5,0,0,6,0,21.0,12
5,0,0,7,1,12.0,17
5,0,0,8,1,17.0,26
5,0,0,9,1,26.0,3
5,0,0,10,1,3.0,14
5,0,0,11,1,14.0,9
5,0,0,12,1,9.0,11
5,0,0,13,1,11.0,5
5,0,0,14,0,5.0,12
5,0,0,15,0,12.0,8
5,0,0,16,0,8.0,30
5,0,0,17,0,30.0,22
5,0,0,18,0,22.0,12
5,0,0,19,0,12.0,3
5,0,0,20,0,3.0,18
5,0,0,21,0,18.0,15
5,0,0,22,0,15.0,11
5,0,0,23,0,11.0,14
5,0,0,24,0,14.0,7
5,0,0,25,0,7.0,5
5,0,0,26,0,5.0,5
5,0,0,27,0,5.0,13
5,0,0,28,0,13.0,11
5,0,0,29,0,11.0,3
5,0,0,30,1,3.0,23
5,0,0,31,1,23.0,16
5,0,0,32,0,16.0,6
5,0,0,33,0,6.0,8
5,0,0,34,0,8.0,13
5,0,0,35,0,13.0,8
5,0,0,36,0,8.0,9
5,0,0,37,0,9.0,5
5,0,0,38,0,5.0,19
5,0,0,39,0,19.0,9
5,0,0,40,0,9.0,16
5,0,0,41,0,16.0,3
5,0,0,42,0,3.0,13
5,0,0,43,0,13.0,11
5,0,0,44,0,11.0,14
5,0,0,45,0,14.0,6
5,0,0,46,0,6.0,7
5,0,0,47,0,7.0,10
5,0,0,48,0,10.0,5
5,0,0,49,0,5.0,8
5,0,0,50,0,8.0,8
5,0,0,51,1,8.0,4
5,0,0,52,1,4.0,19
5,0,0,1,1,19.0,11
5,0,0,2,0,11.0,8
5,0,0,3,0,8.0,7
5,0,0,4,0,7.0,6
5,0,0,5,0,6.0,16
5,0,0,6,0,16.0,7
5,0,0,7,1,7.0,11
5,0,0,8,1,11.0,17
5,0,0,9,1,17.0,12
5,0,0,10,1,12.0,12
5,0,0,11,1,12.0,21
5,0,0,12,1,21.0,15
5,0,0,13,1,15.0,4
5,0,0,14,1,4.0,6
5,0,0,15,0,6.0,16
5,0,0,16,0,16.0,10
5,0,0,17,0,10.0,19
5,0,0,18,0,19.0,17
5,0,0,19,0,17.0,16
5,0,0,20,0,16.0,11
5,0,0,21,0,11.0,14
5,0,0,22,0,14.0,14
5,0,0,23,0,14.0,17
5,0,0,24,0,17.0,12
5,0,0,25,0,12.0,17
5,0,0,26,0,17.0,15
5,0,0,27,0,15.0,11
5,0,0,28,0,11.0,14
5,0,0,29,0,14.0,15
5,0,0,30,1,15.0,18
5,0,0,31,1,18.0,9
5,0,0,32,0,9.0,14
5,0,0,33,0,14.0,9
5,0,0,34,0,9.0,14
5,0,0,35,0,14.0,10
5,0,0,36,0,10.0,19
5,0,0,37,0,19.0,10
5,0,0,38,0,10.0,23
5,0,0,39,0,23.0,15
5,0,0,40,0,15.0,12
5,0,0,41,0,12.0,7
5,0,0,42,0,7.0,6
5,0,0,43,0,6.0,20
5,0,0,44,0,20.0,8
5,0,0,45,0,8.0,18
5,0,0,46,0,18.0,8
5,0,0,47,0,8.0,6
5,0,0,48,0,6.0,8
5,0,0,49,0,8.0,8
5,0,0,50,0,8.0,10
5,0,0,51,1,10.0,12
5,0,0,52,1,12.0,17
5,0,0,53,1,17.0,7
5,0,0,1,1,7.0,10
5,0,0,2,0,10.0,7
5,0,0,3,0,7.0,12
5,0,0,4,0,12.0,5
5,0,0,5,0,5.0,23
5,0,0,6,1,23.0,11
5,0,0,7,1,11.0,4
5,0,0,8,0,4.0,13
5,0,0,9,1,13.0,16
5,0,0,10,1,16.0,6
5,0,0,11,1,6.0,6
5,0,0,13,1,6.0,15
5,0,0,14,0,15.0,12
5,0,0,15,0,12.0,7
5,0,0,16,0,7.0,16
5,0,0,17,0,16.0,9
5,0,0,18,0,9.0,14
5,0,0,19,0,14.0,11
5,0,0,20,0,11.0,7
5,0,0,21,0,7.0,7
5,0,0,22,0,7.0,12
5,0,0,23,0,12.0,14
5,0,0,24,0,14.0,6
5,0,0,25,0,6.0,18
5,0,0,26,0,18.0,16
5,0,0,27,0,16.0,2
5,0,0,28,0,2.0,21
5,0,0,29,1,21.0,11
5,0,0,30,1,11.0,5
5,0,0,31,0,5.0,19
5,0,0,32,0,19.0,22
5,0,0,33,0,22.0,14
5,0,0,34,0,14.0,21
5,0,0,35,0,21.0,6
5,0,0,36,0,6.0,13
5,0,0,37,0,13.0,19
5,0,0,38,0,19.0,17
5,0,0,39,0,17.0,14
5,0,0,40,0,14.0,12
5,0,0,41,0,12.0,14
5,0,0,42,0,14.0,9
5,0,0,43,0,9.0,17
5,0,0,44,0,17.0,12
5,0,0,45,0,12.0,23
5,0,0,46,0,23.0,8
5,0,0,47,0,8.0,16
5,0,0,48,0,16.0,11
5,0,0,49,0,11.0,5
5,0,0,50,1,5.0,10
5,0,0,51,1,10.0,10
5,0,0,52,1,10.0,5
5,0,0,1,1,5.0,10
5,0,0,2,0,10.0,12
5,0,0,3,0,12.0,7
5,0,0,4,0,7.0,8
5,0,0,5,0,8.0,7
5,0,0,6,1,7.0,8
5,0,0,7,1,8.0,9
5,0,0,8,0,9.0,7
5,0,0,9,1,7.0,10
5,0,0,10,1,10.0,16
5,0,0,11,1,16.0,21
5,0,0,12,1,21.0,11
5,0,0,13,1,11.0,20
5,0,0,14,0,20.0,11
5,0,0,15,0,11.0,13
5,0,0,16,0,13.0,3
5,0,0,17,0,3.0,10
5,0,0,18,0,10.0,8
5,0,0,19,0,8.0,10
5,0,0,20,0,10.0,15
5,0,0,21,0,15.0,10
5,0,0,22,0,10.0,21
5,0,0,23,0,21.0,8
5,0,0,24,0,8.0,3
5,0,0,25,0,3.0,11
5,0,0,26,0,11.0,7
5,0,0,27,0,7.0,15
5,0,0,28,0,15.0,12
5,0,0,29,1,12.0,2
5,0,0,30,1,2.0,6
5,0,0,31,0,6.0,9
5,0,0,32,0,9.0,2
5,0,0,33,0,2.0,9
5,0,0,34,0,9.0,9
5,0,0,35,0,9.0,5
5,0,0,36,0,5.0,6
5,0,0,37,0,6.0,7
5,0,0,38,0,7.0,12
5,0,0,39,0,12.0,10
5,0,0,40,0,10.0,7
5,0,0,41,0,7.0,10
5,0,0,42,0,10.0,15
5,0,0,43,0,15.0,17
5,0,0,44,0,17.0,8
5,0,0,45,0,8.0,14
5,0,0,46,0,14.0,15
5,0,0,47,0,15.0,9
5,0,0,48,0,9.0,10
5,0,0,49,0,10.0,17
5,0,0,50,0,17.0,9
5,0,0,51,1,9.0,6
5,0,0,52,1,6.0,5
5,0,0,1,1,5.0,5
5,0,0,2,0,5.0,14
5,0,0,3,0,14.0,15
5,0,0,4,0,15.0,15
5,0,0,5,0,15.0,19
5,0,0,6,1,19.0,6
5,0,0,7,1,6.0,7
5,0,0,8,1,7.0,14
5,0,0,9,1,14.0,6
5,0,0,10,1,6.0,9
5,0,0,11,1,9.0,9
5,0,0,12,1,9.0,11
5,0,0,13,1,11.0,16
5,0,0,14,0,16.0,7
5,0,0,15,0,7.0,13
5,0,0,16,0,13.0,8
5,0,0,17,0,8.0,8
5,0,0,18,0,8.0,23
5,0,0,19,0,23.0,9
5,0,0,20,0,9.0,3
5,0,0,21,0,3.0,16
5,0,0,22,0,16.0,8
5,0,0,23,0,8.0,7
5,0,0,24,0,7.0,4
5,0,0,25,0,4.0,12
5,0,0,26,0,12.0,18
5,0,0,27,0,18.0,19
5,0,0,28,0,19.0,4
5,0,0,29,1,4.0,12
5,0,0,30,1,12.0,15
5,0,0,31,1,15.0,4
5,0,0,32,0,4.0,7
5,0,0,33,0,7.0,13
5,0,0,34,0,13.0,8
5,0,0,35,0,8.0,10
5,0,0,36,0,10.0,15
5,0,0,37,0,15.0,10
5,0,0,38,0,10.0,8
5,0,0,39,0,8.0,4
5,0,0,40,0,4.0,17
5,0,0,41,0,17.0,6
5,0,0,42,0,6.0,14
5,0,0,43,0,14.0,14
5,0,0,44,0,14.0,29
5,0,0,45,0,29.0,22
5,0,0,46,0,22.0,13
5,0,0,47,0,13.0,12
5,0,0,48,0,12.0,10
5,0,0,50,1,10.0,14
5,0,0,51,1,14.0,7
5,0,0,52,1,7.0,9
5,0,0,1,1,9.0,7
5,0,0,2,0,7.0,7
5,0,0,3,0,7.0,8
5,0,0,4,0,8.0,15
5,0,0,5,0,15.0,10
5,0,0,6,1,10.0,12
5,0,0,7,1,12.0,6
5,0,0,8,1,6.0,11
5,0,0,9,1,11.0,12
5,0,0,10,1,12.0,9
5,0,0,11,1,9.0,12
5,0,0,12,1,12.0,20
5,0,0,13,1,20.0,12
5,0,0,14,0,12.0,6
5,0,0,15,0,6.0,5
5,0,0,16,0,5.0,9
5,0,0,17,0,9.0,19
5,0,0,18,0,19.0,4
5,0,0,19,0,4.0,5
5,0,0,20,0,5.0,19
5,0,0,21,0,19.0,17
5,0,0,22,0,17.0,6
5,0,0,23,0,6.0,14
5,0,0,24,0,14.0,15
5,0,0,25,0,15.0,6
5,0,0,26,0,6.0,11
5,0,0,27,0,11.0,10
5,0,0,28,0,10.0,15
5,0,0,29,0,15.0,5
5,0,0,30,1,5.0,7
5,0,0,31,1,7.0,11
5,0,0,32,0,11.0,12
5,0,0,33,0,12.0,11
5,0,0,34,0,11.0,4
5,0,0,35,0,4.0,14
5,0,0,36,0,14.0,8
5,0,0,37,0,8.0,16
5,0,0,38,0,16.0,6
5,0,0,39,0,6.0,16
5,0,0,40,0,16.0,13
5,0,0,41,0,13.0,7
5,0,0,42,0,7.0,12
5,0,0,43,0,12.0,5
5,0,0,44,0,5.0,13
5,0,0,45,0,13.0,13
5,0,0,46,0,13.0,28
5,0,0,47,0,28.0,8
5,0,0,48,0,8.0,7
5,0,0,49,0,7.0,5
5,0,0,50,0,5.0,1
5,0,0,51,1,1.0,16
5,0,0,52,1,16.0,15
5,0,0,1,1,15.0,12
5,0,0,2,0,12.0,12
5,0,0,3,0,12.0,8
5,0,0,4,0,8.0,7
5,0,0,5,0,7.0,19
5,0,0,6,0,19.0,18
5,0,0,7,1,18.0,8
5,0,0,8,1,8.0,7
5,0,0,9,0,7.0,8
5,0,0,10,1,8.0,10
5,0,0,11,1,10.0,15
5,0,0,12,1,15.0,6
5,0,0,13,1,6.0,14
5,0,0,14,0,14.0,20
5,0,0,15,0,20.0,13
5,0,0,16,0,13.0,13
5,0,0,17,0,13.0,5
5,0,0,18,0,5.0,6
5,0,0,19,0,6.0,23
5,0,0,20,0,23.0,9
5,0,0,21,0,9.0,6
5,0,0,22,0,6.0,5
5,0,0,23,0,5.0,9
5,0,0,24,0,9.0,8
5,0,0,25,0,8.0,8
5,0,0,26,0,8.0,6
5,0,0,27,0,6.0,10
5,0,0,28,0,10.0,14
5,0,0,29,0,14.0,14
5,0,0,30,1,14.0,11
5,0,0,31,1,11.0,3
5,0,0,32,0,3.0,12
5,0,0,33,0,12.0,3
5,0,0,34,0,3.0,11
5,0,0,35,0,11.0,3
5,0,0,36,0,3.0,8
5,0,0,37,0,8.0,9
5,0,0,38,0,9.0,3
5,0,0,39,0,3.0,15
5,0,0,40,0,15.0,11
5,0,0,41,0,11.0,8
5,0,0,42,0,8.0,13
5,0,0,43,0,13.0,4
5,0,0,44,0,4.0,4
5,0,0,45,0,4.0,8
5,0,0,46,0,8.0,18
5,0,0,47,0,18.0,13
5,0,0,48,0,13.0,14
5,0,0,49,0,14.0,12
5,0,0,50,0,12.0,19
5,0,0,51,1,19.0,16
5,0,0,52,1,16.0,9
5,0,0,1,1,9.0,7
5,0,1,1,1,0.0,9
5,0,1,2,0,9.0,4
5,0,1,3,0,4.0,16
5,0,1,4,0,16.0,13
5,0,1,5,0,13.0,6
5,0,1,6,1,6.0,8
5,0,1,7,1,8.0,8
5,0,1,8,1,8.0,7
5,0,1,9,1,7.0,6
5,0,1,10,1,6.0,6
5,0,1,11,1,6.0,14
5,0,1,12,1,14.0,10
5,0,1,13,1,10.0,7
5,0,1,14,0,7.0,12
5,0,1,15,0,12.0,12
5,0,1,16,0,12.0,8
5,0,1,17,0,8.0,9
5,0,1,18,0,9.0,7
5,0,1,19,0,7.0,4
5,0,1,20,0,4.0,6
5,0,1,21,0,6.0,4
5,0,1,24,0,4.0,9
5,0,1,25,0,9.0,4
5,0,1,26,0,4.0,12
5,0,1,28,0,12.0,12
5,0,1,29,1,12.0,13
5,0,1,30,1,13.0,10
5,0,1,31,1,10.0,18
5,0,1,32,0,18.0,15
5,0,1,33,0,15.0,6
5,0,1,34,0,6.0,4
5,0,1,35,0,4.0,18
5,0,1,36,0,18.0,7
5,0,1,37,0,7.0,12
5,0,1,38,0,12.0,7
5,0,1,39,0,7.0,4
5,0,1,40,0,4.0,4
5,0,1,41,0,4.0,11
5,0,1,42,0,11.0,18
5,0,1,43,0,18.0,13
5,0,1,44,0,13.0,17
5,0,1,45,0,17.0,13
5,0,1,46,0,13.0,17
5,0,1,47,0,17.0,15
5,0,1,48,0,15.0,12
5,0,1,49,0,12.0,9
5,0,1,50,1,9.0,11
5,0,1,51,1,11.0,12
5,0,1,52,1,12.0,13
5,0,1,1,1,13.0,16
5,0,1,2,0,16.0,13
5,0,1,3,0,13.0,14
5,0,1,4,0,14.0,6
5,0,1,5,0,6.0,17
5,0,1,6,1,17.0,21
5,0,1,7,1,21.0,17
5,0,1,8,1,17.0,19
5,0,1,9,1,19.0,10
5,0,1,10,1,10.0,11
5,0,1,11,1,11.0,6
5,0,1,12,1,6.0,17
5,0,1,13,1,17.0,15
5,0,1,14,0,15.0,14
5,0,1,15,0,14.0,8
5,0,1,16,0,8.0,19
5,0,1,17,0,19.0,11
5,0,1,18,0,11.0,14
5,0,1,19,0,14.0,9
5,0,1,20,0,9.0,11
5,0,1,21,0,11.0,14
5,0,1,22,0,14.0,16
5,0,1,23,0,16.0,19
5,0,1,24,0,19.0,10
5,0,1,25,0,10.0,14
5,0,1,26,0,14.0,6
5,0,1,27,0,6.0,15
5,0,1,28,0,15.0,17
5,0,1,29,0,17.0,10
5,0,1,30,1,10.0,11
5,0,1,31,1,11.0,12
5,0,1,32,0,12.0,22
5,0,1,33,0,22.0,18
5,0,1,34,0,18.0,22
5,0,1,35,0,22.0,16
5,0,1,36,0,16.0,9
5,0,1,37,0,9.0,8
5,0,1,38,0,8.0,4
5,0,1,39,0,4.0,11
5,0,1,40,0,11.0,15
5,0,1,41,0,15.0,12
5,0,1,42,0,12.0,6
5,0,1,43,0,6.0,10
5,0,1,44,0,10.0,9
5,0,1,45,0,9.0,13
5,0,1,46,0,13.0,6
5,0,1,47,0,6.0,16
5,0,1,48,0,16.0,13
5,0,1,49,0,13.0,12
5,0,1,50,0,12.0,5
5,0,1,51,1,5.0,12
5,0,1,52,1,12.0,7
5,0,1,1,1,7.0,14
5,0,1,2,0,14.0,16
5,0,1,3,0,16.0,11
5,0,1,4,0,11.0,9
5,0,1,5,0,9.0,7
5,0,1,6,0,7.0,9
5,0,1,7,1,9.0,21
5,0,1,8,1,21.0,13
5,0,1,9,0,13.0,21
5,0,1,10,1,21.0,9
5,0,1,11,1,9.0,9
5,0,1,12,1,9.0,6
5,0,1,13,1,6.0,8
5,0,1,14,1,8.0,8
5,0,1,15,0,8.0,14
5,0,1,16,0,14.0,3
5,0,1,17,0,3.0,11
5,0,1,18,0,11.0,12
5,0,1,19,0,12.0,13
5,0,1,20,0,13.0,11
5,0,1,21,0,11.0,12
5,0,1,22,0,12.0,16
5,0,1,23,0,16.0,10
5,0,1,24,0,10.0,2
5,0,1,25,0,2.0,12
5,0,1,26,0,12.0,18
5,0,1,27,0,18.0,18
5,0,1,28,0,18.0,13
5,0,1,29,0,13.0,12
5,0,1,30,1,12.0,13
5,0,1,31,1,13.0,13
5,0,1,32,0,13.0,9
5,0,1,33,0,9.0,15
5,0,1,34,0,15.0,9
5,0,1,35,0,9.0,22
5,0,1,36,0,22.0,7
5,0,1,37,0,7.0,14
5,0,1,38,0,14.0,17
5,0,1,39,0,17.0,10
5,0,1,40,0,10.0,19
5,0,1,41,0,19.0,12
5,0,1,42,0,12.0,7
5,0,1,43,0,7.0,17
5,0,1,44,0,17.0,2
5,0,1,45,0,2.0,12
5,0,1,46,0,12.0,16
5,0,1,47,0,16.0,12
5,0,1,48,0,12.0,7
5,0,1,49,0,7.0,19
5,0,1,50,0,19.0,17
5,0,1,51,1,17.0,6
5,0,1,52,1,6.0,11
5,0,1,53,1,11.0,4
5,0,1,1,0,4.0,16
5,0,1,2,0,16.0,9
5,0,1,3,0,9.0,8
5,0,1,4,0,8.0,9
5,0,1,5,0,9.0,8
5,0,1,6,1,8.0,21
5,0,1,7,1,21.0,7
5,0,1,8,0,7.0,6
5,0,1,9,1,6.0,12
5,0,1,10,1,12.0,12
5,0,1,11,1,12.0,18
5,0,1,12,1,18.0,12
5,0,1,13,1,12.0,7
5,0,1,14,0,7.0,20
5,0,1,15,0,20.0,17
5,0,1,16,0,17.0,19
5,0,1,17,0,19.0,10
5,0,1,18,0,10.0,9
5,0,1,19,0,9.0,23
5,0,1,20,0,23.0,14
5,0,1,21,0,14.0,15
5,0,1,22,0,15.0,10
5,0,1,23,0,10.0,11
5,0,1,24,0,11.0,2
5,0,1,25,0,2.0,20
5,0,1,26,0,20.0,5
5,0,1,27,0,5.0,23
5,0,1,28,0,23.0,6
5,0,1,29,1,6.0,11
5,0,1,30,1,11.0,8
5,0,1,31,0,8.0,9
5,0,1,32,0,9.0,11
5,0,1,33,0,11.0,10
5,0,1,34,0,10.0,11
5,0,1,35,0,11.0,11
5,0,1,36,0,11.0,9
5,0,1,37,0,9.0,12
5,0,1,38,0,12.0,4
5,0,1,39,0,4.0,2
5,0,1,40,0,2.0,6
5,0,1,41,0,6.0,6
5,0,1,42,0,6.0,12
5,0,1,43,0,12.0,7
5,0,1,44,0,7.0,14
5,0,1,45,0,14.0,6
5,0,1,46,0,6.0,7
5,0,1,47,0,7.0,7
5,0,1,48,0,7.0,18
5,0,1,49,0,18.0,6
5,0,1,50,1,6.0,4
5,0,1,51,1,4.0,12
5,0,1,52,1,12.0,3
5,0,1,1,1,3.0,14
5,0,1,2,0,14.0,6
5,0,1,3,0,6.0,7
5,0,1,4,0,7.0,8
5,0,1,5,0,8.0,9
5,0,1,6,1,9.0,8
5,0,1,7,1,8.0,16
5,0,1,8,0,16.0,13
5,0,1,9,1,13.0,10
5,0,1,10,1,10.0,12
5,0,1,11,1,12.0,10
5,0,1,12,1,10.0,12
5,0,1,13,1,12.0,13
5,0,1,14,0,13.0,11
5,0,1,15,0,11.0,21
5,0,1,16,0,21.0,7
5,0,1,17,0,7.0,6
5,0,1,18,0,6.0,1
5,0,1,19,0,1.0,5
5,0,1,20,0,5.0,8
5,0,1,21,0,8.0,1
5,0,1,22,0,1.0,5
5,0,1,23,0,5.0,5
5,0,1,24,0,5.0,12
5,0,1,25,0,12.0,8
5,0,1,26,0,8.0,11
5,0,1,27,0,11.0,5
5,0,1,28,0,5.0,9
5,0,1,29,1,9.0,5
5,0,1,30,1,5.0,3
5,0,1,31,0,3.0,7
5,0,1,32,0,7.0,20
5,0,1,33,0,20.0,18
5,0,1,34,0,18.0,10
5,0,1,35,0,10.0,10
5,0,1,36,0,10.0,3
5,0,1,37,0,3.0,9
5,0,1,38,0,9.0,8
5,0,1,39,0,8.0,11
5,0,1,40,0,11.0,9
5,0,1,41,0,9.0,11
5,0,1,42,0,11.0,14
5,0,1,43,0,14.0,7
5,0,1,44,0,7.0,5
5,0,1,45,0,5.0,10
5,0,1,46,0,10.0,9
5,0,1,47,0,9.0,12
5,0,1,48,0,12.0,6
5,0,1,49,0,6.0,6
5,0,1,50,1,6.0,10
5,0,1,51,1,10.0,12
5,0,1,52,1,12.0,9
5,0,1,1,1,9.0,18
5,0,1,2,0,18.0,7
5,0,1,3,0,7.0,5
5,0,1,4,0,5.0,9
5,0,1,5,0,9.0,6
5,0,1,6,1,6.0,6
5,0,1,7,1,6.0,13
5,0,1,8,0,13.0,7
5,0,1,9,1,7.0,9
5,0,1,10,1,9.0,7
5,0,1,11,1,7.0,16
5,0,1,12,1,16.0,9
5,0,1,13,1,9.0,3
5,0,1,14,0,3.0,4
5,0,1,15,0,4.0,2
5,0,1,16,0,2.0,4
5,0,1,17,0,4.0,22
5,0,1,18,0,22.0,9
5,0,1,19,0,9.0,11
5,0,1,20,0,11.0,10
5,0,1,21,0,10.0,18
5,0,1,22,0,18.0,13
5,0,1,23,0,13.0,15
5,0,1,24,0,15.0,9
5,0,1,25,0,9.0,6
5,0,1,26,0,6.0,6
5,0,1,27,0,6.0,16
5,0,1,28,0,16.0,18
5,0,1,29,1,18.0,8
5,0,1,30,1,8.0,13
5,0,1,31,0,13.0,3
5,0,1,32,0,3.0,19
5,0,1,33,0,19.0,18
5,0,1,34,0,18.0,13
5,0,1,35,0,13.0,8
5,0,1,36,0,8.0,10
5,0,1,37,0,10.0,11
5,0,1,38,0,11.0,4
5,0,1,39,0,4.0,3
5,0,1,40,0,3.0,13
5,0,1,41,0,13.0,10
5,0,1,42,0,10.0,10
5,0,1,43,0,10.0,9
5,0,1,44,0,9.0,17
5,0,1,45,0,17.0,10
5,0,1,46,0,10.0,11
5,0,1,47,0,11.0,6
5,0,1,48,0,6.0,7
5,0,1,49,0,7.0,7
5,0,1,50,1,7.0,5
5,0,1,51,1,5.0,15
5,0,1,52,1,15.0,21
5,0,1,1,0,21.0,3
5,0,1,2,0,3.0,11
5,0,1,3,0,11.0,3
5,0,1,4,0,3.0,33
5,0,1,5,0,33.0,8
5,0,1,6,0,8.0,16
5,0,1,7,1,16.0,14
5,0,1,8,1,14.0,8
5,0,1,9,1,8.0,8
5,0,1,10,1,8.0,9
5,0,1,11,1,9.0,12
5,0,1,12,1,12.0,18
5,0,1,13,1,18.0,6
5,0,1,14,0,6.0,17
5,0,1,15,0,17.0,16
5,0,1,16,0,16.0,2
5,0,1,17,0,2.0,7
5,0,1,18,0,7.0,18
5,0,1,19,0,18.0,10
5,0,1,20,0,10.0,8
5,0,1,21,0,8.0,8
5,0,1,22,0,8.0,4
5,0,1,23,0,4.0,10
5,0,1,24,0,10.0,3
5,0,1,25,0,3.0,22
5,0,1,26,0,22.0,15
5,0,1,27,0,15.0,5
5,0,1,28,0,5.0,4
5,0,1,29,0,4.0,26
5,0,1,30,1,26.0,15
5,0,1,31,1,15.0,9
5,0,1,32,0,9.0,23
5,0,1,33,0,23.0,17
5,0,1,34,0,17.0,17
5,0,1,35,0,17.0,5
5,0,1,36,0,5.0,13
5,0,1,37,0,13.0,5
5,0,1,38,0,5.0,19
5,0,1,39,0,19.0,13
5,0,1,40,0,13.0,5
5,0,1,41,0,5.0,10
5,0,1,42,0,10.0,12
5,0,1,43,0,12.0,4
5,0,1,44,0,4.0,11
5,0,1,45,0,11.0,23
5,0,1,46,0,23.0,17
5,0,1,47,0,17.0,14
5,0,1,48,0,14.0,7
5,0,1,49,0,7.0,13
5,0,1,50,1,13.0,18
5,0,1,51,1,18.0,8
5,0,1,52,1,8.0,6
5,0,1,1,1,6.0,10
5,0,1,2,0,10.0,8
5,0,1,3,0,8.0,14
5,0,1,4,0,14.0,5
5,0,1,5,0,5.0,6
5,0,1,6,0,6.0,11
5,0,1,7,1,11.0,9
5,0,1,8,1,9.0,7
5,0,1,9,1,7.0,11
5,0,1,10,1,11.0,15
5,0,1,11,1,15.0,16
5,0,1,12,1,16.0,3
5,0,1,13,1,3.0,13
5,0,1,14,0,13.0,6
5,0,1,15,0,6.0,4
5,0,1,16,0,4.0,7
5,0,1,17,0,7.0,9
5,0,1,18,0,9.0,7
5,0,1,19,0,7.0,14
5,0,1,20,0,14.0,12
5,0,1,21,0,12.0,14
5,0,1,22,0,14.0,12
5,0,1,23,0,12.0,3
5,0,1,24,0,3.0,17
5,0,1,25,0,17.0,12
5,0,1,26,0,12.0,14
5,0,1,27,0,14.0,11
5,0,1,28,0,11.0,4
5,0,1,29,0,4.0,4
5,0,1,30,1,4.0,4
5,0,1,31,1,4.0,12
5,0,1,32,0,12.0,8
5,0,1,33,0,8.0,6
5,0,1,34,0,6.0,9
5,0,1,35,0,9.0,7
5,0,1,36,0,7.0,15
5,0,1,37,0,15.0,3
5,0,1,38,0,3.0,13
5,0,1,39,0,13.0,1
5,0,1,40,0,1.0,13
5,0,1,41,0,13.0,5
5,0,1,42,0,5.0,10
5,0,1,43,0,10.0,5
5,0,1,44,0,5.0,15
5,0,1,45,0,15.0,6
5,0,1,46,0,6.0,5
5,0,1,47,0,5.0,9
5,0,1,48,0,9.0,12
5,0,1,49,0,12.0,7
5,0,1,50,0,7.0,14
5,0,1,51,1,14.0,16
5,0,1,52,1,16.0,7
5,0,1,1,1,7.0,5
5,0,2,1,1,0.0,4
5,0,2,2,0,4.0,11
5,0,2,3,0,11.0,12
5,0,2,4,0,12.0,16
5,0,2,5,0,16.0,3
5,0,2,6,1,3.0,10
5,0,2,7,1,10.0,10
5,0,2,8,1,10.0,11
5,0,2,9,1,11.0,8
5,0,2,10,1,8.0,2
5,0,2,11,1,2.0,13
5,0,2,12,1,13.0,12
5,0,2,13,1,12.0,7
5,0,2,14,0,7.0,8
5,0,2,15,0,8.0,9
5,0,2,16,0,9.0,5
5,0,2,17,0,5.0,13
5,0,2,18,0,13.0,6
5,0,2,19,0,6.0,1
5,0,2,20,0,1.0,11
5,0,2,21,0,11.0,7
5,0,2,22,0,7.0,5
5,0,2,23,0,5.0,17
5,0,2,24,0,17.0,7
5,0,2,25,0,7.0,12
5,0,2,26,0,12.0,10
5,0,2,27,0,10.0,6
5,0,2,28,0,6.0,6
5,0,2,29,1,6.0,6
5,0,2,30,1,6.0,20
5,0,2,31,1,20.0,6
5,0,2,32,0,6.0,9
5,0,2,33,0,9.0,9
5,0,2,34,0,9.0,11
5,0,2,35,0,11.0,14
5,0,2,36,0,14.0,3
5,0,2,37,0,3.0,16
5,0,2,38,0,16.0,3
5,0,2,39,0,3.0,13
5,0,2,40,0,13.0,10
5,0,2,41,0,10.0,14
5,0,2,42,0,14.0,9
5,0,2,43,0,9.0,10
5,0,2,44,0,10.0,30
5,0,2,45,0,30.0,3
5,0,2,46,0,3.0,6
5,0,2,47,0,6.0,6
5,0,2,48,0,6.0,15
5,0,2,49,0,15.0,20
5,0,2,50,1,20.0,10
5,0,2,51,1,10.0,5
5,0,2,52,1,5.0,6
5,0,2,1,1,6.0,12
5,0,2,2,0,12.0,8
5,0,2,3,0,8.0,8
5,0,2,4,0,8.0,15
5,0,2,5,0,15.0,12
5,0,2,6,1,12.0,10
5,0,2,7,1,10.0,8
5,0,2,8,1,8.0,4
5,0,2,9,1,4.0,12
5,0,2,10,1,12.0,10
5,0,2,11,1,10.0,7
5,0,2,12,1,7.0,8
5,0,2,13,1,8.0,11
5,0,2,14,0,11.0,3
5,0,2,15,0,3.0,15
5,0,2,16,0,15.0,11
5,0,2,17,0,11.0,16
5,0,2,18,0,16.0,16
5,0,2,19,0,16.0,12
5,0,2,20,0,12.0,13
5,0,2,21,0,13.0,10
5,0,2,22,0,10.0,4
5,0,2,23,0,4.0,10
5,0,2,24,0,10.0,4
5,0,2,25,0,4.0,5
5,0,2,26,0,5.0,13
5,0,2,27,0,13.0,7
5,0,2,28,0,7.0,13
5,0,2,29,0,13.0,11
5,0,2,30,1,11.0,3
5,0,2,31,1,3.0,20
5,0,2,32,0,20.0,7
5,0,2,33,0,7.0,4
5,0,2,34,0,4.0,5
5,0,2,35,0,5.0,7
5,0,2,36,0,7.0,12
5,0,2,37,0,12.0,14
5,0,2,38,0,14.0,22
5,0,2,39,0,22.0,9
5,0,2,40,0,9.0,7
5,0,2,41,0,7.0,10
5,0,2,42,0,10.0,4
5,0,2,43,0,4.0,5
5,0,2,44,0,5.0,1
5,0,2,45,0,1.0,21
5,0,2,46,0,21.0,16
5,0,2,47,0,16.0,14
5,0,2,48,0,14.0,15
5,0,2,49,0,15.0,12
5,0,2,50,0,12.0,2
5,0,2,51,1,2.0,14
5,0,2,52,1,14.0,7
5,0,2,1,1,7.0,12
5,0,2,2,0,12.0,11
5,0,2,3,0,11.0,12
5,0,2,4,0,12.0,10
5,0,2,5,0,10.0,9
5,0,2,6,0,9.0,9
5,0,2,7,1,9.0,9
5,0,2,8,1,9.0,10
5,0,2,9,1,10.0,20
5,0,2,10,1,20.0,7
5,0,2,11,1,7.0,6
5,0,2,12,1,6.0,9
5,0,2,13,1,9.0,5
5,0,2,14,1,5.0,14
5,0,2,15,0,14.0,15
5,0,2,16,0,15.0,8
5,0,2,17,0,8.0,20
5,0,2,18,0,20.0,11
5,0,2,19,0,11.0,9
5,0,2,20,0,9.0,14
5,0,2,21,0,14.0,4
5,0,2,22,0,4.0,8
5,0,2,23,0,8.0,12
5,0,2,24,0,12.0,21
5,0,2,25,0,21.0,10
5,0,2,26,0,10.0,15
5,0,2,27,0,15.0,21
5,0,2,28,0,21.0,18
5,0,2,29,0,18.0,14
5,0,2,30,1,14.0,6
5,0,2,31,1,6.0,14
5,0,2,32,0,14.0,9
5,0,2,33,0,9.0,6
5,0,2,34,0,6.0,15
5,0,2,35,0,15.0,16
5,0,2,36,0,16.0,19
5,0,2,37,0,19.0,9
5,0,2,38,0,9.0,18
5,0,2,39,0,18.0,4
5,0,2,40,0,4.0,5
5,0,2,41,0,5.0,4
5,0,2,42,0,4.0,19
5,0,2,43,0,19.0,4
5,0,2,44,0,4.0,13
5,0,2,45,0,13.0,15
5,0,2,46,0,15.0,7
5,0,2,47,0,7.0,5
5,0,2,48,0,5.0,19
5,0,2,49,0,19.0,10
5,0,2,50,0,10.0,18
5,0,2,51,1,18.0,7
5,0,2,52,1,7.0,16
5,0,2,53,1,16.0,18
5,0,2,1,1,18.0,3
5,0,2,2,0,3.0,21
5,0,2,3,0,21.0,12
5,0,2,4,0,12.0,11
5,0,2,5,0,11.0,11
5,0,2,6,1,11.0,7
5,0,2,7,1,7.0,9
5,0,2,8,0,9.0,13
5,0,2,9,1,13.0,4
5,0,2,10,1,4.0,14
5,0,2,11,1,14.0,7
5,0,2,12,1,7.0,11
5,0,2,13,1,11.0,12
5,0,2,14,0,12.0,11
5,0,2,15,0,11.0,7
5,0,2,16,0,7.0,10
5,0,2,17,0,10.0,11
5,0,2,18,0,11.0,9
5,0,2,20,0,9.0,17
5,0,2,21,0,17.0,20
5,0,2,22,0,20.0,9
5,0,2,23,0,9.0,14
5,0,2,24,0,14.0,20
5,0,2,25,0,20.0,8
5,0,2,26,0,8.0,14
5,0,2,27,0,14.0,11
5,0,2,28,0,11.0,5
5,0,2,29,1,5.0,6
5,0,2,30,1,6.0,12
5,0,2,31,0,12.0,13
5,0,2,32,0,13.0,4
5,0,2,33,0,4.0,12
5,0,2,34,0,12.0,10
5,0,2,35,0,10.0,22
5,0,2,36,0,22.0,18
5,0,2,37,0,18.0,15
5,0,2,38,0,15.0,19
5,0,2,39,0,19.0,9
5,0,2,40,0,9.0,13
5,0,2,41,0,13.0,9
5,0,2,42,0,9.0,6
5,0,2,43,0,6.0,7
5,0,2,44,0,7.0,7
5,0,2,45,0,7.0,13
5,0,2,46,0,13.0,7
5,0,2,47,0,7.0,8
5,0,2,48,0,8.0,13
5,0,2,49,0,13.0,11
5,0,2,50,1,11.0,8
5,0,2,51,1,8.0,8
5,0,2,52,1,8.0,8
5,0,2,1,1,8.0,2
5,0,2,2,0,2.0,13
5,0,2,3,0,13.0,7
5,0,2,4,0,7.0,10
5,0,2,5,0,10.0,14
5,0,2,6,1,14.0,2
5,0,2,7,1,2.0,14
5,0,2,8,0,14.0,4
5,0,2,9,1,4.0,9
5,0,2,10,1,9.0,9
5,0,2,11,1,9.0,13
5,0,2,12,1,13.0,10
5,0,2,13,1,10.0,9
5,0,2,14,0,9.0,9
5,0,2,15,0,9.0,9
5,0,2,16,0,9.0,13
5,0,2,17,0,13.0,9
5,0,2,18,0,9.0,18
5,0,2,19,0,18.0,9
5,0,2,20,0,9.0,4
5,0,2,21,0,4.0,9
5,0,2,22,0,9.0,5
5,0,2,23,0,5.0,9
5,0,2,24,0,9.0,16
5,0,2,25,0,16.0,5
5,0,2,26,0,5.0,21
5,0,2,27,0,21.0,7
5,0,2,28,0,7.0,7
5,0,2,29,1,7.0,11
5,0,2,30,1,11.0,24
5,0,2,31,0,24.0,21
5,0,2,32,0,21.0,14
5,0,2,34,0,14.0,7
5,0,2,35,0,7.0,6
5,0,2,36,0,6.0,13
5,0,2,37,0,13.0,5
5,0,2,38,0,5.0,20
5,0,2,39,0,20.0,16
5,0,2,40,0,16.0,17
5,0,2,42,0,17.0,5
5,0,2,43,0,5.0,5
5,0,2,44,0,5.0,14
5,0,2,45,0,14.0,8
5,0,2,46,0,8.0,9
5,0,2,47,0,9.0,8
5,0,2,48,0,8.0,11
5,0,2,49,0,11.0,10
5,0,2,50,1,10.0,11
5,0,2,51,1,11.0,8
5,0,2,52,1,8.0,10
5,0,2,1,1,10.0,8
5,0,2,2,0,8.0,11
5,0,2,3,0,11.0,12
5,0,2,4,0,12.0,9
5,0,2,5,0,9.0,9
5,0,2,6,1,9.0,3
5,0,2,7,1,3.0,9
5,0,2,8,0,9.0,3
5,0,2,9,1,3.0,12
5,0,2,10,1,12.0,17
5,0,2,11,1,17.0,6
5,0,2,12,1,6.0,9
5,0,2,13,1,9.0,7
5,0,2,14,0,7.0,13
5,0,2,15,0,13.0,7
5,0,2,16,0,7.0,14
5,0,2,17,0,14.0,20
5,0,2,18,0,20.0,12
5,0,2,19,0,12.0,1
5,0,2,20,0,1.0,6
5,0,2,21,0,6.0,14
5,0,2,22,0,14.0,13
5,0,2,23,0,13.0,9
5,0,2,24,0,9.0,14
5,0,2,25,0,14.0,10
5,0,2,26,0,10.0,8
5,0,2,27,0,8.0,11
5,0,2,28,0,11.0,11
5,0,2,29,1,11.0,15
5,0,2,30,1,15.0,13
5,0,2,31,1,13.0,7
5,0,2,32,0,7.0,14
5,0,2,33,0,14.0,9
5,0,2,34,0,9.0,14
5,0,2,35,0,14.0,1
5,0,2,36,0,1.0,21
5,0,2,37,0,21.0,15
5,0,2,38,0,15.0,15
5,0,2,39,0,15.0,13
5,0,2,40,0,13.0,14
5,0,2,41,0,14.0,10
5,0,2,42,0,10.0,2
5,0,2,43,0,2.0,12
5,0,2,44,0,12.0,12
5,0,2,45,0,12.0,10
5,0,2,46,0,10.0,6
5,0,2,47,0,6.0,6
5,0,2,48,0,6.0,11
5,0,2,49,0,11.0,7
5,0,2,50,1,7.0,12
5,0,2,51,1,12.0,12
5,0,2,52,1,12.0,15
5,0,2,1,1,15.0,7
5,0,2,2,0,7.0,10
5,0,2,3,0,10.0,19
5,0,2,4,0,19.0,20
5,0,2,5,0,20.0,8
5,0,2,6,0,8.0,9
5,0,2,7,1,9.0,16
5,0,2,8,0,16.0,11
5,0,2,9,1,11.0,6
5,0,2,10,1,6.0,12
5,0,2,11,1,12.0,15
5,0,2,12,1,15.0,6
5,0,2,13,1,6.0,14
5,0,2,14,0,14.0,15
5,0,2,15,0,15.0,18
5,0,2,16,0,18.0,14
5,0,2,17,0,14.0,4
5,0,2,18,0,4.0,7
5,0,2,19,0,7.0,17
5,0,2,20,0,17.0,5
5,0,2,21,0,5.0,14
5,0,2,22,0,14.0,11
5,0,2,23,0,11.0,12
5,0,2,24,0,12.0,15
5,0,2,25,0,15.0,7
5,0,2,26,0,7.0,14
5,0,2,27,0,14.0,8
5,0,2,28,0,8.0,9
5,0,2,29,0,9.0,10
5,0,2,30,1,10.0,21
5,0,2,31,1,21.0,8
5,0,2,32,0,8.0,4
5,0,2,33,0,4.0,17
5,0,2,34,0,17.0,20
5,0,2,35,0,20.0,13
5,0,2,36,0,13.0,8
5,0,2,37,0,8.0,7
5,0,2,38,0,7.0,7
5,0,2,39,0,7.0,10
5,0,2,40,0,10.0,19
5,0,2,41,0,19.0,3
5,0,2,42,0,3.0,11
5,0,2,43,0,11.0,14
5,0,2,44,0,14.0,13
5,0,2,45,0,13.0,19
5,0,2,46,0,19.0,16
5,0,2,47,0,16.0,9
5,0,2,48,0,9.0,15
5,0,2,49,0,15.0,18
5,0,2,50,1,18.0,9
5,0,2,51,1,9.0,8
5,0,2,52,1,8.0,15
5,0,2,1,1,15.0,10
5,0,2,2,0,10.0,9
5,0,2,3,0,9.0,11
5,0,2,4,0,11.0,6
5,0,2,5,0,6.0,14
5,0,2,6,0,14.0,9
5,0,2,7,1,9.0,9
5,0,2,8,1,9.0,18
5,0,2,9,1,18.0,15
5,0,2,10,1,15.0,8
5,0,2,11,1,8.0,10
5,0,2,12,1,10.0,17
5,0,2,13,1,17.0,18
5,0,2,14,1,18.0,22
5,0,2,15,0,22.0,9
5,0,2,16,0,9.0,10
5,0,2,17,0,10.0,11
5,0,2,18,0,11.0,4
5,0,2,19,0,4.0,6
5,0,2,20,0,6.0,16
5,0,2,21,0,16.0,8
5,0,2,22,0,8.0,11
5,0,2,23,0,11.0,11
5,0,2,24,0,11.0,19
5,0,2,25,0,19.0,14
5,0,2,26,0,14.0,7
5,0,2,27,0,7.0,2
5,0,2,28,0,2.0,7
5,0,2,29,0,7.0,8
5,0,2,30,1,8.0,6
5,0,2,31,1,6.0,11
5,0,2,33,0,11.0,17
5,0,2,34,0,17.0,22
5,0,2,35,0,22.0,17
5,0,2,36,0,17.0,13
5,0,2,37,0,13.0,6
5,0,2,38,0,6.0,8
5,0,2,39,0,8.0,13
5,0,2,40,0,13.0,6
5,0,2,41,0,6.0,12
5,0,2,42,0,12.0,12
5,0,2,43,0,12.0,10
5,0,2,44,0,10.0,17
5,0,2,45,0,17.0,7
5,0,2,46,0,7.0,16
5,0,2,47,0,16.0,8
5,0,2,48,0,8.0,18
5,0,2,49,0,18.0,9
5,0,2,50,0,9.0,7
5,0,2,51,1,7.0,9
5,0,2,52,1,9.0,11
5,1,0,1,1,0.0,9
5,1,0,2,0,9.0,4
5,1,0,3,0,4.0,9
5,1,0,4,0,9.0,13
5,1,0,5,0,13.0,5
5,1,0,6,0,5.0,10
5,1,0,7,1,10.0,6
5,1,0,8,1,6.0,13
5,1,0,10,1,13.0,8
5,1,0,11,1,8.0,15
5,1,0,12,1,15.0,12
5,1,0,13,1,12.0,3
5,1,0,14,0,3.0,8
5,1,0,15,0,8.0,4
5,1,0,17,0,4.0,5
5,1,0,18,0,5.0,7
5,1,0,19,0,7.0,10
5,1,0,20,0,10.0,17
5,1,0,21,0,17.0,6
5,1,0,22,0,6.0,19
5,1,0,23,0,19.0,14
5,1,0,24,0,14.0,13
5,1,0,25,0,13.0,6
5,1,0,26,0,6.0,11
5,1,0,27,0,11.0,5
5,1,0,28,0,5.0,13
5,1,0,29,0,13.0,7
5,1,0,30,1,7.0,75
5,1,0,31,0,75.0,10
5,1,0,32,0,10.0,17
5,1,0,33,0,17.0,6
5,1,0,34,0,6.0,9
5,1,0,35,0,9.0,11
5,1,0,36,0,11.0,12
5,1,0,37,0,12.0,9
5,1,0,38,0,9.0,10
5,1,0,39,0,10.0,6
5,1,0,40,0,6.0,20
5,1,0,41,0,20.0,8
5,1,0,42,0,8.0,13
5,1,0,43,0,13.0,6
5,1,0,44,0,6.0,14
5,1,0,45,0,14.0,19
5,1,0,46,0,19.0,25
5,1,0,47,0,25.0,12
5,1,0,48,0,12.0,13
5,1,0,49,0,13.0,6
5,1,0,50,0,6.0,9
5,1,0,51,1,9.0,12
5,1,0,52,1,12.0,22
5,1,0,1,1,22.0,15
5,1,0,2,0,15.0,20
5,1,0,3,0,20.0,7
5,1,0,4,0,7.0,11
5,1,0,5,0,11.0,5
5,1,0,6,1,5.0,11
5,1,0,7,1,11.0,10
5,1,0,8,1,10.0,10
5,1,0,9,1,10.0,7
5,1,0,10,1,7.0,3
5,1,0,11,1,3.0,9
5,1,0,12,1,9.0,13
5,1,0,13,1,13.0,10
5,1,0,14,0,10.0,11
5,1,0,15,0,11.0,14
5,1,0,16,0,14.0,9
5,1,0,17,0,9.0,12
5,1,0,18,0,12.0,8
5,1,0,19,0,8.0,1
5,1,0,20,0,1.0,12
5,1,0,21,0,12.0,13
5,1,0,22,0,13.0,10
5,1,0,23,0,10.0,20
5,1,0,24,0,20.0,14
5,1,0,25,0,14.0,14
5,1,0,26,0,14.0,13
5,1,0,27,0,13.0,10
5,1,0,28,0,10.0,15
5,1,0,29,0,15.0,12
5,1,0,30,1,12.0,92
5,1,0,31,1,92.0,27
5,1,0,32,0,27.0,19
5,1,0,33,0,19.0,12
5,1,0,34,0,12.0,4
5,1,0,35,0,4.0,8
5,1,0,36,0,8.0,4
5,1,0,37,0,4.0,9
5,1,0,38,0,9.0,9
5,1,0,39,0,9.0,2
5,1,0,40,0,2.0,13
5,1,0,41,0,13.0,12
5,1,0,42,0,12.0,8
5,1,0,43,0,8.0,20
5,1,0,44,0,20.0,12
5,1,0,45,0,12.0,2
5,1,0,46,0,2.0,1
5,1,0,47,0,1.0,2
5,1,0,48,0,2.0,13
5,1,0,49,0,13.0,8
5,1,0,50,1,8.0,13
5,1,0,51,1,13.0,5
5,1,0,52,1,5.0,8
5,1,0,1,1,8.0,12
5,1,0,2,0,12.0,15
5,1,0,3,0,15.0,7
5,1,0,4,0,7.0,8
5,1,0,5,0,8.0,11
5,1,0,6,0,11.0,7
5,1,0,7,1,7.0,9
5,1,0,8,1,9.0,16
5,1,0,9,1,16.0,7
5,1,0,10,1,7.0,9
5,1,0,11,1,9.0,12
5,1,0,12,1,12.0,6
5,1,0,13,1,6.0,19
5,1,0,14,1,19.0,7
5,1,0,15,0,7.0,9
5,1,0,16,0,9.0,17
5,1,0,17,0,17.0,9
5,1,0,18,0,9.0,9
5,1,0,19,0,9.0,8
5,1,0,20,0,8.0,11
5,1,0,21,0,11.0,3
5,1,0,22,0,3.0,12
5,1,0,23,0,12.0,9
5,1,0,24,0,9.0,11
5,1,0,25,0,11.0,9
5,1,0,26,0,9.0,20
5,1,0,27,0,20.0,18
5,1,0,28,0,18.0,17
5,1,0,29,0,17.0,7
5,1,0,30,1,7.0,96
5,1,0,31,1,96.0,41
5,1,0,32,0,41.0,17
5,1,0,33,0,17.0,15
5,1,0,34,0,15.0,13
5,1,0,35,0,13.0,17
5,1,0,36,0,17.0,13
5,1,0,37,0,13.0,12
5,1,0,38,0,12.0,15
5,1,0,39,0,15.0,12
5,1,0,40,0,12.0,13
5,1,0,41,0,13.0,15
5,1,0,42,0,15.0,15
5,1,0,43,0,15.0,12
5,1,0,44,0,12.0,5
5,1,0,45,0,5.0,13
5,1,0,46,0,13.0,8
5,1,0,47,0,8.0,9
5,1,0,48,0,9.0,15
5,1,0,49,0,15.0,11
5,1,0,50,0,11.0,13
5,1,0,51,1,13.0,9
5,1,0,52,1,9.0,3
5,1,0,53,1,3.0,11
5,1,0,1,0,11.0,4
5,1,0,2,0,4.0,11
5,1,0,3,0,11.0,15
5,1,0,4,0,15.0,7
5,1,0,5,0,7.0,9
5,1,0,6,1,9.0,14
5,1,0,7,1,14.0,16
5,1,0,8,0,16.0,20
5,1,0,9,1,20.0,14
5,1,0,10,1,14.0,9
5,1,0,11,1,9.0,7
5,1,0,12,1,7.0,14
5,1,0,13,1,14.0,10
5,1,0,14,0,10.0,10
5,1,0,15,0,10.0,13
5,1,0,16,0,13.0,19
5,1,0,17,0,19.0,12
5,1,0,18,0,12.0,16
5,1,0,19,0,16.0,10
5,1,0,20,0,10.0,8
5,1,0,21,0,8.0,3
5,1,0,22,0,3.0,5
5,1,0,23,0,5.0,17
5,1,0,24,0,17.0,10
5,1,0,25,0,10.0,6
5,1,0,26,0,6.0,7
5,1,0,27,0,7.0,3
5,1,0,28,0,3.0,23
5,1,0,29,1,23.0,52
5,1,0,30,1,52.0,73
5,1,0,31,0,73.0,15
5,1,0,32,0,15.0,8
5,1,0,33,0,8.0,6
5,1,0,35,0,6.0,15
5,1,0,36,0,15.0,4
5,1,0,37,0,4.0,7
5,1,0,38,0,7.0,10
5,1,0,39,0,10.0,11
5,1,0,40,0,11.0,8
5,1,0,41,0,8.0,6
5,1,0,42,0,6.0,8
5,1,0,43,0,8.0,10
5,1,0,44,0,10.0,14
5,1,0,45,0,14.0,19
5,1,0,46,0,19.0,14
5,1,0,47,0,14.0,8
5,1,0,48,0,8.0,12
5,1,0,49,0,12.0,9
5,1,0,50,1,9.0,11
5,1,0,51,1,11.0,6
5,1,0,52,1,6.0,13
5,1,0,1,1,13.0,22
5,1,0,2,0,22.0,10
5,1,0,3,0,10.0,8
5,1,0,4,0,8.0,7
5,1,0,5,0,7.0,9
5,1,0,6,1,9.0,11
5,1,0,7,1,11.0,7
5,1,0,8,0,7.0,8
5,1,0,9,1,8.0,11
5,1,0,10,1,11.0,9
5,1,0,11,1,9.0,11
5,1,0,12,1,11.0,10
5,1,0,13,0,10.0,7
5,1,0,14,0,7.0,12
5,1,0,15,0,12.0,15
5,1,0,16,0,15.0,16
5,1,0,17,0,16.0,9
5,1,0,18,0,9.0,14
5,1,0,19,0,14.0,3
5,1,0,20,0,3.0,18
5,1,0,21,0,18.0,17
5,1,0,22,0,17.0,19
5,1,0,23,0,19.0,13
5,1,0,24,0,13.0,7
5,1,0,25,0,7.0,12
5,1,0,26,0,12.0,18
5,1,0,27,0,18.0,18
5,1,0,28,0,18.0,15
5,1,0,29,1,15.0,39
5,1,0,30,1,39.0,59
5,1,0,31,0,59.0,5
5,1,0,32,0,5.0,16
5,1,0,33,0,16.0,12
5,1,0,34,0,12.0,11
5,1,0,35,0,11.0,10
5,1,0,36,0,10.0,18
5,1,0,37,0,18.0,16
5,1,0,38,0,16.0,9
5,1,0,39,0,9.0,8
5,1,0,40,0,8.0,12
5,1,0,41,0,12.0,21
5,1,0,42,0,21.0,9
5,1,0,43,0,9.0,11
5,1,0,44,0,11.0,5
5,1,0,45,0,5.0,10
5,1,0,46,0,10.0,10
5,1,0,47,0,10.0,6
5,1,0,48,0,6.0,9
5,1,0,49,0,9.0,4
5,1,0,50,1,4.0,10
5,1,0,51,1,10.0,14
5,1,0,52,1,14.0,5
5,1,0,1,1,5.0,10
5,1,0,2,0,10.0,7
5,1,0,3,0,7.0,7
5,1,0,4,0,7.0,6
5,1,0,5,0,6.0,15
5,1,0,6,1,15.0,7
5,1,0,7,1,7.0,11
5,1,0,8,0,11.0,9
5,1,0,9,1,9.0,5
5,1,0,10,1,5.0,11
5,1,0,11,1,11.0,9
5,1,0,12,1,9.0,16
5,1,0,13,1,16.0,19
5,1,0,14,0,19.0,5
5,1,0,15,0,5.0,14
5,1,0,16,0,14.0,10
5,1,0,17,0,10.0,4
5,1,0,18,0,4.0,6
5,1,0,19,0,6.0,4
5,1,0,20,0,4.0,9
5,1,0,21,0,9.0,10
5,1,0,22,0,10.0,11
5,1,0,23,0,11.0,2
5,1,0,24,0,2.0,13
5,1,0,25,0,13.0,1
5,1,0,26,0,1.0,12
5,1,0,27,0,12.0,13
5,1,0,28,0,13.0,15
5,1,0,29,1,15.0,13
5,1,0,30,1,13.0,57
5,1,0,31,1,57.0,18
5,1,0,32,0,18.0,15
5,1,0,33,0,15.0,13
5,1,0,34,0,13.0,8
5,1,0,35,0,8.0,8
5,1,0,36,0,8.0,23
5,1,0,37,0,23.0,9
5,1,0,38,0,9.0,9
5,1,0,39,0,9.0,15
5,1,0,40,0,15.0,26
5,1,0,41,0,26.0,18
5,1,0,42,0,18.0,11
5,1,0,43,0,11.0,7
5,1,0,44,0,7.0,1
5,1,0,45,0,1.0,5
5,1,0,46,0,5.0,21
5,1,0,47,0,21.0,7
5,1,0,48,0,7.0,4
5,1,0,49,0,4.0,22
5,1,0,50,1,22.0,12
5,1,0,51,1,12.0,7
5,1,0,52,1,7.0,9
5,1,0,1,1,9.0,3
5,1,0,2,0,3.0,8
5,1,0,3,0,8.0,7
5,1,0,4,0,7.0,9
5,1,0,5,0,9.0,7
5,1,0,6,1,7.0,13
5,1,0,7,1,13.0,7
5,1,0,8,1,7.0,11
5,1,0,9,1,11.0,8
5,1,0,10,1,8.0,9
5,1,0,11,1,9.0,6
5,1,0,12,1,6.0,25
5,1,0,13,1,25.0,11
5,1,0,14,0,11.0,11
5,1,0,15,0,11.0,8
5,1,0,16,0,8.0,4
5,1,0,17,0,4.0,8
5,1,0,18,0,8.0,7
5,1,0,19,0,7.0,10
5,1,0,20,0,10.0,17
5,1,0,21,0,17.0,14
5,1,0,22,0,14.0,7
5,1,0,23,0,7.0,8
5,1,0,24,0,8.0,7
5,1,0,25,0,7.0,15
5,1,0,26,0,15.0,11
5,1,0,27,0,11.0,6
5,1,0,28,0,6.0,5
5,1,0,29,0,5.0,7
5,1,0,30,1,7.0,50
5,1,0,31,1,50.0,49
5,1,0,32,0,49.0,9
5,1,0,33,0,9.0,9
5,1,0,34,0,9.0,10
5,1,0,35,0,10.0,19
5,1,0,36,0,19.0,9
5,1,0,37,0,9.0,11
5,1,0,38,0,11.0,7
5,1,0,39,0,7.0,11
5,1,0,40,0,11.0,2
5,1,0,41,0,2.0,14
5,1,0,42,0,14.0,8
5,1,0,43,0,8.0,6
5,1,0,44,0,6.0,4
5,1,0,45,0,4.0,15
5,1,0,46,0,15.0,9
5,1,0,47,0,9.0,16
5,1,0,48,0,16.0,14
5,1,0,49,0,14.0,10
5,1,0,50,0,10.0,13
5,1,0,51,1,13.0,13
5,1,0,52,1,13.0,8
5,1,0,1,1,8.0,8
5,1,0,2,0,8.0,2
5,1,0,3,0,2.0,12
5,1,0,4,0,12.0,11
5,1,0,5,0,11.0,4
5,1,0,6,0,4.0,5
5,1,0,7,1,5.0,14
5,1,0,8,1,14.0,16
5,1,0,9,0,16.0,6
5,1,0,10,1,6.0,9
5,1,0,11,1,9.0,10
5,1,0,12,1,10.0,13
5,1,0,13,1,13.0,20
5,1,0,14,0,20.0,12
5,1,0,15,0,12.0,14
5,1,0,16,0,14.0,8
5,1,0,17,0,8.0,9
5,1,0,18,0,9.0,6
5,1,0,19,0,6.0,7
5,1,0,20,0,7.0,14
5,1,0,21,0,14.0,11
5,1,0,22,0,11.0,11
5,1,0,23,0,11.0,13
5,1,0,24,0,13.0,2
5,1,0,25,0,2.0,10
5,1,0,26,0,10.0,13
5,1,0,27,0,13.0,5
5,1,0,28,0,5.0,2
5,1,0,29,0,2.0,11
5,1,0,30,1,11.0,36
5,1,0,31,1,36.0,31
5,1,0,32,0,31.0,29
5,1,0,33,0,29.0,17
5,1,0,34,0,17.0,10
5,1,0,35,0,10.0,14
5,1,0,36,0,14.0,10
5,1,0,37,0,10.0,17
5,1,0,38,0,17.0,19
5,1,0,39,0,19.0,7
5,1,0,40,0,7.0,12
5,1,0,41,0,12.0,13
5,1,0,42,0,13.0,6
5,1,0,43,0,6.0,9
5,1,0,44,0,9.0,10
5,1,0,45,0,10.0,10
5,1,0,46,0,10.0,11
5,1,0,47,0,11.0,5
5,1,0,48,0,5.0,8
5,1,0,49,0,8.0,4
5,1,0,50,0,4.0,6
5,1,0,51,1,6.0,6
5,1,0,52,1,6.0,9
5,1,1,1,1,0.0,15
5,1,1,2,0,15.0,22
5,1,1,3,0,22.0,7
5,1,1,4,0,7.0,12
5,1,1,5,0,12.0,14
5,1,1,6,0,14.0,10
5,1,1,7,1,10.0,9
5,1,1,8,1,9.0,7
5,1,1,9,1,7.0,19
5,1,1,10,1,19.0,3
5,1,1,11,1,3.0,3
5,1,1,12,1,3.0,11
5,1,1,13,1,11.0,11
5,1,1,14,0,11.0,11
5,1,1,15,0,11.0,20
5,1,1,16,0,20.0,14
5,1,1,17,0,14.0,5
5,1,1,18,0,5.0,5
5,1,1,19,0,5.0,1
5,1,1,20,0,1.0,2
5,1,1,21,0,2.0,9
5,1,1,22,0,9.0,12
5,1,1,23,0,12.0,16
5,1,1,24,0,16.0,9
5,1,1,25,0,9.0,13
5,1,1,26,0,13.0,14
5,1,1,27,0,14.0,12
5,1,1,28,0,12.0,4
5,1,1,29,1,4.0,24
5,1,1,30,1,24.0,10
5,1,1,31,1,10.0,29
5,1,1,32,0,29.0,10
5,1,1,33,0,10.0,11
5,1,1,34,0,11.0,15
5,1,1,35,0,15.0,9
5,1,1,36,0,9.0,5
5,1,1,37,0,5.0,14
5,1,1,38,0,14.0,8
5,1,1,39,0,8.0,15
5,1,1,40,0,15.0,21
5,1,1,42,0,21.0,12
5,1,1,43,0,12.0,6
5,1,1,44,0,6.0,5
5,1,1,45,0,5.0,19
5,1,1,46,0,19.0,10
5,1,1,47,0,10.0,9
5,1,1,48,0,9.0,10
5,1,1,49,0,10.0,6
5,1,1,50,0,6.0,14
5,1,1,51,1,14.0,5
5,1,1,52,1,5.0,6
5,1,1,1,1,6.0,5
5,1,1,2,0,5.0,1
5,1,1,3,0,1.0,22
5,1,1,4,0,22.0,17
5,1,1,5,0,17.0,14
5,1,1,6,1,14.0,6
5,1,1,7,1,6.0,5
5,1,1,8,1,5.0,7
5,1,1,9,1,7.0,9
5,1,1,10,1,9.0,6
5,1,1,11,1,6.0,12
5,1,1,12,1,12.0,9
5,1,1,13,1,9.0,11
5,1,1,14,0,11.0,13
5,1,1,15,0,13.0,11
5,1,1,16,0,11.0,13
5,1,1,17,0,13.0,15
5,1,1,18,0,15.0,18
5,1,1,19,0,18.0,8
5,1,1,20,0,8.0,11
5,1,1,21,0,11.0,13
5,1,1,22,0,13.0,14
5,1,1,23,0,14.0,10
5,1,1,24,0,10.0,3
5,1,1,25,0,3.0,11
5,1,1,26,0,11.0,10
5,1,1,27,0,10.0,8
5,1,1,28,0,8.0,3
5,1,1,29,0,3.0,15
5,1,1,30,1,15.0,24
5,1,1,31,1,24.0,30
5,1,1,32,0,30.0,8
5,1,1,33,0,8.0,10
5,1,1,34,0,10.0,18
5,1,1,35,0,18.0,14
5,1,1,36,0,14.0,7
5,1,1,37,0,7.0,21
5,1,1,38,0,21.0,12
5,1,1,39,0,12.0,8
5,1,1,40,0,8.0,15
5,1,1,41,0,15.0,18
5,1,1,42,0,18.0,12
5,1,1,43,0,12.0,19
5,1,1,44,0,19.0,13
5,1,1,45,0,13.0,9
5,1,1,46,0,9.0,8
5,1,1,47,0,8.0,13
5,1,1,48,0,13.0,9
5,1,1,49,0,9.0,7
5,1,1,50,1,7.0,11
5,1,1,51,1,11.0,13
5,1,1,52,1,13.0,5
5,1,1,1,1,5.0,17
5,1,1,2,0,17.0,7
5,1,1,3,0,7.0,4
5,1,1,4,0,4.0,6
5,1,1,5,0,6.0,20
5,1,1,6,0,20.0,10
5,1,1,7,1,10.0,10
5,1,1,8,1,10.0,13
5,1,1,9,0,13.0,1
5,1,1,10,1,1.0,7
5,1,1,11,1,7.0,7
5,1,1,12,1,7.0,9
5,1,1,13,1,9.0,8
5,1,1,14,1,8.0,8
5,1,1,15,0,8.0,6
5,1,1,16,0,6.0,15
5,1,1,17,0,15.0,8
5,1,1,18,0,8.0,15
5,1,1,19,0,15.0,5
5,1,1,20,0,5.0,6
5,1,1,21,0,6.0,6
5,1,1,22,0,6.0,12
5,1,1,23,0,12.0,14
5,1,1,24,0,14.0,15
5,1,1,25,0,15.0,5
5,1,1,26,0,5.0,11
5,1,1,27,0,11.0,8
5,1,1,28,0,8.0,19
5,1,1,29,0,19.0,21
5,1,1,30,1,21.0,30
5,1,1,31,1,30.0,48
5,1,1,32,0,48.0,12
5,1,1,33,0,12.0,11
5,1,1,34,0,11.0,4
5,1,1,35,0,4.0,16
5,1,1,36,0,16.0,2
5,1,1,37,0,2.0,6
5,1,1,38,0,6.0,11
5,1,1,39,0,11.0,11
5,1,1,40,0,11.0,10
5,1,1,41,0,10.0,11
5,1,1,42,0,11.0,13
5,1,1,43,0,13.0,2
5,1,1,44,0,2.0,11
5,1,1,45,0,11.0,4
5,1,1,46,0,4.0,6
5,1,1,47,0,6.0,9
5,1,1,48,0,9.0,9
5,1,1,49,0,9.0,5
5,1,1,50,0,5.0,23
5,1,1,51,1,23.0,10
5,1,1,52,1,10.0,12
5,1,1,53,1,12.0,12
5,1,1,1,1,12.0,12
5,1,1,2,0,12.0,14
5,1,1,3,0,14.0,16
5,1,1,4,0,16.0,14
5,1,1,5,0,14.0,7
5,1,1,6,1,7.0,3
5,1,1,7,1,3.0,11
5,1,1,8,0,11.0,11
5,1,1,9,1,11.0,13
5,1,1,10,1,13.0,3
5,1,1,11,1,3.0,11
5,1,1,12,1,11.0,13
5,1,1,13,1,13.0,15
5,1,1,14,0,15.0,7
5,1,1,15,0,7.0,8
5,1,1,16,0,8.0,7
5,1,1,17,0,7.0,8
5,1,1,18,0,8.0,22
5,1,1,19,0,22.0,13
5,1,1,20,0,13.0,19
5,1,1,21,0,19.0,6
5,1,1,22,0,6.0,15
5,1,1,23,0,15.0,10
5,1,1,24,0,10.0,14
5,1,1,25,0,14.0,25
5,1,1,26,0,25.0,5
5,1,1,27,0,5.0,12
5,1,1,28,0,12.0,7
5,1,1,29,1,7.0,13
5,1,1,30,1,13.0,47
5,1,1,31,0,47.0,14
5,1,1,32,0,14.0,10
5,1,1,33,0,10.0,7
5,1,1,34,0,7.0,23
5,1,1,35,0,23.0,6
5,1,1,36,0,6.0,16
5,1,1,37,0,16.0,7
5,1,1,38,0,7.0,11
5,1,1,39,0,11.0,5
5,1,1,40,0,5.0,15
5,1,1,41,0,15.0,10
5,1,1,42,0,10.0,8
5,1,1,43,0,8.0,12
5,1,1,44,0,12.0,14
5,1,1,45,0,14.0,6
5,1,1,46,0,6.0,19
5,1,1,47,0,19.0,15
5,1,1,48,0,15.0,17
5,1,1,49,0,17.0,6
5,1,1,50,1,6.0,14
5,1,1,51,1,14.0,8
5,1,1,52,1,8.0,5
5,1,1,1,1,5.0,10
5,1,1,2,0,10.0,10
5,1,1,3,0,10.0,21
5,1,1,4,0,21.0,14
5,1,1,6,1,14.0,11
5,1,1,7,1,11.0,11
5,1,1,8,0,11.0,5
5,1,1,9,1,5.0,4
5,1,1,10,1,4.0,15
5,1,1,11,1,15.0,7
5,1,1,12,1,7.0,8
5,1,1,13,1,8.0,10
5,1,1,14,0,10.0,7
5,1,1,15,0,7.0,19
5,1,1,16,0,19.0,9
5,1,1,17,0,9.0,15
5,1,1,18,0,15.0,14
5,1,1,19,0,14.0,16
5,1,1,20,0,16.0,4
5,1,1,21,0,4.0,13
5,1,1,22,0,13.0,6
5,1,1,23,0,6.0,11
5,1,1,24,0,11.0,6
5,1,1,25,0,6.0,7
5,1,1,26,0,7.0,8
5,1,1,27,0,8.0,10
5,1,1,28,0,10.0,9
5,1,1,29,1,9.0,37
5,1,1,30,1,37.0,38
5,1,1,31,0,38.0,14
5,1,1,32,0,14.0,12
5,1,1,33,0,12.0,14
5,1,1,34,0,14.0,12
5,1,1,35,0,12.0,11
5,1,1,36,0,11.0,17
5,1,1,37,0,17.0,12
5,1,1,38,0,12.0,13
5,1,1,39,0,13.0,9
5,1,1,40,0,9.0,11
5,1,1,41,0,11.0,6
5,1,1,42,0,6.0,6
5,1,1,43,0,6.0,14
5,1,1,44,0,14.0,3
5,1,1,45,0,3.0,12
5,1,1,46,0,12.0,12
5,1,1,47,0,12.0,4
5,1,1,48,0,4.0,15
5,1,1,49,0,15.0,5
5,1,1,50,1,5.0,12
5,1,1,51,1,12.0,3
5,1,1,52,1,3.0,7
5,1,1,1,1,7.0,12
5,1,1,2,0,12.0,13
5,1,1,3,0,13.0,9
5,1,1,4,0,9.0,5
5,1,1,5,0,5.0,12
5,1,1,6,1,12.0,14
5,1,1,7,1,14.0,8
5,1,1,8,1,8.0,6
5,1,1,9,1,6.0,14
5,1,1,10,1,14.0,16
5,1,1,11,1,16.0,7
5,1,1,12,1,7.0,12
5,1,1,13,1,12.0,9
5,1,1,14,0,9.0,8
5,1,1,15,0,8.0,6
5,1,1,16,0,6.0,15
5,1,1,17,0,15.0,10
5,1,1,18,0,10.0,9
5,1,1,19,0,9.0,5
5,1,1,20,0,5.0,9
5,1,1,21,0,9.0,12
5,1,1,22,0,12.0,8
5,1,1,23,0,8.0,9
5,1,1,24,0,9.0,8
5,1,1,25,0,8.0,9
5,1,1,26,0,9.0,6
5,1,1,27,0,6.0,6
5,1,1,28,0,6.0,11
5,1,1,29,1,11.0,29
5,1,1,30,1,29.0,64
5,1,1,31,0,64.0,8
5,1,1,32,0,8.0,20
5,1,1,33,0,20.0,15
5,1,1,34,0,15.0,6
5,1,1,35,0,6.0,5
5,1,1,36,0,5.0,2
5,1,1,37,0,2.0,12
5,1,1,38,0,12.0,11
5,1,1,39,0,11.0,11
5,1,1,40,0,11.0,12
5,1,1,41,0,12.0,10
5,1,1,42,0,10.0,10
5,1,1,43,0,10.0,15
5,1,1,44,0,15.0,4
5,1,1,45,0,4.0,29
5,1,1,46,0,29.0,12
5,1,1,47,0,12.0,5
5,1,1,48,0,5.0,14
5,1,1,49,0,14.0,1
5,1,1,50,1,1.0,12
5,1,1,51,1,12.0,16
5,1,1,52,1,16.0,4
5,1,1,1,1,4.0,15
5,1,1,2,0,15.0,5
5,1,1,3,0,5.0,15
5,1,1,4,0,15.0,14
5,1,1,5,0,14.0,13
5,1,1,6,1,13.0,20
5,1,1,7,1,20.0,13
5,1,1,8,0,13.0,6
5,1,1,9,1,6.0,5
5,1,1,10,1,5.0,5
5,1,1,11,1,5.0,13
5,1,1,12,1,13.0,14
5,1,1,13,1,14.0,18
5,1,1,14,0,18.0,14
5,1,1,15,0,14.0,14
5,1,1,16,0,14.0,5
5,1,1,17,0,5.0,14
5,1,1,18,0,14.0,20
5,1,1,19,0,20.0,19
5,1,1,20,0,19.0,11
5,1,1,21,0,11.0,13
5,1,1,22,0,13.0,10
5,1,1,23,0,10.0,5
5,1,1,24,0,5.0,5
5,1,1,25,0,5.0,13
5,1,1,26,0,13.0,6
5,1,1,27,0,6.0,13
5,1,1,28,0,13.0,12
5,1,1,29,0,12.0,16
5,1,1,30,1,16.0,82
5,1,1,31,1,82.0,28
5,1,1,32,0,28.0,21
5,1,1,33,0,21.0,13
5,1,1,34,0,13.0,16
5,1,1,35,0,16.0,13
5,1,1,36,0,13.0,11
5,1,1,37,0,11.0,5
5,1,1,38,0,5.0,7
5,1,1,39,0,7.0,11
5,1,1,40,0,11.0,12
5,1,1,41,0,12.0,5
5,1,1,42,0,5.0,16
5,1,1,43,0,16.0,11
5,1,1,44,0,11.0,16
5,1,1,45,0,16.0,9
5,1,1,46,0,9.0,14
5,1,1,47,0,14.0,15
5,1,1,48,0,15.0,17
5,1,1,49,0,17.0,8
5,1,1,50,1,8.0,11
5,1,1,51,1,11.0,10
5,1,1,52,1,10.0,11
5,1,1,1,1,11.0,12
5,1,1,2,0,12.0,9
5,1,1,3,0,9.0,17
5,1,1,4,0,17.0,1
5,1,1,5,0,1.0,3
5,1,1,6,0,3.0,8
5,1,1,7,1,8.0,11
5,1,1,8,1,11.0,11
5,1,1,9,1,11.0,4
5,1,1,10,1,4.0,3
5,1,1,11,1,3.0,2
5,1,1,12,1,2.0,15
5,1,1,13,1,15.0,19
5,1,1,14,1,19.0,20
5,1,1,15,0,20.0,6
5,1,1,16,0,6.0,5
5,1,1,17,0,5.0,3
5,1,1,18,0,3.0,6
5,1,1,19,0,6.0,14
5,1,1,20,0,14.0,13
5,1,1,21,0,13.0,23
5,1,1,22,0,23.0,13
5,1,1,23,0,13.0,6
5,1,1,24,0,6.0,9
5,1,1,25,0,9.0,10
5,1,1,26,0,10.0,15
5,1,1,27,0,15.0,16
5,1,1,28,0,16.0,3
5,1,1,29,0,3.0,4
5,1,1,30,1,4.0,53
5,1,1,31,1,53.0,27
5,1,1,32,0,27.0,8
5,1,1,33,0,8.0,15
5,1,1,34,0,15.0,17
5,1,1,35,0,17.0,11
5,1,1,36,0,11.0,7
5,1,1,37,0,7.0,19
5,1,1,38,0,19.0,9
5,1,1,39,0,9.0,14
5,1,1,40,0,14.0,17
5,1,1,41,0,17.0,7
5,1,1,42,0,7.0,6
5,1,1,43,0,6.0,12
5,1,1,44,0,12.0,9
5,1,1,45,0,9.0,11
5,1,1,46,0,11.0,7
5,1,1,47,0,7.0,5
5,1,1,48,0,5.0,4
5,1,1,49,0,4.0,27
5,1,1,50,0,27.0,15
5,1,1,51,1,15.0,8
5,1,1,52,1,8.0,8
5,1,2,1,1,0.0,10
5,1,2,2,0,10.0,8
5,1,2,3,0,8.0,4
5,1,2,4,0,4.0,12
5,1,2,5,0,12.0,15
5,1,2,6,1,15.0,13
5,1,2,7,1,13.0,10
5,1,2,8,1,10.0,15
5,1,2,9,1,15.0,3
5,1,2,10,1,3.0,5
5,1,2,11,1,5.0,10
5,1,2,12,1,10.0,11
5,1,2,13,1,11.0,21
5,1,2,14,0,21.0,15
5,1,2,15,0,15.0,5
5,1,2,16,0,5.0,21
5,1,2,17,0,21.0,15
5,1,2,18,0,15.0,5
5,1,2,19,0,5.0,21
5,1,2,20,0,21.0,18
5,1,2,21,0,18.0,5
5,1,2,22,0,5.0,7
5,1,2,23,0,7.0,5
5,1,2,24,0,5.0,5
5,1,2,25,0,5.0,10
5,1,2,26,0,10.0,9
5,1,2,27,0,9.0,12
5,1,2,28,0,12.0,11
5,1,2,29,1,11.0,14
5,1,2,30,1,14.0,38
5,1,2,31,0,38.0,10
5,1,2,32,0,10.0,10
5,1,2,33,0,10.0,9
5,1,2,34,0,9.0,8
5,1,2,35,0,8.0,11
5,1,2,36,0,11.0,10
5,1,2,37,0,10.0,25
5,1,2,38,0,25.0,11
5,1,2,39,0,11.0,14
5,1,2,40,0,14.0,2
5,1,2,41,0,2.0,7
5,1,2,42,0,7.0,3
5,1,2,43,0,3.0,12
5,1,2,44,0,12.0,3
5,1,2,45,0,3.0,3
5,1,2,46,0,3.0,14
5,1,2,47,0,14.0,11
5,1,2,48,0,11.0,14
5,1,2,49,0,14.0,12
5,1,2,50,1,12.0,11
5,1,2,51,1,11.0,7
5,1,2,52,1,7.0,22
5,1,2,1,1,22.0,9
5,1,2,2,0,9.0,23
5,1,2,3,0,23.0,13
5,1,2,4,0,13.0,11
5,1,2,5,0,11.0,9
5,1,2,6,0,9.0,13
5,1,2,7,1,13.0,10
5,1,2,8,1,10.0,11
5,1,2,9,1,11.0,10
5,1,2,10,1,10.0,10
5,1,2,11,1,10.0,7
5,1,2,12,1,7.0,8
5,1,2,13,1,8.0,11
5,1,2,14,0,11.0,7
5,1,2,15,0,7.0,17
5,1,2,16,0,17.0,7
5,1,2,17,0,7.0,9
5,1,2,18,0,9.0,11
5,1,2,19,0,11.0,7
5,1,2,20,0,7.0,8
5,1,2,21,0,8.0,4
5,1,2,22,0,4.0,8
5,1,2,23,0,8.0,9
5,1,2,24,0,9.0,14
5,1,2,25,0,14.0,3
5,1,2,26,0,3.0,16
5,1,2,27,0,16.0,9
5,1,2,28,0,9.0,17
5,1,2,29,0,17.0,14
5,1,2,30,1,14.0,34
5,1,2,31,1,34.0,34
5,1,2,32,0,34.0,7
5,1,2,33,0,7.0,9
5,1,2,34,0,9.0,8
5,1,2,35,0,8.0,22
5,1,2,36,0,22.0,8
5,1,2,37,0,8.0,11
5,1,2,38,0,11.0,17
5,1,2,39,0,17.0,20
5,1,2,40,0,20.0,9
5,1,2,41,0,9.0,9
5,1,2,42,0,9.0,8
5,1,2,43,0,8.0,7
5,1,2,44,0,7.0,6
5,1,2,45,0,6.0,13
5,1,2,46,0,13.0,21
5,1,2,47,0,21.0,8
5,1,2,48,0,8.0,6
5,1,2,49,0,6.0,15
5,1,2,50,1,15.0,18
5,1,2,51,1,18.0,9
5,1,2,52,1,9.0,8
5,1,2,1,1,8.0,11
5,1,2,2,0,11.0,5
5,1,2,3,0,5.0,15
5,1,2,4,0,15.0,12
5,1,2,5,0,12.0,10
5,1,2,6,0,10.0,9
5,1,2,7,1,9.0,17
5,1,2,8,1,17.0,8
5,1,2,9,0,8.0,15
5,1,2,10,1,15.0,11
5,1,2,11,1,11.0,4
5,1,2,12,1,4.0,12
5,1,2,13,1,12.0,14
5,1,2,14,1,14.0,7
5,1,2,15,0,7.0,16
5,1,2,16,0,16.0,11
5,1,2,17,0,11.0,22
5,1,2,18,0,22.0,16
5,1,2,19,0,16.0,11
5,1,2,20,0,11.0,12
5,1,2,21,0,12.0,16
5,1,2,22,0,16.0,5
5,1,2,23,0,5.0,5
5,1,2,24,0,5.0,16
5,1,2,25,0,16.0,5
5,1,2,26,0,5.0,8
5,1,2,27,0,8.0,20
5,1,2,28,0,20.0,3
5,1,2,29,0,3.0,15
5,1,2,30,1,15.0,49
5,1,2,31,1,49.0,62
5,1,2,32,0,62.0,12
5,1,2,33,0,12.0,13
5,1,2,34,0,13.0,12
5,1,2,35,0,12.0,2
5,1,2,36,0,2.0,11
5,1,2,37,0,11.0,13
5,1,2,38,0,13.0,6
5,1,2,39,0,6.0,11
5,1,2,40,0,11.0,14
5,1,2,41,0,14.0,11
5,1,2,42,0,11.0,17
5,1,2,43,0,17.0,16
5,1,2,44,0,16.0,20
5,1,2,45,0,20.0,8
5,1,2,46,0,8.0,9
5,1,2,47,0,9.0,4
5,1,2,48,0,4.0,13
5,1,2,49,0,13.0,17
5,1,2,50,0,17.0,12
5,1,2,51,1,12.0,10
5,1,2,52,1,10.0,8
5,1,2,53,1,8.0,11
5,1,2,1,1,11.0,7
5,1,2,2,0,7.0,5
5,1,2,3,0,5.0,11
5,1,2,4,0,11.0,19
5,1,2,5,0,19.0,13
5,1,2,6,1,13.0,1
5,1,2,7,1,1.0,18
5,1,2,8,0,18.0,19
5,1,2,9,1,19.0,10
5,1,2,10,1,10.0,9
5,1,2,11,1,9.0,13
5,1,2,12,1,13.0,10
5,1,2,13,1,10.0,9
5,1,2,14,0,9.0,9
5,1,2,15,0,9.0,7
5,1,2,16,0,7.0,6
5,1,2,17,0,6.0,15
5,1,2,18,0,15.0,6
5,1,2,19,0,6.0,16
5,1,2,20,0,16.0,3
5,1,2,21,0,3.0,15
5,1,2,22,0,15.0,10
5,1,2,23,0,10.0,13
5,1,2,24,0,13.0,11
5,1,2,25,0,11.0,3
5,1,2,26,0,3.0,9
5,1,2,27,0,9.0,15
5,1,2,28,0,15.0,17
5,1,2,29,1,17.0,56
5,1,2,30,1,56.0,70
5,1,2,31,0,70.0,13
5,1,2,32,0,13.0,9
5,1,2,33,0,9.0,18
5,1,2,34,0,18.0,15
5,1,2,35,0,15.0,19
5,1,2,36,0,19.0,8
5,1,2,37,0,8.0,16
5,1,2,38,0,16.0,8
5,1,2,39,0,8.0,9
5,1,2,40,0,9.0,11
5,1,2,41,0,11.0,10
5,1,2,42,0,10.0,11
5,1,2,43,0,11.0,11
5,1,2,44,0,11.0,10
5,1,2,45,0,10.0,14
5,1,2,46,0,14.0,9
5,1,2,47,0,9.0,18
5,1,2,48,0,18.0,9
5,1,2,49,0,9.0,8
5,1,2,50,1,8.0,14
5,1,2,51,1,14.0,21
5,1,2,52,1,21.0,8
5,1,2,1,1,8.0,11
5,1,2,2,0,11.0,11
5,1,2,3,0,11.0,23
5,1,2,4,0,23.0,14
5,1,2,5,0,14.0,9
5,1,2,6,1,9.0,13
5,1,2,7,1,13.0,9
5,1,2,8,0,9.0,8
5,1,2,9,1,8.0,10
5,1,2,10,1,10.0,8
5,1,2,11,1,8.0,14
5,1,2,12,1,14.0,4
5,1,2,13,1,4.0,18
5,1,2,14,0,18.0,11
5,1,2,15,0,11.0,20
5,1,2,16,0,20.0,19
5,1,2,17,0,19.0,14
5,1,2,18,0,14.0,12
5,1,2,19,0,12.0,6
5,1,2,20,0,6.0,12
5,1,2,21,0,12.0,16
5,1,2,22,0,16.0,9
5,1,2,23,0,9.0,20
5,1,2,24,0,20.0,9
5,1,2,25,0,9.0,4
5,1,2,26,0,4.0,16
5,1,2,27,0,16.0,15
5,1,2,28,0,15.0,13
5,1,2,29,0,13.0,9
5,1,2,30,1,9.0,68
5,1,2,31,0,68.0,20
5,1,2,32,0,20.0,14
5,1,2,33,0,14.0,6
5,1,2,34,0,6.0,10
5,1,2,35,0,10.0,3
5,1,2,36,0,3.0,19
5,1,2,37,0,19.0,11
5,1,2,38,0,11.0,1
5,1,2,39,0,1.0,13
5,1,2,40,0,13.0,5
5,1,2,41,0,5.0,10
5,1,2,42,0,10.0,3
5,1,2,43,0,3.0,17
5,1,2,44,0,17.0,11
5,1,2,45,0,11.0,14
5,1,2,46,0,14.0,11
5,1,2,47,0,11.0,11
5,1,2,48,0,11.0,4
5,1,2,49,0,4.0,8
5,1,2,50,1,8.0,6
5,1,2,51,1,6.0,13
5,1,2,52,1,13.0,17
5,1,2,1,1,17.0,15
5,1,2,2,0,15.0,1
5,1,2,3,0,1.0,11
5,1,2,4,0,11.0,18
5,1,2,5,0,18.0,11
5,1,2,6,1,11.0,8
5,1,2,7,1,8.0,7
5,1,2,8,1,7.0,17
5,1,2,9,1,17.0,8
5,1,2,10,1,8.0,10
5,1,2,11,1,10.0,10
5,1,2,12,1,10.0,12
5,1,2,13,1,12.0,9
5,1,2,14,0,9.0,14
5,1,2,15,0,14.0,5
5,1,2,16,0,5.0,3
5,1,2,17,0,3.0,8
5,1,2,18,0,8.0,14
5,1,2,19,0,14.0,13
5,1,2,20,0,13.0,14
5,1,2,21,0,14.0,10
5,1,2,22,0,10.0,5
5,1,2,23,0,5.0,18
5,1,2,24,0,18.0,17
5,1,2,25,0,17.0,16
5,1,2,26,0,16.0,12
5,1,2,27,0,12.0,14
5,1,2,28,0,14.0,11
5,1,2,29,1,11.0,64
5,1,2,30,1,64.0,36
5,1,2,31,0,36.0,7
5,1,2,32,0,7.0,15
5,1,2,33,0,15.0,21
5,1,2,34,0,21.0,10
5,1,2,35,0,10.0,7
5,1,2,36,0,7.0,18
5,1,2,37,0,18.0,15
5,1,2,38,0,15.0,13
5,1,2,39,0,13.0,5
5,1,2,40,0,5.0,23
5,1,2,41,0,23.0,16
5,1,2,42,0,16.0,6
5,1,2,43,0,6.0,12
5,1,2,44,0,12.0,14
5,1,2,45,0,14.0,18
5,1,2,46,0,18.0,8
5,1,2,47,0,8.0,8
5,1,2,48,0,8.0,10
5,1,2,49,0,10.0,14
5,1,2,50,1,14.0,23
5,1,2,51,1,23.0,11
5,1,2,52,1,11.0,13
5,1,2,1,1,13.0,16
5,1,2,2,0,16.0,8
5,1,2,3,0,8.0,9
5,1,2,4,0,9.0,14
5,1,2,5,0,14.0,22
5,1,2,6,1,22.0,13
5,1,2,7,1,13.0,14
5,1,2,8,1,14.0,19
5,1,2,9,1,19.0,10
5,1,2,10,1,10.0,7
5,1,2,11,1,7.0,10
5,1,2,12,1,10.0,7
5,1,2,13,1,7.0,8
5,1,2,14,0,8.0,9
5,1,2,15,0,9.0,12
5,1,2,16,0,12.0,12
5,1,2,17,0,12.0,12
5,1,2,18,0,12.0,9
5,1,2,19,0,9.0,9
5,1,2,20,0,9.0,6
5,1,2,21,0,6.0,4
5,1,2,22,0,4.0,6
5,1,2,23,0,6.0,8
5,1,2,24,0,8.0,9
5,1,2,25,0,9.0,7
5,1,2,26,0,7.0,13
5,1,2,27,0,13.0,9
5,1,2,28,0,9.0,13
5,1,2,29,0,13.0,5
5,1,2,30,1,5.0,55
5,1,2,31,1,55.0,61
5,1,2,32,0,61.0,16
5,1,2,33,0,16.0,23
5,1,2,34,0,23.0,12
5,1,2,35,0,12.0,13
5,1,2,36,0,13.0,20
5,1,2,37,0,20.0,9
5,1,2,38,0,9.0,6
5,1,2,39,0,6.0,7
5,1,2,40,0,7.0,8
5,1,2,41,0,8.0,21
5,1,2,42,0,21.0,7
5,1,2,43,0,7.0,12
5,1,2,44,0,12.0,16
5,1,2,45,0,16.0,8
5,1,2,46,0,8.0,16
5,1,2,47,0,16.0,18
5,1,2,48,0,18.0,15
5,1,2,49,0,15.0,7
5,1,2,50,1,7.0,17
5,1,2,51,1,17.0,5
5,1,2,52,1,5.0,8
5,1,2,1,1,8.0,6
5,1,2,2,0,6.0,11
5,1,2,3,0,11.0,16
5,1,2,4,0,16.0,8
5,1,2,5,0,8.0,10
5,1,2,6,0,10.0,4
5,1,2,7,1,4.0,3
5,1,2,8,1,3.0,12
5,1,2,9,0,12.0,11
5,1,2,10,1,11.0,8
5,1,2,11,1,8.0,15
5,1,2,12,1,15.0,9
5,1,2,13,1,9.0,5
5,1,2,14,1,5.0,6
5,1,2,15,0,6.0,8
5,1,2,16,0,8.0,10
5,1,2,17,0,10.0,13
5,1,2,18,0,13.0,16
5,1,2,19,0,16.0,7
5,1,2,20,0,7.0,8
5,1,2,21,0,8.0,11
5,1,2,22,0,11.0,10
5,1,2,23,0,10.0,5
5,1,2,24,0,5.0,9
5,1,2,25,0,9.0,14
5,1,2,26,0,14.0,14
5,1,2,27,0,14.0,9
5,1,2,28,0,9.0,20
5,1,2,29,0,20.0,16
5,1,2,30,1,16.0,12
5,1,2,31,1,12.0,43
5,1,2,32,0,43.0,9
5,1,2,33,0,9.0,3
5,1,2,34,0,3.0,11
5,1,2,35,0,11.0,7
5,1,2,36,0,7.0,4
5,1,2,37,0,4.0,7
5,1,2,38,0,7.0,10
5,1,2,39,0,10.0,17
5,1,2,40,0,17.0,14
5,1,2,41,0,14.0,11
5,1,2,42,0,11.0,13
5,1,2,43,0,13.0,11
5,1,2,44,0,11.0,4
5,1,2,45,0,4.0,15
5,1,2,46,0,15.0,12
5,1,2,47,0,12.0,10
5,1,2,49,0,10.0,7
5,1,2,50,0,7.0,7
5,1,2,51,1,7.0,10
5,1,2,52,1,10.0,6
5,1,2,1,1,6.0,5
5,2,0,1,1,0.0,14
5,2,0,2,0,14.0,4
5,2,0,3,0,4.0,10
5,2,0,4,0,10.0,15
5,2,0,5,0,15.0,12
5,2,0,6,0,12.0,4
5,2,0,7,1,4.0,87
5,2,0,8,1,87.0,39
5,2,0,9,1,39.0,17
5,2,0,10,1,17.0,8
5,2,0,11,1,8.0,13
5,2,0,12,1,13.0,4
5,2,0,13,1,4.0,13
5,2,0,14,0,13.0,5
5,2,0,15,0,5.0,14
5,2,0,16,0,14.0,23
5,2,0,17,0,23.0,17
5,2,0,18,0,17.0,10
5,2,0,19,0,10.0,13
5,2,0,20,0,13.0,15
5,2,0,21,0,15.0,10
5,2,0,22,0,10.0,5
5,2,0,23,0,5.0,10
5,2,0,24,0,10.0,11
5,2,0,25,0,11.0,5
5,2,0,26,0,5.0,18
5,2,0,27,0,18.0,1
5,2,0,28,0,1.0,1
5,2,0,29,1,1.0,9
5,2,0,30,1,9.0,13
5,2,0,31,1,13.0,6
5,2,0,32,0,6.0,14
5,2,0,33,0,14.0,18
5,2,0,34,0,18.0,7
5,2,0,35,0,7.0,10
5,2,0,36,0,10.0,12
5,2,0,37,0,12.0,14
5,2,0,38,0,14.0,14
5,2,0,39,0,14.0,15
5,2,0,40,0,15.0,9
5,2,0,41,0,9.0,12
5,2,0,42,0,12.0,12
5,2,0,43,0,12.0,6
5,2,0,44,0,6.0,5
5,2,0,45,0,5.0,9
5,2,0,46,0,9.0,17
5,2,0,47,0,17.0,17
5,2,0,48,0,17.0,13
5,2,0,49,0,13.0,7
5,2,0,50,0,7.0,4
5,2,0,51,1,4.0,8
5,2,0,52,1,8.0,16
5,2,0,1,1,16.0,6
5,2,0,2,0,6.0,7
5,2,0,3,0,7.0,14
5,2,0,4,0,14.0,9
5,2,0,5,0,9.0,11
5,2,0,6,1,11.0,59
5,2,0,7,1,59.0,101
5,2,0,8,1,101.0,66
5,2,0,9,1,66.0,6
5,2,0,10,1,6.0,12
5,2,0,12,1,12.0,4
5,2,0,13,1,4.0,11
5,2,0,14,0,11.0,11
5,2,0,15,0,11.0,6
5,2,0,16,0,6.0,8
5,2,0,17,0,8.0,11
5,2,0,18,0,11.0,9
5,2,0,19,0,9.0,13
5,2,0,20,0,13.0,9
5,2,0,21,0,9.0,7
5,2,0,22,0,7.0,8
5,2,0,23,0,8.0,8
5,2,0,24,0,8.0,10
5,2,0,25,0,10.0,4
5,2,0,26,0,4.0,13
5,2,0,27,0,13.0,5
5,2,0,28,0,5.0,1
5,2,0,29,0,1.0,4
5,2,0,30,1,4.0,14
5,2,0,31,1,14.0,17
5,2,0,32,0,17.0,12
5,2,0,33,0,12.0,18
5,2,0,34,0,18.0,4
5,2,0,35,0,4.0,6
5,2,0,36,0,6.0,9
5,2,0,37,0,9.0,6
5,2,0,38,0,6.0,11
5,2,0,39,0,11.0,15
5,2,0,40,0,15.0,15
5,2,0,41,0,15.0,6
5,2,0,42,0,6.0,7
5,2,0,43,0,7.0,9
5,2,0,44,0,9.0,12
5,2,0,45,0,12.0,14
5,2,0,46,0,14.0,11
5,2,0,47,0,11.0,6
5,2,0,48,0,6.0,9
5,2,0,49,0,9.0,9
5,2,0,50,1,9.0,10
5,2,0,51,1,10.0,11
5,2,0,52,1,11.0,12
5,2,0,1,1,12.0,5
5,2,0,2,0,5.0,12
5,2,0,3,0,12.0,14
5,2,0,4,0,14.0,11
5,2,0,5,0,11.0,9
5,2,0,6,0,9.0,18
5,2,0,7,1,18.0,28
5,2,0,8,1,28.0,67
5,2,0,9,0,67.0,1
5,2,0,10,1,1.0,8
5,2,0,11,1,8.0,6
5,2,0,12,1,6.0,9
5,2,0,13,1,9.0,14
5,2,0,14,0,14.0,5
5,2,0,15,0,5.0,8
5,2,0,16,0,8.0,10
5,2,0,17,0,10.0,16
5,2,0,18,0,16.0,5
5,2,0,19,0,5.0,13
5,2,0,20,0,13.0,17
5,2,0,21,0,17.0,7
5,2,0,22,0,7.0,12
5,2,0,23,0,12.0,10
5,2,0,24,0,10.0,7
5,2,0,25,0,7.0,3
5,2,0,26,0,3.0,6
5,2,0,27,0,6.0,5
5,2,0,28,0,5.0,12
5,2,0,29,0,12.0,16
5,2,0,30,1,16.0,13
5,2,0,31,1,13.0,11
5,2,0,32,0,11.0,9
5,2,0,33,0,9.0,12
5,2,0,34,0,12.0,20
5,2,0,35,0,20.0,5
5,2,0,36,0,5.0,9
5,2,0,37,0,9.0,16
5,2,0,38,0,16.0,11
5,2,0,39,0,11.0,4
5,2,0,40,0,4.0,8
5,2,0,41,0,8.0,13
5,2,0,42,0,13.0,13
5,2,0,43,0,13.0,4
5,2,0,44,0,4.0,10
5,2,0,45,0,10.0,9
5,2,0,46,0,9.0,7
5,2,0,47,0,7.0,18
5,2,0,48,0,18.0,22
5,2,0,49,0,22.0,9
5,2,0,50,0,9.0,3
5,2,0,51,1,3.0,16
5,2,0,52,1,16.0,15
5,2,0,53,1,15.0,4
5,2,0,1,1,4.0,7
5,2,0,2,0,7.0,11
5,2,0,3,0,11.0,8
5,2,0,4,0,8.0,12
5,2,0,5,0,12.0,12
5,2,0,6,1,12.0,60
5,2,0,7,1,60.0,69
5,2,0,8,0,69.0,24
5,2,0,9,1,24.0,14
5,2,0,10,1,14.0,4
5,2,0,11,1,4.0,14
5,2,0,12,1,14.0,10
5,2,0,13,1,10.0,10
5,2,0,14,0,10.0,8
5,2,0,15,0,8.0,4
5,2,0,16,0,4.0,7
5,2,0,17,0,7.0,13
5,2,0,18,0,13.0,1
5,2,0,19,0,1.0,2
5,2,0,20,0,2.0,21
5,2,0,21,0,21.0,10
5,2,0,22,0,10.0,9
5,2,0,23,0,9.0,4
5,2,0,24,0,4.0,19
5,2,0,25,0,19.0,18
5,2,0,26,0,18.0,4
5,2,0,27,0,4.0,5
5,2,0,28,0,5.0,12
5,2,0,29,1,12.0,15
5,2,0,30,1,15.0,9
5,2,0,31,0,9.0,8
5,2,0,32,0,8.0,8
5,2,0,33,0,8.0,10
5,2,0,34,0,10.0,11
5,2,0,35,0,11.0,10
5,2,0,36,0,10.0,13
5,2,0,37,0,13.0,5
5,2,0,38,0,5.0,17
5,2,0,39,0,17.0,5
5,2,0,40,0,5.0,9
5,2,0,41,0,9.0,19
5,2,0,42,0,19.0,18
5,2,0,43,0,18.0,10
5,2,0,44,0,10.0,7
5,2,0,45,0,7.0,8
5,2,0,46,0,8.0,7
5,2,0,47,0,7.0,20
5,2,0,48,0,20.0,15
5,2,0,49,0,15.0,12
5,2,0,50,1,12.0,10
5,2,0,51,1,10.0,11
5,2,0,52,1,11.0,19
5,2,0,1,1,19.0,4
5,2,0,2,0,4.0,10
5,2,0,3,0,10.0,12
5,2,0,4,0,12.0,12
5,2,0,5,0,12.0,4
5,2,0,6,1,4.0,41
5,2,0,7,1,41.0,57
5,2,0,8,0,57.0,10
5,2,0,9,1,10.0,5
5,2,0,10,1,5.0,15
5,2,0,11,1,15.0,3
5,2,0,12,1,3.0,7
5,2,0,13,1,7.0,13
5,2,0,14,0,13.0,9
5,2,0,15,0,9.0,11
5,2,0,16,0,11.0,7
5,2,0,17,0,7.0,4
5,2,0,18,0,4.0,18
5,2,0,19,0,18.0,20
5,2,0,20,0,20.0,14
5,2,0,21,0,14.0,8
5,2,0,22,0,8.0,13
5,2,0,23,0,13.0,13
5,2,0,24,0,13.0,16
5,2,0,25,0,16.0,11
5,2,0,26,0,11.0,10
5,2,0,27,0,10.0,4
5,2,0,28,0,4.0,10
5,2,0,29,1,10.0,14
5,2,0,30,1,14.0,3
5,2,0,31,0,3.0,14
5,2,0,32,0,14.0,14
5,2,0,33,0,14.0,5
5,2,0,34,0,5.0,20
5,2,0,35,0,20.0,12
5,2,0,36,0,12.0,16
5,2,0,37,0,16.0,16
5,2,0,38,0,16.0,8
5,2,0,39,0,8.0,7
5,2,0,40,0,7.0,3
5,2,0,41,0,3.0,4
5,2,0,42,0,4.0,7
5,2,0,43,0,7.0,3
5,2,0,44,0,3.0,8
5,2,0,45,0,8.0,3
5,2,0,46,0,3.0,10
5,2,0,47,0,10.0,9
5,2,0,48,0,9.0,10
5,2,0,49,0,10.0,8
5,2,0,50,1,8.0,9
5,2,0,51,1,9.0,11
5,2,0,52,1,11.0,10
5,2,0,1,1,10.0,6
5,2,0,2,0,6.0,7
5,2,0,3,0,7.0,15
5,2,0,4,0,15.0,8
5,2,0,5,0,8.0,10
5,2,0,6,1,10.0,53
5,2,0,7,1,53.0,177
5,2,0,8,1,177.0,48
5,2,0,9,1,48.0,6
5,2,0,10,1,6.0,9
5,2,0,11,1,9.0,11
5,2,0,13,1,11.0,12
5,2,0,14,0,12.0,17
5,2,0,15,0,17.0,17
5,2,0,16,0,17.0,8
5,2,0,18,0,8.0,5
5,2,0,19,0,5.0,9
5,2,0,20,0,9.0,5
5,2,0,21,0,5.0,11
5,2,0,22,0,11.0,10
5,2,0,23,0,10.0,16
5,2,0,24,0,16.0,12
5,2,0,25,0,12.0,14
5,2,0,26,0,14.0,13
5,2,0,27,0,13.0,8
5,2,0,28,0,8.0,5
5,2,0,29,1,5.0,11
5,2,0,30,1,11.0,8
5,2,0,31,1,8.0,10
5,2,0,32,0,10.0,6
5,2,0,33,0,6.0,13
5,2,0,34,0,13.0,20
5,2,0,35,0,20.0,22
5,2,0,36,0,22.0,12
5,2,0,37,0,12.0,7
5,2,0,38,0,7.0,14
5,2,0,39,0,14.0,25
5,2,0,40,0,25.0,6
5,2,0,42,0,6.0,9
5,2,0,43,0,9.0,11
5,2,0,44,0,11.0,5
5,2,0,45,0,5.0,9
5,2,0,46,0,9.0,4
5,2,0,47,0,4.0,10
5,2,0,48,0,10.0,20
5,2,0,49,0,20.0,11
5,2,0,50,1,11.0,12
5,2,0,51,1,12.0,8
5,2,0,52,1,8.0,6
5,2,0,1,1,6.0,8
5,2,0,2,0,8.0,10
5,2,0,3,0,10.0,3
5,2,0,4,0,3.0,3
5,2,0,5,0,3.0,6
5,2,0,6,1,6.0,77
5,2,0,7,1,77.0,66
5,2,0,8,1,66.0,25
5,2,0,9,1,25.0,15
5,2,0,10,1,15.0,10
5,2,0,11,1,10.0,9
5,2,0,12,1,9.0,12
5,2,0,13,1,12.0,3
5,2,0,14,0,3.0,6
5,2,0,15,0,6.0,10
5,2,0,16,0,10.0,12
5,2,0,17,0,12.0,5
5,2,0,18,0,5.0,11
5,2,0,19,0,11.0,14
5,2,0,20,0,14.0,16
5,2,0,21,0,16.0,6
5,2,0,22,0,6.0,6
5,2,0,23,0,6.0,6
5,2,0,24,0,6.0,16
5,2,0,25,0,16.0,9
5,2,0,26,0,9.0,1
5,2,0,27,0,1.0,14
5,2,0,28,0,14.0,7
5,2,0,29,0,7.0,15
5,2,0,30,1,15.0,10
5,2,0,31,1,10.0,9
5,2,0,32,0,9.0,1
5,2,0,33,0,1.0,2
5,2,0,34,0,2.0,14
5,2,0,35,0,14.0,4
5,2,0,36,0,4.0,1
5,2,0,37,0,1.0,19
5,2,0,38,0,19.0,17
5,2,0,39,0,17.0,23
5,2,0,40,0,23.0,6
5,2,0,41,0,6.0,6
5,2,0,42,0,6.0,3
5,2,0,43,0,3.0,7
5,2,0,44,0,7.0,19
5,2,0,45,0,19.0,14
5,2,0,46,0,14.0,8
5,2,0,47,0,8.0,13
5,2,0,48,0,13.0,16
5,2,0,49,0,16.0,7
5,2,0,50,1,7.0,10
5,2,0,51,1,10.0,10
5,2,0,52,1,10.0,9
5,2,0,1,1,9.0,18
5,2,0,2,0,18.0,11
5,2,0,3,0,11.0,11
5,2,0,4,0,11.0,9
5,2,0,5,0,9.0,9
5,2,0,6,0,9.0,12
5,2,0,7,1,12.0,59
5,2,0,8,1,59.0,30
5,2,0,9,1,30.0,12
5,2,0,10,1,12.0,6
5,2,0,11,1,6.0,4
5,2,0,12,1,4.0,9
5,2,0,13,1,9.0,14
5,2,0,14,0,14.0,8
5,2,0,15,0,8.0,16
5,2,0,16,0,16.0,3
5,2,0,17,0,3.0,11
5,2,0,18,0,11.0,4
5,2,0,19,0,4.0,5
5,2,0,20,0,5.0,9
5,2,0,21,0,9.0,12
5,2,0,22,0,12.0,19
5,2,0,23,0,19.0,15
5,2,0,24,0,15.0,11
5,2,0,25,0,11.0,15
5,2,0,26,0,15.0,22
5,2,0,27,0,22.0,18
5,2,0,28,0,18.0,7
5,2,0,29,0,7.0,7
5,2,0,30,1,7.0,13
5,2,0,31,1,13.0,6
5,2,0,32,0,6.0,13
5,2,0,33,0,13.0,12
5,2,0,34,0,12.0,12
5,2,0,35,0,12.0,13
5,2,0,36,0,13.0,16
5,2,0,37,0,16.0,7
5,2,0,38,0,7.0,9
5,2,0,39,0,9.0,16
5,2,0,40,0,16.0,9
5,2,0,41,0,9.0,16
5,2,0,42,0,16.0,22
5,2,0,43,0,22.0,11
5,2,0,44,0,11.0,10
5,2,0,45,0,10.0,4
5,2,0,46,0,4.0,10
5,2,0,47,0,10.0,8
5,2,0,48,0,8.0,11
5,2,0,49,0,11.0,15
5,2,0,50,0,15.0,6
5,2,0,51,1,6.0,7
5,2,0,52,1,7.0,15
5,2,0,1,1,15.0,4
5,2,1,1,1,0.0,17
5,2,1,2,0,17.0,7
5,2,1,3,0,7.0,2
5,2,1,4,0,2.0,4
5,2,1,5,0,4.0,13
5,2,1,6,1,13.0,23
5,2,1,7,1,23.0,52
5,2,1,8,0,52.0,13
5,2,1,9,1,13.0,6
5,2,1,10,1,6.0,6
5,2,1,11,1,6.0,8
5,2,1,12,1,8.0,6
5,2,1,13,1,6.0,13
5,2,1,14,0,13.0,5
5,2,1,15,0,5.0,3
5,2,1,16,0,3.0,10
5,2,1,17,0,10.0,8
5,2,1,18,0,8.0,7
5,2,1,19,0,7.0,10
5,2,1,20,0,10.0,9
5,2,1,21,0,9.0,16
5,2,1,22,0,16.0,6
5,2,1,23,0,6.0,3
5,2,1,24,0,3.0,11
5,2,1,25,0,11.0,10
5,2,1,26,0,10.0,14
5,2,1,27,0,14.0,21
5,2,1,28,0,21.0,15
5,2,1,29,1,15.0,6
5,2,1,30,1,6.0,4
5,2,1,31,1,4.0,14
5,2,1,32,0,14.0,22
5,2,1,33,0,22.0,12
5,2,1,34,0,12.0,17
5,2,1,35,0,17.0,8
5,2,1,36,0,8.0,9
5,2,1,37,0,9.0,11
5,2,1,38,0,11.0,9
5,2,1,39,0,9.0,13
5,2,1,40,0,13.0,8
5,2,1,41,0,8.0,10
5,2,1,42,0,10.0,15
5,2,1,43,0,15.0,15
5,2,1,44,0,15.0,12
5,2,1,45,0,12.0,14
5,2,1,46,0,14.0,13
5,2,1,47,0,13.0,14
5,2,1,48,0,14.0,6
5,2,1,49,0,6.0,15
5,2,1,50,1,15.0,19
5,2,1,51,1,19.0,20
5,2,1,52,1,20.0,10
5,2,1,1,1,10.0,10
5,2,1,2,0,10.0,10
5,2,1,3,0,10.0,6
5,2,1,4,0,6.0,2
5,2,1,5,0,2.0,13
5,2,1,6,0,13.0,8
5,2,1,7,1,8.0,101
5,2,1,8,1,101.0,50
5,2,1,9,0,50.0,6
5,2,1,10,1,6.0,12
5,2,1,11,1,12.0,11
5,2,1,12,1,11.0,14
5,2,1,13,1,14.0,9
5,2,1,14,0,9.0,9
5,2,1,15,0,9.0,7
5,2,1,16,0,7.0,16
5,2,1,17,0,16.0,5
5,2,1,18,0,5.0,11
5,2,1,19,0,11.0,2
5,2,1,20,0,2.0,10
5,2,1,21,0,10.0,5
5,2,1,22,0,5.0,14
5,2,1,23,0,14.0,7
5,2,1,24,0,7.0,26
5,2,1,25,0,26.0,14
5,2,1,26,0,14.0,4
5,2,1,27,0,4.0,16
5,2,1,28,0,16.0,10
5,2,1,29,0,10.0,14
5,2,1,30,1,14.0,10
5,2,1,31,1,10.0,10
5,2,1,32,0,10.0,12
5,2,1,33,0,12.0,10
5,2,1,34,0,10.0,8
5,2,1,35,0,8.0,9
5,2,1,36,0,9.0,9
5,2,1,37,0,9.0,8
5,2,1,38,0,8.0,9
5,2,1,39,0,9.0,10
5,2,1,40,0,10.0,7
5,2,1,41,0,7.0,8
5,2,1,42,0,8.0,9
5,2,1,43,0,9.0,15
5,2,1,44,0,15.0,6
5,2,1,45,0,6.0,10
5,2,1,46,0,10.0,15
5,2,1,47,0,15.0,22
5,2,1,48,0,22.0,5
5,2,1,49,0,5.0,6
5,2,1,50,1,6.0,10
5,2,1,51,1,10.0,8
5,2,1,52,1,8.0,6
5,2,1,1,1,6.0,8
5,2,1,2,0,8.0,8
5,2,1,3,0,8.0,6
5,2,1,4,0,6.0,12
5,2,1,5,0,12.0,8
5,2,1,6,0,8.0,6
5,2,1,7,1,6.0,27
5,2,1,8,1,27.0,12
5,2,1,9,1,12.0,7
5,2,1,10,1,7.0,23
5,2,1,11,1,23.0,15
5,2,1,12,1,15.0,6
5,2,1,13,1,6.0,16
5,2,1,14,1,16.0,7
5,2,1,15,0,7.0,10
5,2,1,16,0,10.0,6
5,2,1,17,0,6.0,14
5,2,1,18,0,14.0,12
5,2,1,19,0,12.0,12
5,2,1,20,0,12.0,13
5,2,1,21,0,13.0,14
5,2,1,22,0,14.0,12
5,2,1,23,0,12.0,19
5,2,1,24,0,19.0,11
5,2,1,25,0,11.0,7
5,2,1,26,0,7.0,9
5,2,1,27,0,9.0,5
5,2,1,28,0,5.0,7
5,2,1,29,0,7.0,19
5,2,1,30,1,19.0,6
5,2,1,31,1,6.0,12
5,2,1,32,0,12.0,17
5,2,1,33,0,17.0,3
5,2,1,34,0,3.0,8
5,2,1,35,0,8.0,14
5,2,1,36,0,14.0,10
5,2,1,37,0,10.0,10
5,2,1,38,0,10.0,10
5,2,1,39,0,10.0,6
5,2,1,40,0,6.0,4
5,2,1,41,0,4.0,11
5,2,1,42,0,11.0,24
5,2,1,43,0,24.0,9
5,2,1,44,0,9.0,11
5,2,1,45,0,11.0,22
5,2,1,46,0,22.0,12
5,2,1,47,0,12.0,19
5,2,1,48,0,19.0,9
5,2,1,49,0,9.0,13
5,2,1,50,0,13.0,9
5,2,1,51,1,9.0,4
5,2,1,52,1,4.0,12
5,2,1,53,1,12.0,15
5,2,1,1,0,15.0,12
5,2,1,2,0,12.0,12
5,2,1,3,0,12.0,4
5,2,1,4,0,4.0,10
5,2,1,5,0,10.0,7
5,2,1,6,1,7.0,70
5,2,1,7,1,70.0,39
5,2,1,8,0,39.0,14
5,2,1,9,1,14.0,21
5,2,1,10,1,21.0,12
5,2,1,12,1,12.0,13
5,2,1,13,1,13.0,19
5,2,1,14,0,19.0,7
5,2,1,15,0,7.0,9
5,2,1,16,0,9.0,9
5,2,1,17,0,9.0,7
5,2,1,18,0,7.0,17
5,2,1,19,0,17.0,11
5,2,1,20,0,11.0,16
5,2,1,21,0,16.0,1
5,2,1,22,0,1.0,20
5,2,1,23,0,20.0,10
5,2,1,24,0,10.0,11
5,2,1,25,0,11.0,12
5,2,1,26,0,12.0,9
5,2,1,27,0,9.0,13
5,2,1,28,0,13.0,16
5,2,1,29,1,16.0,5
5,2,1,30,1,5.0,9
5,2,1,31,0,9.0,7
5,2,1,32,0,7.0,19
5,2,1,33,0,19.0,7
5,2,1,34,0,7.0,8
5,2,1,35,0,8.0,6
5,2,1,36,0,6.0,16
5,2,1,37,0,16.0,5
5,2,1,38,0,5.0,8
5,2,1,39,0,8.0,3
5,2,1,40,0,3.0,9
5,2,1,41,0,9.0,11
5,2,1,42,0,11.0,2
5,2,1,43,0,2.0,14
5,2,1,44,0,14.0,5
5,2,1,45,0,5.0,7
5,2,1,46,0,7.0,19
5,2,1,47,0,19.0,11
5,2,1,48,0,11.0,11
5,2,1,49,0,11.0,16
5,2,1,50,1,16.0,7
5,2,1,51,1,7.0,18
5,2,1,52,1,18.0,8
5,2,1,1,1,8.0,11
5,2,1,2,0,11.0,19
5,2,1,3,0,19.0,3
5,2,1,4,0,3.0,16
5,2,1,5,0,16.0,21
5,2,1,6,1,21.0,21
5,2,1,7,1,21.0,46
5,2,1,8,0,46.0,8
5,2,1,9,1,8.0,9
5,2,1,10,1,9.0,8
5,2,1,11,1,8.0,18
5,2,1,12,1,18.0,2
5,2,1,13,1,2.0,7
5,2,1,14,0,7.0,11
5,2,1,15,0,11.0,8
5,2,1,16,0,8.0,10
5,2,1,17,0,10.0,18
5,2,1,18,0,18.0,5
5,2,1,19,0,5.0,6
5,2,1,20,0,6.0,8
5,2,1,21,0,8.0,15
5,2,1,22,0,15.0,10
5,2,1,23,0,10.0,6
5,2,1,24,0,6.0,2
5,2,1,25,0,2.0,17
5,2,1,26,0,17.0,13
5,2,1,27,0,13.0,17
5,2,1,28,0,17.0,9
5,2,1,29,1,9.0,5
5,2,1,30,1,5.0,11
5,2,1,31,0,11.0,7
5,2,1,32,0,7.0,1
5,2,1,33,0,1.0,12
5,2,1,34,0,12.0,2
5,2,1,35,0,2.0,1
5,2,1,36,0,1.0,10
5,2,1,37,0,10.0,5
5,2,1,38,0,5.0,14
5,2,1,39,0,14.0,4
5,2,1,40,0,4.0,7
5,2,1,41,0,7.0,10
5,2,1,42,0,10.0,9
5,2,1,43,0,9.0,14
5,2,1,44,0,14.0,3
5,2,1,45,0,3.0,9
5,2,1,46,0,9.0,13
5,2,1,47,0,13.0,8
5,2,1,48,0,8.0,18
5,2,1,49,0,18.0,15
5,2,1,50,1,15.0,10
5,2,1,51,1,10.0,3
5,2,1,52,1,3.0,11
5,2,1,1,1,11.0,9
5,2,1,2,0,9.0,9
5,2,1,3,0,9.0,10
5,2,1,4,0,10.0,17
5,2,1,5,0,17.0,18
5,2,1,6,1,18.0,38
5,2,1,7,1,38.0,79
5,2,1,8,1,79.0,35
5,2,1,9,1,35.0,19
5,2,1,10,1,19.0,19
5,2,1,11,1,19.0,7
5,2,1,12,1,7.0,10
5,2,1,13,1,10.0,7
5,2,1,14,0,7.0,11
5,2,1,15,0,11.0,14
5,2,1,17,0,14.0,12
5,2,1,18,0,12.0,12
5,2,1,19,0,12.0,8
5,2,1,20,0,8.0,5
5,2,1,21,0,5.0,19
5,2,1,22,0,19.0,9
5,2,1,23,0,9.0,8
5,2,1,24,0,8.0,9
5,2,1,25,0,9.0,17
5,2,1,26,0,17.0,5
5,2,1,27,0,5.0,4
5,2,1,28,0,4.0,10
5,2,1,29,0,10.0,4
5,2,1,30,1,4.0,17
5,2,1,31,1,17.0,12
5,2,1,32,0,12.0,7
5,2,1,33,0,7.0,4
5,2,1,34,0,4.0,14
5,2,1,35,0,14.0,17
5,2,1,36,0,17.0,8
5,2,1,37,0,8.0,11
5,2,1,38,0,11.0,11
5,2,1,39,0,11.0,15
5,2,1,40,0,15.0,12
5,2,1,41,0,12.0,10
5,2,1,42,0,10.0,16
5,2,1,43,0,16.0,17
5,2,1,44,0,17.0,15
5,2,1,45,0,15.0,5
5,2,1,46,0,5.0,4
5,2,1,47,0,4.0,6
5,2,1,48,0,6.0,12
5,2,1,49,0,12.0,3
5,2,1,50,1,3.0,17
5,2,1,51,1,17.0,4
5,2,1,52,1,4.0,8
5,2,1,1,1,8.0,2
5,2,1,2,0,2.0,11
5,2,1,3,0,11.0,5
5,2,1,4,0,5.0,6
5,2,1,5,0,6.0,3
5,2,1,6,1,3.0,25
5,2,1,7,1,25.0,100
5,2,1,8,1,100.0,23
5,2,1,9,1,23.0,9
5,2,1,10,1,9.0,17
5,2,1,11,1,17.0,20
5,2,1,12,1,20.0,15
5,2,1,13,1,15.0,12
5,2,1,14,0,12.0,7
5,2,1,15,0,7.0,11
5,2,1,16,0,11.0,8
5,2,1,17,0,8.0,12
5,2,1,18,0,12.0,11
5,2,1,19,0,11.0,8
5,2,1,20,0,8.0,8
5,2,1,21,0,8.0,9
5,2,1,22,0,9.0,3
5,2,1,23,0,3.0,11
5,2,1,24,0,11.0,9
5,2,1,25,0,9.0,19
5,2,1,26,0,19.0,10
5,2,1,27,0,10.0,12
5,2,1,28,0,12.0,13
5,2,1,29,0,13.0,8
5,2,1,30,1,8.0,9
5,2,1,31,1,9.0,13
5,2,1,32,0,13.0,5
5,2,1,33,0,5.0,7
5,2,1,34,0,7.0,8
5,2,1,35,0,8.0,17
5,2,1,36,0,17.0,9
5,2,1,37,0,9.0,7
5,2,1,38,0,7.0,12
5,2,1,39,0,12.0,9
5,2,1,40,0,9.0,10
5,2,1,41,0,10.0,9
5,2,1,42,0,9.0,7
5,2,1,43,0,7.0,10
5,2,1,44,0,10.0,15
5,2,1,45,0,15.0,15
5,2,1,46,0,15.0,8
5,2,1,47,0,8.0,1
5,2,1,48,0,1.0,10
5,2,1,49,0,10.0,7
5,2,1,50,1,7.0,20
5,2,1,51,1,20.0,19
5,2,1,52,1,19.0,15
5,2,1,1,1,15.0,10
5,2,1,2,0,10.0,7
5,2,1,3,0,7.0,5
5,2,1,4,0,5.0,14
5,2,1,5,0,14.0,13
5,2,1,6,0,13.0,15
5,2,1,7,1,15.0,109
5,2,1,8,1,109.0,68
5,2,1,9,1,68.0,7
5,2,1,10,1,7.0,12
5,2,1,11,1,12.0,8
5,2,1,12,1,8.0,5
5,2,1,13,1,5.0,7
5,2,1,14,0,7.0,11
5,2,1,15,0,11.0,10
5,2,1,16,0,10.0,14
5,2,1,17,0,14.0,4
5,2,1,18,0,4.0,17
5,2,1,19,0,17.0,13
5,2,1,20,0,13.0,9
5,2,1,21,0,9.0,8
5,2,1,22,0,8.0,25
5,2,1,23,0,25.0,12
5,2,1,24,0,12.0,17
5,2,1,25,0,17.0,10
5,2,1,26,0,10.0,6
5,2,1,27,0,6.0,4
5,2,1,28,0,4.0,22
5,2,1,29,0,22.0,14
5,2,1,30,1,14.0,9
5,2,1,31,1,9.0,9
5,2,1,32,0,9.0,9
5,2,1,33,0,9.0,15
5,2,1,34,0,15.0,14
5,2,1,35,0,14.0,6
5,2,1,36,0,6.0,6
5,2,1,37,0,6.0,9
5,2,1,38,0,9.0,11
5,2,1,39,0,11.0,4
5,2,1,40,0,4.0,9
5,2,1,41,0,9.0,7
5,2,1,42,0,7.0,10
5,2,1,43,0,10.0,8
5,2,1,44,0,8.0,10
5,2,1,45,0,10.0,4
5,2,1,46,0,4.0,5
5,2,1,47,0,5.0,16
5,2,1,48,0,16.0,7
5,2,1,49,0,7.0,11
5,2,1,50,0,11.0,10
5,2,1,51,1,10.0,3
5,2,1,52,1,3.0,14
5,2,1,1,1,14.0,4
5,2,2,1,1,0.0,2
5,2,2,2,0,2.0,17
5,2,2,3,0,17.0,8
5,2,2,4,0,8.0,3
5,2,2,5,0,3.0,9
5,2,2,6,1,9.0,33
5,2,2,7,1,33.0,54
5,2,2,8,1,54.0,38
5,2,2,9,1,38.0,7
5,2,2,10,1,7.0,15
5,2,2,11,1,15.0,7
5,2,2,12,1,7.0,17
5,2,2,13,1,17.0,12
5,2,2,14,0,12.0,10
5,2,2,15,0,10.0,8
5,2,2,16,0,8.0,16
5,2,2,17,0,16.0,7
5,2,2,18,0,7.0,14
5,2,2,19,0,14.0,14
5,2,2,20,0,14.0,4
5,2,2,21,0,4.0,2
5,2,2,22,0,2.0,22
5,2,2,23,0,22.0,11
5,2,2,24,0,11.0,15
5,2,2,25,0,15.0,6
5,2,2,26,0,6.0,10
5,2,2,27,0,10.0,1
5,2,2,28,0,1.0,11
5,2,2,29,1,11.0,15
5,2,2,30,1,15.0,15
5,2,2,31,1,15.0,19
5,2,2,32,0,19.0,12
5,2,2,33,0,12.0,13
5,2,2,34,0,13.0,17
5,2,2,35,0,17.0,14
5,2,2,36,0,14.0,6
5,2,2,37,0,6.0,16
5,2,2,38,0,16.0,7
5,2,2,39,0,7.0,8
5,2,2,40,0,8.0,3
5,2,2,41,0,3.0,9
5,2,2,42,0,9.0,9
5,2,2,43,0,9.0,18
5,2,2,44,0,18.0,8
5,2,2,45,0,8.0,13
5,2,2,46,0,13.0,7
5,2,2,47,0,7.0,11
5,2,2,48,0,11.0,11
5,2,2,49,0,11.0,10
5,2,2,50,1,10.0,18
5,2,2,51,1,18.0,3
5,2,2,52,1,3.0,6
5,2,2,1,1,6.0,12
5,2,2,2,0,12.0,15
5,2,2,3,0,15.0,11
5,2,2,4,0,11.0,9
5,2,2,5,0,9.0,17
5,2,2,6,1,17.0,61
5,2,2,7,1,61.0,58
5,2,2,8,1,58.0,38
5,2,2,9,1,38.0,13
5,2,2,10,1,13.0,5
5,2,2,11,1,5.0,5
5,2,2,12,1,5.0,12
5,2,2,13,1,12.0,10
5,2,2,14,0,10.0,17
5,2,2,15,0,17.0,9
5,2,2,16,0,9.0,8
5,2,2,17,0,8.0,4
5,2,2,18,0,4.0,17
5,2,2,19,0,17.0,11
5,2,2,20,0,11.0,13
5,2,2,21,0,13.0,6
5,2,2,22,0,6.0,6
5,2,2,23,0,6.0,16
5,2,2,24,0,16.0,8
5,2,2,25,0,8.0,6
5,2,2,26,0,6.0,9
5,2,2,27,0,9.0,6
5,2,2,28,0,6.0,4
5,2,2,29,0,4.0,10
5,2,2,30,1,10.0,11
5,2,2,31,0,11.0,2
5,2,2,32,0,2.0,7
5,2,2,33,0,7.0,2
5,2,2,34,0,2.0,12
5,2,2,35,0,12.0,12
5,2,2,36,0,12.0,9
5,2,2,37,0,9.0,12
5,2,2,38,0,12.0,6
5,2,2,39,0,6.0,24
5,2,2,40,0,24.0,17
5,2,2,41,0,17.0,8
5,2,2,42,0,8.0,11
5,2,2,43,0,11.0,16
5,2,2,44,0,16.0,23
5,2,2,45,0,23.0,17
5,2,2,46,0,17.0,15
5,2,2,47,0,15.0,6
5,2,2,48,0,6.0,13
5,2,2,49,0,13.0,4
5,2,2,50,0,4.0,15
5,2,2,51,1,15.0,9
5,2,2,52,1,9.0,21
5,2,2,1,1,21.0,3
5,2,2,2,0,3.0,26
5,2,2,3,0,26.0,5
5,2,2,4,0,5.0,13
5,2,2,5,0,13.0,7
5,2,2,6,0,7.0,19
5,2,2,7,1,19.0,69
5,2,2,8,1,69.0,28
5,2,2,9,0,28.0,17
5,2,2,10,1,17.0,6
5,2,2,11,1,6.0,2
5,2,2,12,1,2.0,5
5,2,2,13,1,5.0,8
5,2,2,14,1,8.0,10
5,2,2,15,0,10.0,12
5,2,2,16,0,12.0,18
5,2,2,17,0,18.0,9
5,2,2,18,0,9.0,7
5,2,2,19,0,7.0,9
5,2,2,20,0,9.0,15
5,2,2,21,0,15.0,4
5,2,2,22,0,4.0,3
5,2,2,23,0,3.0,9
5,2,2,24,0,9.0,9
5,2,2,25,0,9.0,13
5,2,2,26,0,13.0,14
5,2,2,27,0,14.0,11
5,2,2,28,0,11.0,3
5,2,2,29,0,3.0,6
5,2,2,30,1,6.0,4
5,2,2,31,1,4.0,13
5,2,2,32,0,13.0,9
5,2,2,33,0,9.0,6
5,2,2,34,0,6.0,10
5,2,2,35,0,10.0,10
5,2,2,36,0,10.0,8
5,2,2,37,0,8.0,13
5,2,2,38,0,13.0,21
5,2,2,39,0,21.0,6
5,2,2,40,0,6.0,5
5,2,2,41,0,5.0,14
5,2,2,42,0,14.0,15
5,2,2,43,0,15.0,3
5,2,2,44,0,3.0,14
5,2,2,45,0,14.0,17
5,2,2,46,0,17.0,7
5,2,2,47,0,7.0,7
5,2,2,48,0,7.0,9
5,2,2,49,0,9.0,8
5,2,2,50,0,8.0,8
5,2,2,51,1,8.0,19
5,2,2,52,1,19.0,16
5,2,2,53,1,16.0,5
5,2,2,1,1,5.0,11
5,2,2,2,0,11.0,17
5,2,2,3,0,17.0,8
5,2,2,4,0,8.0,15
5,2,2,5,0,15.0,12
5,2,2,6,1,12.0,99
5,2,2,7,1,99.0,31
5,2,2,8,0,31.0,10
5,2,2,9,1,10.0,13
5,2,2,10,1,13.0,14
5,2,2,11,1,14.0,16
5,2,2,12,1,16.0,18
5,2,2,13,1,18.0,4
5,2,2,14,0,4.0,11
5,2,2,15,0,11.0,15
5,2,2,16,0,15.0,11
5,2,2,17,0,11.0,12
5,2,2,18,0,12.0,29
5,2,2,19,0,29.0,3
5,2,2,20,0,3.0,13
5,2,2,21,0,13.0,13
5,2,2,22,0,13.0,23
5,2,2,23,0,23.0,5
5,2,2,24,0,5.0,6
5,2,2,25,0,6.0,2
5,2,2,26,0,2.0,9
5,2,2,27,0,9.0,11
5,2,2,28,0,11.0,13
5,2,2,29,1,13.0,6
5,2,2,30,1,6.0,8
5,2,2,31,0,8.0,16
5,2,2,32,0,16.0,18
5,2,2,33,0,18.0,1
5,2,2,34,0,1.0,16
5,2,2,35,0,16.0,4
5,2,2,36,0,4.0,18
5,2,2,37,0,18.0,5
5,2,2,38,0,5.0,7
5,2,2,39,0,7.0,14
5,2,2,40,0,14.0,2
5,2,2,41,0,2.0,8
5,2,2,42,0,8.0,8
5,2,2,43,0,8.0,7
5,2,2,44,0,7.0,9
5,2,2,45,0,9.0,9
5,2,2,46,0,9.0,10
5,2,2,47,0,10.0,5
5,2,2,48,0,5.0,10
5,2,2,49,0,10.0,23
5,2,2,50,1,23.0,18
5,2,2,51,1,18.0,15
5,2,2,52,1,15.0,9
5,2,2,1,1,9.0,10
5,2,2,2,0,10.0,9
5,2,2,3,0,9.0,26
5,2,2,4,0,26.0,10
5,2,2,5,0,10.0,8
5,2,2,6,1,8.0,129
5,2,2,7,1,129.0,74
5,2,2,8,0,74.0,8
5,2,2,9,1,8.0,10
5,2,2,10,1,10.0,12
5,2,2,11,1,12.0,15
5,2,2,12,1,15.0,6
5,2,2,13,1,6.0,6
5,2,2,14,0,6.0,8
5,2,2,15,0,8.0,15
5,2,2,16,0,15.0,16
5,2,2,17,0,16.0,10
5,2,2,18,0,10.0,2
5,2,2,19,0,2.0,13
5,2,2,20,0,13.0,16
5,2,2,21,0,16.0,8
5,2,2,22,0,8.0,21
5,2,2,23,0,21.0,17
5,2,2,24,0,17.0,13
5,2,2,25,0,13.0,13
5,2,2,26,0,13.0,15
5,2,2,27,0,15.0,4
5,2,2,28,0,4.0,18
5,2,2,29,1,18.0,8
5,2,2,30,1,8.0,13
5,2,2,31,0,13.0,9
5,2,2,32,0,9.0,14
5,2,2,33,0,14.0,15
5,2,2,34,0,15.0,13
5,2,2,35,0,13.0,23
5,2,2,36,0,23.0,16
5,2,2,37,0,16.0,11
5,2,2,38,0,11.0,13
5,2,2,39,0,13.0,9
5,2,2,40,0,9.0,20
5,2,2,41,0,20.0,19
5,2,2,42,0,19.0,15
5,2,2,43,0,15.0,13
5,2,2,44,0,13.0,3
5,2,2,45,0,3.0,12
5,2,2,46,0,12.0,8
5,2,2,47,0,8.0,15
5,2,2,48,0,15.0,19
5,2,2,49,0,19.0,9
5,2,2,50,1,9.0,13
5,2,2,51,1,13.0,19
5,2,2,52,1,19.0,7
5,2,2,1,1,7.0,3
5,2,2,2,0,3.0,11
5,2,2,4,0,11.0,8
5,2,2,5,0,8.0,14
5,2,2,6,1,14.0,33
5,2,2,7,1,33.0,42
5,2,2,8,1,42.0,41
5,2,2,9,1,41.0,11
5,2,2,10,1,11.0,6
5,2,2,11,1,6.0,13
5,2,2,12,1,13.0,14
5,2,2,13,1,14.0,14
5,2,2,14,0,14.0,14
5,2,2,15,0,14.0,3
5,2,2,16,0,3.0,9
5,2,2,17,0,9.0,12
5,2,2,18,0,12.0,4
5,2,2,19,0,4.0,7
5,2,2,20,0,7.0,14
5,2,2,21,0,14.0,11
5,2,2,22,0,11.0,16
5,2,2,23,0,16.0,8
5,2,2,24,0,8.0,10
5,2,2,25,0,10.0,12
5,2,2,26,0,12.0,10
5,2,2,27,0,10.0,12
5,2,2,28,0,12.0,7
5,2,2,29,1,7.0,9
5,2,2,30,1,9.0,9
5,2,2,31,0,9.0,10
5,2,2,32,0,10.0,11
5,2,2,33,0,11.0,11
5,2,2,34,0,11.0,22
5,2,2,35,0,22.0,6
5,2,2,36,0,6.0,9
5,2,2,37,0,9.0,12
5,2,2,38,0,12.0,8
5,2,2,39,0,8.0,7
5,2,2,40,0,7.0,5
5,2,2,41,0,5.0,13
5,2,2,42,0,13.0,15
5,2,2,43,0,15.0,8
5,2,2,44,0,8.0,1
5,2,2,45,0,1.0,7
5,2,2,46,0,7.0,24
5,2,2,47,0,24.0,8
5,2,2,48,0,8.0,5
5,2,2,49,0,5.0,14
5,2,2,50,1,14.0,17
5,2,2,51,1,17.0,6
5,2,2,52,1,6.0,9
5,2,2,1,1,9.0,7
5,2,2,2,0,7.0,11
5,2,2,3,0,11.0,4
5,2,2,4,0,4.0,11
5,2,2,5,0,11.0,9
5,2,2,6,0,9.0,3
5,2,2,7,1,3.0,29
5,2,2,8,1,29.0,26
5,2,2,9,1,26.0,8
5,2,2,10,1,8.0,10
5,2,2,11,1,10.0,11
5,2,2,12,1,11.0,3
5,2,2,13,1,3.0,15
5,2,2,14,0,15.0,11
5,2,2,15,0,11.0,9
5,2,2,16,0,9.0,5
5,2,2,17,0,5.0,16
5,2,2,18,0,16.0,13
5,2,2,19,0,13.0,4
5,2,2,20,0,4.0,3
5,2,2,21,0,3.0,21
5,2,2,22,0,21.0,15
5,2,2,23,0,15.0,4
5,2,2,24,0,4.0,8
5,2,2,25,0,8.0,11
5,2,2,26,0,11.0,11
5,2,2,27,0,11.0,9
5,2,2,28,0,9.0,13
5,2,2,29,0,13.0,7
5,2,2,30,1,7.0,11
5,2,2,31,1,11.0,7
5,2,2,32,0,7.0,5
5,2,2,33,0,5.0,5
5,2,2,34,0,5.0,7
5,2,2,35,0,7.0,12
5,2,2,36,0,12.0,15
5,2,2,37,0,15.0,5
5,2,2,38,0,5.0,12
5,2,2,39,0,12.0,8
5,2,2,40,0,8.0,8
5,2,2,41,0,8.0,14
5,2,2,42,0,14.0,6
5,2,2,43,0,6.0,3
5,2,2,44,0,3.0,14
5,2,2,45,0,14.0,9
5,2,2,46,0,9.0,9
5,2,2,47,0,9.0,9
5,2,2,48,0,9.0,12
5,2,2,49,0,12.0,2
5,2,2,50,0,2.0,4
5,2,2,51,1,4.0,8
5,2,2,52,1,8.0,10
5,2,2,1,1,10.0,13
5,2,2,2,0,13.0,3
5,2,2,3,0,3.0,2
5,2,2,4,0,2.0,14
5,2,2,5,0,14.0,6
5,2,2,6,0,6.0,1
5,2,2,7,1,1.0,58
5,2,2,8,1,58.0,42
5,2,2,9,1,42.0,6
5,2,2,10,1,6.0,8
5,2,2,11,1,8.0,9
5,2,2,12,1,9.0,16
5,2,2,13,1,16.0,9
5,2,2,14,0,9.0,9
5,2,2,15,0,9.0,8
5,2,2,16,0,8.0,16
5,2,2,17,0,16.0,11
5,2,2,18,0,11.0,20
5,2,2,19,0,20.0,9
5,2,2,20,0,9.0,2
5,2,2,21,0,2.0,4
5,2,2,22,0,4.0,7
5,2,2,23,0,7.0,11
5,2,2,24,0,11.0,13
5,2,2,25,0,13.0,9
5,2,2,26,0,9.0,8
5,2,2,27,0,8.0,6
5,2,2,28,0,6.0,7
5,2,2,29,0,7.0,10
5,2,2,31,0,10.0,7
5,2,2,32,0,7.0,10
5,2,2,33,0,10.0,6
5,2,2,34,0,6.0,8
5,2,2,35,0,8.0,9
5,2,2,36,0,9.0,14
5,2,2,37,0,14.0,4
5,2,2,38,0,4.0,4
5,2,2,39,0,4.0,1
5,2,2,40,0,1.0,9
5,2,2,41,0,9.0,18
5,2,2,42,0,18.0,6
5,2,2,43,0,6.0,10
5,2,2,44,0,10.0,24
5,2,2,45,0,24.0,17
5,2,2,46,0,17.0,8
5,2,2,47,0,8.0,7
5,2,2,48,0,7.0,10
5,2,2,49,0,10.0,12
5,2,2,50,0,12.0,7
5,2,2,51,1,7.0,16
5,2,2,52,1,16.0,19
5,2,2,1,1,19.0,8
5,3,0,1,1,0.0,8
5,3,0,2,0,8.0,13
5,3,0,3,0,13.0,8
5,3,0,4,0,8.0,17
5,3,0,5,0,17.0,9
5,3,0,6,1,9.0,11
5,3,0,7,1,11.0,16
5,3,0,8,1,16.0,4
5,3,0,9,1,4.0,8
5,3,0,10,1,8.0,12
5,3,0,11,1,12.0,9
5,3,0,12,1,9.0,5
5,3,0,13,1,5.0,3
5,3,0,14,0,3.0,5
5,3,0,15,0,5.0,15
5,3,0,16,0,15.0,4
5,3,0,17,0,4.0,14
5,3,0,18,0,14.0,20
5,3,0,19,0,20.0,16
5,3,0,20,0,16.0,16
5,3,0,21,0,16.0,8
5,3,0,22,0,8.0,9
5,3,0,23,0,9.0,20
5,3,0,24,0,20.0,17
5,3,0,25,0,17.0,7
5,3,0,26,0,7.0,11
5,3,0,27,0,11.0,9
5,3,0,28,0,9.0,7
5,3,0,29,1,7.0,11
5,3,0,30,1,11.0,6
5,3,0,31,1,6.0,15
5,3,0,32,0,15.0,10
5,3,0,33,0,10.0,7
5,3,0,34,0,7.0,12
5,3,0,35,0,12.0,17
5,3,0,36,0,17.0,7
5,3,0,37,0,7.0,3
5,3,0,38,0,3.0,14
5,3,0,39,0,14.0,9
5,3,0,40,0,9.0,15
5,3,0,41,0,15.0,14
5,3,0,42,0,14.0,11
5,3,0,43,0,11.0,8
5,3,0,44,0,8.0,20
5,3,0,45,0,20.0,15
5,3,0,46,0,15.0,13
5,3,0,47,0,13.0,9
5,3,0,48,0,9.0,10
5,3,0,49,0,10.0,6
5,3,0,50,1,6.0,12
5,3,0,51,1,12.0,7
5,3,0,52,1,7.0,11
5,3,0,1,1,11.0,5
5,3,0,2,0,5.0,5
5,3,0,3,0,5.0,9
5,3,0,4,0,9.0,8
5,3,0,5,0,8.0,16
5,3,0,6,0,16.0,14
5,3,0,7,1,14.0,6
5,3,0,8,1,6.0,9
5,3,0,9,0,9.0,4
5,3,0,10,1,4.0,5
5,3,0,11,1,5.0,6
5,3,0,12,1,6.0,13
5,3,0,13,1,13.0,7
5,3,0,14,0,7.0,13
5,3,0,15,0,13.0,17
5,3,0,16,0,17.0,7
5,3,0,17,0,7.0,15
5,3,0,18,0,15.0,12
5,3,0,19,0,12.0,11
5,3,0,20,0,11.0,6
5,3,0,21,0,6.0,8
5,3,0,22,0,8.0,9
5,3,0,23,0,9.0,9
5,3,0,24,0,9.0,2
5,3,0,25,0,2.0,10
5,3,0,26,0,10.0,7
5,3,0,27,0,7.0,12
5,3,0,28,0,12.0,10
5,3,0,29,0,10.0,5
5,3,0,30,1,5.0,15
5,3,0,31,1,15.0,3
5,3,0,32,0,3.0,18
5,3,0,33,0,18.0,11
5,3,0,34,0,11.0,9
5,3,0,35,0,9.0,8
5,3,0,36,0,8.0,6
5,3,0,37,0,6.0,11
5,3,0,38,0,11.0,17
5,3,0,39,0,17.0,16
5,3,0,40,0,16.0,7
5,3,0,41,0,7.0,15
5,3,0,42,0,15.0,11
5,3,0,43,0,11.0,10
5,3,0,44,0,10.0,12
5,3,0,45,0,12.0,11
5,3,0,46,0,11.0,18
5,3,0,47,0,18.0,16
5,3,0,48,0,16.0,18
5,3,0,49,0,18.0,5
5,3,0,50,1,5.0,3
5,3,0,51,1,3.0,3
5,3,0,52,1,3.0,13
5,3,0,1,1,13.0,20
5,3,0,2,0,20.0,11
5,3,0,3,0,11.0,11
5,3,0,4,0,11.0,10
5,3,0,5,0,10.0,12
5,3,0,6,0,12.0,12
5,3,0,7,1,12.0,6
5,3,0,8,1,6.0,7
5,3,0,9,0,7.0,7
5,3,0,10,1,7.0,2
5,3,0,11,1,2.0,6
5,3,0,12,1,6.0,9
5,3,0,13,1,9.0,8
5,3,0,14,1,8.0,22
5,3,0,15,0,22.0,15
5,3,0,16,0,15.0,8
5,3,0,17,0,8.0,10
5,3,0,18,0,10.0,6
5,3,0,19,0,6.0,9
5,3,0,20,0,9.0,23
5,3,0,22,0,23.0,11
5,3,0,23,0,11.0,7
5,3,0,24,0,7.0,20
5,3,0,25,0,20.0,10
5,3,0,26,0,10.0,11
5,3,0,27,0,11.0,18
5,3,0,28,0,18.0,9
5,3,0,29,0,9.0,6
5,3,0,30,1,6.0,15
5,3,0,31,1,15.0,15
5,3,0,32,0,15.0,31
5,3,0,33,0,31.0,10
5,3,0,34,0,10.0,5
5,3,0,35,0,5.0,7
5,3,0,36,0,7.0,11
5,3,0,37,0,11.0,4
5,3,0,38,0,4.0,12
5,3,0,39,0,12.0,21
5,3,0,40,0,21.0,8
5,3,0,41,0,8.0,6
5,3,0,42,0,6.0,9
5,3,0,43,0,9.0,12
5,3,0,44,0,12.0,13
5,3,0,45,0,13.0,14
5,3,0,46,0,14.0,11
5,3,0,47,0,11.0,20
5,3,0,48,0,20.0,9
5,3,0,49,0,9.0,7
5,3,0,50,0,7.0,14
5,3,0,51,1,14.0,21
5,3,0,52,1,21.0,7
5,3,0,53,1,7.0,14
5,3,0,1,1,14.0,11
5,3,0,2,0,11.0,4
5,3,0,3,0,4.0,1
5,3,0,4,0,1.0,15
5,3,0,5,0,15.0,5
5,3,0,6,1,5.0,11
5,3,0,7,1,11.0,9
5,3,0,8,0,9.0,12
5,3,0,9,1,12.0,13
5,3,0,10,1,13.0,9
5,3,0,11,1,9.0,17
5,3,0,12,1,17.0,11
5,3,0,13,1,11.0,14
5,3,0,14,0,14.0,12
5,3,0,15,0,12.0,7
5,3,0,16,0,7.0,16
5,3,0,17,0,16.0,6
5,3,0,18,0,6.0,19
5,3,0,19,0,19.0,5
5,3,0,20,0,5.0,9
5,3,0,21,0,9.0,13
5,3,0,22,0,13.0,6
5,3,0,23,0,6.0,10
5,3,0,24,0,10.0,11
5,3,0,25,0,11.0,18
5,3,0,26,0,18.0,6
5,3,0,27,0,6.0,8
5,3,0,28,0,8.0,11
5,3,0,29,1,11.0,4
5,3,0,30,1,4.0,10
5,3,0,31,0,10.0,8
5,3,0,32,0,8.0,8
5,3,0,33,0,8.0,12
5,3,0,34,0,12.0,15
5,3,0,36,0,15.0,10
5,3,0,37,0,10.0,17
5,3,0,38,0,17.0,19
5,3,0,39,0,19.0,3
5,3,0,40,0,3.0,13
5,3,0,41,0,13.0,14
5,3,0,42,0,14.0,6
5,3,0,43,0,6.0,10
5,3,0,44,0,10.0,8
5,3,0,45,0,8.0,8
5,3,0,46,0,8.0,13
5,3,0,47,0,13.0,11
5,3,0,48,0,11.0,8
5,3,0,49,0,8.0,19
5,3,0,50,0,19.0,2
5,3,0,51,1,2.0,3
5,3,0,52,1,3.0,11
5,3,0,1,1,11.0,8
5,3,0,2,0,8.0,11
5,3,0,3,0,11.0,5
5,3,0,4,0,5.0,12
5,3,0,5,0,12.0,23
5,3,0,6,1,23.0,15
5,3,0,7,1,15.0,11
5,3,0,8,0,11.0,9
5,3,0,9,1,9.0,14
5,3,0,10,1,14.0,3
5,3,0,11,1,3.0,4
5,3,0,12,1,4.0,6
5,3,0,13,1,6.0,7
5,3,0,14,0,7.0,6
5,3,0,15,0,6.0,11
5,3,0,16,0,11.0,21
5,3,0,17,0,21.0,10
5,3,0,18,0,10.0,4
5,3,0,19,0,4.0,14
5,3,0,20,0,14.0,9
5,3,0,21,0,9.0,2
5,3,0,22,0,2.0,3
5,3,0,23,0,3.0,6
5,3,0,24,0,6.0,3
5,3,0,25,0,3.0,8
5,3,0,26,0,8.0,13
5,3,0,27,0,13.0,8
5,3,0,28,0,8.0,12
5,3,0,29,0,12.0,4
5,3,0,30,1,4.0,24
5,3,0,31,0,24.0,11
5,3,0,32,0,11.0,6
5,3,0,33,0,6.0,2
5,3,0,34,0,2.0,9
5,3,0,35,0,9.0,15
5,3,0,36,0,15.0,13
5,3,0,37,0,13.0,14
5,3,0,38,0,14.0,7
5,3,0,39,0,7.0,13
5,3,0,40,0,13.0,7
5,3,0,41,0,7.0,17
5,3,0,42,0,17.0,16
5,3,0,43,0,16.0,18
5,3,0,44,0,18.0,12
5,3,0,45,0,12.0,7
5,3,0,46,0,7.0,5
5,3,0,47,0,5.0,13
5,3,0,48,0,13.0,12
5,3,0,49,0,12.0,20
5,3,0,50,1,20.0,6
5,3,0,51,1,6.0,10
5,3,0,52,1,10.0,5
5,3,0,1,1,5.0,5
5,3,0,2,0,5.0,15
5,3,0,3,0,15.0,18
5,3,0,4,0,18.0,13
5,3,0,5,0,13.0,11
5,3,0,6,1,11.0,12
5,3,0,7,1,12.0,11
5,3,0,8,1,11.0,12
5,3,0,9,1,12.0,4
5,3,0,10,1,4.0,10
5,3,0,11,1,10.0,12
5,3,0,12,1,12.0,9
5,3,0,13,1,9.0,15
5,3,0,14,0,15.0,4
5,3,0,15,0,4.0,16
5,3,0,17,0,16.0,21
5,3,0,18,0,21.0,10
5,3,0,19,0,10.0,10
5,3,0,20,0,10.0,9
5,3,0,21,0,9.0,5
5,3,0,22,0,5.0,5
5,3,0,23,0,5.0,14
5,3,0,24,0,14.0,7
5,3,0,25,0,7.0,2
5,3,0,26,0,2.0,6
5,3,0,27,0,6.0,1
5,3,0,28,0,1.0,16
5,3,0,29,1,16.0,9
5,3,0,30,1,9.0,16
5,3,0,31,1,16.0,18
5,3,0,32,0,18.0,2
5,3,0,33,0,2.0,19
5,3,0,34,0,19.0,3
5,3,0,35,0,3.0,18
5,3,0,36,0,18.0,6
5,3,0,37,0,6.0,11
5,3,0,38,0,11.0,8
5,3,0,39,0,8.0,15
5,3,0,40,0,15.0,8
5,3,0,41,0,8.0,9
5,3,0,42,0,9.0,4
5,3,0,43,0,4.0,9
5,3,0,44,0,9.0,8
5,3,0,45,0,8.0,8
5,3,0,46,0,8.0,9
5,3,0,47,0,9.0,9
5,3,0,48,0,9.0,1
5,3,0,49,0,1.0,10
5,3,0,50,1,10.0,9
5,3,0,51,1,9.0,12
5,3,0,52,1,12.0,11
5,3,0,1,1,11.0,19
5,3,0,2,0,19.0,2
5,3,0,3,0,2.0,12
5,3,0,4,0,12.0,13
5,3,0,5,0,13.0,14
5,3,0,6,0,14.0,11
5,3,0,7,1,11.0,25
5,3,0,8,1,25.0,14
5,3,0,9,1,14.0,24
5,3,0,10,1,24.0,11
5,3,0,11,1,11.0,9
5,3,0,12,1,9.0,7
5,3,0,13,1,7.0,3
5,3,0,14,0,3.0,4
5,3,0,15,0,4.0,6
5,3,0,16,0,6.0,2
5,3,0,17,0,2.0,4
5,3,0,18,0,4.0,8
5,3,0,19,0,8.0,14
5,3,0,20,0,14.0,12
5,3,0,21,0,12.0,7
5,3,0,22,0,7.0,14
5,3,0,23,0,14.0,10
5,3,0,24,0,10.0,10
5,3,0,25,0,10.0,5
5,3,0,26,0,5.0,18
5,3,0,27,0,18.0,11
5,3,0,28,0,11.0,15
5,3,0,29,0,15.0,5
5,3,0,30,1,5.0,7
5,3,0,31,1,7.0,7
5,3,0,32,0,7.0,8
5,3,0,33,0,8.0,11
5,3,0,34,0,11.0,6
5,3,0,35,0,6.0,5
5,3,0,36,0,5.0,12
5,3,0,37,0,12.0,4
5,3,0,38,0,4.0,12
5,3,0,39,0,12.0,7
5,3,0,40,0,7.0,6
5,3,0,41,0,6.0,19
5,3,0,42,0,19.0,16
5,3,0,43,0,16.0,6
5,3,0,44,0,6.0,14
5,3,0,45,0,14.0,12
5,3,0,46,0,12.0,12
5,3,0,47,0,12.0,11
5,3,0,48,0,11.0,14
5,3,0,49,0,14.0,11
5,3,0,50,1,11.0,8
5,3,0,51,1,8.0,20
5,3,0,52,1,20.0,12
5,3,0,1,1,12.0,8
5,3,0,2,0,8.0,15
5,3,0,3,0,15.0,16
5,3,0,4,0,16.0,10
5,3,0,5,0,10.0,12
5,3,0,6,0,12.0,10
5,3,0,7,1,10.0,11
5,3,0,8,1,11.0,15
5,3,0,9,0,15.0,10
5,3,0,10,1,10.0,5
5,3,0,11,1,5.0,7
5,3,0,12,1,7.0,3
5,3,0,13,1,3.0,13
5,3,0,14,0,13.0,13
5,3,0,15,0,13.0,7
5,3,0,16,0,7.0,7
5,3,0,17,0,7.0,4
5,3,0,18,0,4.0,11
5,3,0,19,0,11.0,10
5,3,0,20,0,10.0,20
5,3,0,21,0,20.0,14
5,3,0,22,0,14.0,18
5,3,0,23,0,18.0,3
5,3,0,24,0,3.0,14
5,3,0,25,0,14.0,8
5,3,0,26,0,8.0,17
5,3,0,27,0,17.0,7
5,3,0,28,0,7.0,16
5,3,0,29,0,16.0,10
5,3,0,30,1,10.0,9
5,3,0,31,0,9.0,2
5,3,0,32,0,2.0,7
5,3,0,33,0,7.0,12
5,3,0,34,0,12.0,9
5,3,0,35,0,9.0,4
5,3,0,36,0,4.0,9
5,3,0,37,0,9.0,12
5,3,0,38,0,12.0,4
5,3,0,39,0,4.0,3
5,3,0,40,0,3.0,11
5,3,0,41,0,11.0,13
5,3,0,42,0,13.0,4
5,3,0,43,0,4.0,8
5,3,0,44,0,8.0,12
5,3,0,45,0,12.0,8
5,3,0,46,0,8.0,5
5,3,0,47,0,5.0,9
5,3,0,48,0,9.0,10
5,3,0,49,0,10.0,23
5,3,0,50,0,23.0,7
5,3,0,51,1,7.0,3
5,3,0,52,1,3.0,22
5,3,0,1,1,22.0,1
5,3,1,1,1,0.0,17
5,3,1,2,0,17.0,15
5,3,1,3,0,15.0,17
5,3,1,4,0,17.0,13
5,3,1,5,0,13.0,9
5,3,1,6,1,9.0,15
5,3,1,7,1,15.0,9
5,3,1,8,1,9.0,15
5,3,1,9,1,15.0,8
5,3,1,10,1,8.0,17
5,3,1,11,1,17.0,5
5,3,1,12,1,5.0,24
5,3,1,13,1,24.0,10
5,3,1,14,0,10.0,11
5,3,1,15,0,11.0,3
5,3,1,16,0,3.0,13
5,3,1,17,0,13.0,6
5,3,1,18,0,6.0,18
5,3,1,19,0,18.0,2
5,3,1,20,0,2.0,13
5,3,1,21,0,13.0,9
5,3,1,22,0,9.0,23
5,3,1,23,0,23.0,10
5,3,1,24,0,10.0,6
5,3,1,26,0,6.0,5
5,3,1,27,0,5.0,12
5,3,1,28,0,12.0,23
5,3,1,29,1,23.0,13
5,3,1,30,1,13.0,7
5,3,1,31,1,7.0,7
5,3,1,32,0,7.0,17
5,3,1,33,0,17.0,9
5,3,1,34,0,9.0,7
5,3,1,35,0,7.0,8
5,3,1,36,0,8.0,6
5,3,1,37,0,6.0,17
5,3,1,38,0,17.0,20
5,3,1,39,0,20.0,12
5,3,1,40,0,12.0,11
5,3,1,41,0,11.0,7
5,3,1,42,0,7.0,29
5,3,1,43,0,29.0,8
5,3,1,44,0,8.0,15
5,3,1,45,0,15.0,16
5,3,1,46,0,16.0,7
5,3,1,47,0,7.0,11
5,3,1,48,0,11.0,15
5,3,1,49,0,15.0,9
5,3,1,50,1,9.0,9
5,3,1,51,1,9.0,11
5,3,1,52,1,11.0,16
5,3,1,1,1,16.0,15
5,3,1,2,0,15.0,5
5,3,1,3,0,5.0,13
5,3,1,4,0,13.0,9
5,3,1,5,0,9.0,3
5,3,1,6,1,3.0,4
5,3,1,7,1,4.0,10
5,3,1,8,1,10.0,19
5,3,1,9,1,19.0,11
5,3,1,10,1,11.0,15
5,3,1,11,1,15.0,8
5,3,1,12,1,8.0,11
5,3,1,13,1,11.0,2
5,3,1,14,0,2.0,8
5,3,1,15,0,8.0,8
5,3,1,16,0,8.0,9
5,3,1,17,0,9.0,13
5,3,1,18,0,13.0,6
5,3,1,19,0,6.0,5
5,3,1,20,0,5.0,10
5,3,1,21,0,10.0,10
5,3,1,22,0,10.0,11
5,3,1,23,0,11.0,18
5,3,1,24,0,18.0,7
5,3,1,25,0,7.0,11
5,3,1,26,0,11.0,11
5,3,1,27,0,11.0,10
5,3,1,28,0,10.0,31
5,3,1,29,0,31.0,11
5,3,1,30,1,11.0,7
5,3,1,31,1,7.0,17
5,3,1,32,0,17.0,8
5,3,1,33,0,8.0,14
5,3,1,34,0,14.0,17
5,3,1,35,0,17.0,9
5,3,1,36,0,9.0,20
5,3,1,37,0,20.0,24
5,3,1,38,0,24.0,3
5,3,1,39,0,3.0,9
5,3,1,40,0,9.0,14
5,3,1,41,0,14.0,17
5,3,1,42,0,17.0,6
5,3,1,43,0,6.0,8
5,3,1,44,0,8.0,5
5,3,1,45,0,5.0,10
5,3,1,46,0,10.0,12
5,3,1,47,0,12.0,17
5,3,1,48,0,17.0,17
5,3,1,49,0,17.0,22
5,3,1,50,1,22.0,12
5,3,1,51,1,12.0,3
5,3,1,52,1,3.0,12
5,3,1,1,1,12.0,16
5,3,1,2,0,16.0,22
5,3,1,4,0,22.0,9
5,3,1,5,0,9.0,10
5,3,1,6,0,10.0,20
5,3,1,7,1,20.0,11
5,3,1,8,1,11.0,18
5,3,1,9,0,18.0,5
5,3,1,10,1,5.0,15
5,3,1,11,1,15.0,8
5,3,1,12,1,8.0,2
5,3,1,13,1,2.0,5
5,3,1,14,1,5.0,17
5,3,1,15,0,17.0,12
5,3,1,16,0,12.0,7
5,3,1,17,0,7.0,13
5,3,1,18,0,13.0,10
5,3,1,19,0,10.0,8
5,3,1,20,0,8.0,10
5,3,1,21,0,10.0,19
5,3,1,22,0,19.0,15
5,3,1,23,0,15.0,6
5,3,1,24,0,6.0,8
5,3,1,25,0,8.0,7
5,3,1,26,0,7.0,14
5,3,1,27,0,14.0,18
5,3,1,28,0,18.0,20
5,3,1,29,0,20.0,9
5,3,1,30,1,9.0,10
5,3,1,31,1,10.0,19
5,3,1,32,0,19.0,10
5,3,1,33,0,10.0,7
5,3,1,34,0,7.0,11
5,3,1,35,0,11.0,9
5,3,1,36,0,9.0,24
5,3,1,37,0,24.0,10
5,3,1,38,0,10.0,5
5,3,1,39,0,5.0,8
5,3,1,40,0,8.0,11
5,3,1,41,0,11.0,10
5,3,1,42,0,10.0,6
5,3,1,43,0,6.0,6
5,3,1,44,0,6.0,8
5,3,1,45,0,8.0,7
5,3,1,46,0,7.0,15
5,3,1,47,0,15.0,15
5,3,1,48,0,15.0,13
5,3,1,49,0,13.0,11
5,3,1,50,0,11.0,8
5,3,1,51,1,8.0,20
5,3,1,52,1,20.0,3
5,3,1,53,1,3.0,18
5,3,1,1,1,18.0,6
5,3,1,2,0,6.0,14
5,3,1,3,0,14.0,12
5,3,1,4,0,12.0,8
5,3,1,5,0,8.0,5
5,3,1,6,1,5.0,14
5,3,1,7,1,14.0,9
5,3,1,8,0,9.0,7
5,3,1,9,1,7.0,8
5,3,1,10,1,8.0,17
5,3,1,11,1,17.0,3
5,3,1,12,1,3.0,14
5,3,1,13,1,14.0,6
5,3,1,14,0,6.0,12
5,3,1,15,0,12.0,14
5,3,1,16,0,14.0,12
5,3,1,17,0,12.0,11
5,3,1,18,0,11.0,10
5,3,1,19,0,10.0,9
5,3,1,20,0,9.0,15
5,3,1,21,0,15.0,12
5,3,1,22,0,12.0,19
5,3,1,23,0,19.0,9
5,3,1,24,0,9.0,12
5,3,1,25,0,12.0,13
5,3,1,26,0,13.0,5
5,3,1,27,0,5.0,8
5,3,1,28,0,8.0,14
5,3,1,29,1,14.0,10
5,3,1,30,1,10.0,29
5,3,1,31,0,29.0,14
5,3,1,32,0,14.0,15
5,3,1,33,0,15.0,9
5,3,1,34,0,9.0,20
5,3,1,35,0,20.0,10
5,3,1,36,0,10.0,8
5,3,1,37,0,8.0,8
5,3,1,38,0,8.0,7
5,3,1,39,0,7.0,9
5,3,1,40,0,9.0,4
5,3,1,41,0,4.0,6
5,3,1,42,0,6.0,13
5,3,1,43,0,13.0,19
5,3,1,44,0,19.0,8
5,3,1,45,0,8.0,17
5,3,1,46,0,17.0,19
5,3,1,47,0,19.0,15
5,3,1,48,0,15.0,8
5,3,1,49,0,8.0,6
5,3,1,50,1,6.0,4
5,3,1,51,1,4.0,9
5,3,1,52,1,9.0,4
5,3,1,1,1,4.0,13
5,3,1,2,0,13.0,12
5,3,1,3,0,12.0,11
5,3,1,4,0,11.0,11
5,3,1,5,0,11.0,4
5,3,1,6,1,4.0,9
5,3,1,7,1,9.0,5
5,3,1,8,0,5.0,13
5,3,1,9,1,13.0,12
5,3,1,10,1,12.0,5
5,3,1,11,1,5.0,8
5,3,1,12,1,8.0,10
5,3,1,13,1,10.0,17
5,3,1,14,0,17.0,18
5,3,1,15,0,18.0,19
5,3,1,16,0,19.0,12
5,3,1,17,0,12.0,14
5,3,1,18,0,14.0,5
5,3,1,19,0,5.0,19
5,3,1,20,0,19.0,19
5,3,1,21,0,19.0,9
5,3,1,22,0,9.0,7
5,3,1,23,0,7.0,11
5,3,1,24,0,11.0,13
5,3,1,25,0,13.0,11
5,3,1,26,0,11.0,11
5,3,1,27,0,11.0,11
5,3,1,28,0,11.0,9
5,3,1,29,1,9.0,11
5,3,1,30,1,11.0,7
5,3,1,31,0,7.0,6
5,3,1,32,0,6.0,5
5,3,1,33,0,5.0,9
5,3,1,34,0,9.0,4
5,3,1,35,0,4.0,7
5,3,1,36,0,7.0,10
5,3,1,37,0,10.0,11
5,3,1,38,0,11.0,6
5,3,1,39,0,6.0,19
5,3,1,40,0,19.0,9
5,3,1,41,0,9.0,4
5,3,1,42,0,4.0,2
5,3,1,43,0,2.0,14
5,3,1,44,0,14.0,11
5,3,1,45,0,11.0,14
5,3,1,46,0,14.0,8
5,3,1,47,0,8.0,3
5,3,1,48,0,3.0,12
5,3,1,49,0,12.0,8
5,3,1,50,1,8.0,9
5,3,1,51,1,9.0,13
5,3,1,52,1,13.0,1
5,3,1,1,1,1.0,9
5,3,1,2,0,9.0,5
5,3,1,3,0,5.0,5
5,3,1,4,0,5.0,14
5,3,1,5,0,14.0,4
5,3,1,6,1,4.0,15
5,3,1,7,1,15.0,17
5,3,1,8,0,17.0,6
5,3,1,9,1,6.0,8
5,3,1,10,1,8.0,14
5,3,1,11,1,14.0,16
5,3,1,12,1,16.0,5
5,3,1,13,1,5.0,16
5,3,1,14,0,16.0,12
5,3,1,15,0,12.0,8
5,3,1,16,0,8.0,13
5,3,1,17,0,13.0,9
5,3,1,18,0,9.0,16
5,3,1,19,0,16.0,15
5,3,1,20,0,15.0,11
5,3,1,21,0,11.0,12
5,3,1,22,0,12.0,11
5,3,1,23,0,11.0,19
5,3,1,24,0,19.0,6
5,3,1,25,0,6.0,16
5,3,1,26,0,16.0,8
5,3,1,27,0,8.0,12
5,3,1,28,0,12.0,16
5,3,1,29,1,16.0,9
5,3,1,30,1,9.0,10
5,3,1,31,1,10.0,11
5,3,1,32,0,11.0,3
5,3,1,33,0,3.0,4
5,3,1,34,0,4.0,11
5,3,1,35,0,11.0,3
5,3,1,36,0,3.0,14
5,3,1,37,0,14.0,7
5,3,1,38,0,7.0,7
5,3,1,39,0,7.0,8
5,3,1,40,0,8.0,9
5,3,1,41,0,9.0,1
5,3,1,42,0,1.0,14
5,3,1,43,0,14.0,2
5,3,1,44,0,2.0,11
5,3,1,45,0,11.0,6
5,3,1,46,0,6.0,11
5,3,1,47,0,11.0,9
5,3,1,48,0,9.0,7
5,3,1,49,0,7.0,10
5,3,1,50,1,10.0,9
5,3,1,51,1,9.0,22
5,3,1,52,1,22.0,10
5,3,1,1,1,10.0,9
5,3,1,2,0,9.0,13
5,3,1,3,0,13.0,12
5,3,1,4,0,12.0,8
5,3,1,5,0,8.0,6
5,3,1,6,1,6.0,13
5,3,1,7,1,13.0,16
5,3,1,8,0,16.0,6
5,3,1,9,1,6.0,11
5,3,1,10,1,11.0,13
5,3,1,11,1,13.0,15
5,3,1,12,1,15.0,14
5,3,1,14,0,14.0,13
5,3,1,15,0,13.0,9
5,3,1,16,0,9.0,14
5,3,1,17,0,14.0,14
5,3,1,18,0,14.0,3
5,3,1,19,0,3.0,9
5,3,1,20,0,9.0,13
5,3,1,21,0,13.0,10
5,3,1,22,0,10.0,14
5,3,1,23,0,14.0,20
5,3,1,24,0,20.0,6
5,3,1,25,0,6.0,9
5,3,1,26,0,9.0,14
5,3,1,27,0,14.0,13
5,3,1,28,0,13.0,5
5,3,1,29,0,5.0,12
5,3,1,30,1,12.0,10
5,3,1,31,0,10.0,14
5,3,1,32,0,14.0,15
5,3,1,33,0,15.0,7
5,3,1,34,0,7.0,6
5,3,1,35,0,6.0,19
5,3,1,36,0,19.0,5
5,3,1,37,0,5.0,16
5,3,1,38,0,16.0,4
5,3,1,39,0,4.0,12
5,3,1,40,0,12.0,19
5,3,1,41,0,19.0,8
5,3,1,42,0,8.0,19
5,3,1,43,0,19.0,20
5,3,1,44,0,20.0,23
5,3,1,45,0,23.0,11
5,3,1,46,0,11.0,9
5,3,1,47,0,9.0,13
5,3,1,48,0,13.0,6
5,3,1,49,0,6.0,7
5,3,1,50,1,7.0,20
5,3,1,51,1,20.0,7
5,3,1,52,1,7.0,9
5,3,1,1,1,9.0,7
5,3,1,2,0,7.0,19
5,3,1,3,0,19.0,5
5,3,1,4,0,5.0,12
5,3,1,5,0,12.0,12
5,3,1,6,0,12.0,10
5,3,1,7,1,10.0,1
5,3,1,8,1,1.0,7
5,3,1,9,1,7.0,19
5,3,1,10,1,19.0,12
5,3,1,11,1,12.0,16
5,3,1,12,1,16.0,16
5,3,1,13,1,16.0,12
5,3,1,14,0,12.0,10
5,3,1,15,0,10.0,11
5,3,1,16,0,11.0,7
5,3,1,17,0,7.0,12
5,3,1,18,0,12.0,16
5,3,1,19,0,16.0,15
5,3,1,20,0,15.0,4
5,3,1,21,0,4.0,14
5,3,1,22,0,14.0,18
5,3,1,23,0,18.0,14
5,3,1,24,0,14.0,4
5,3,1,25,0,4.0,7
5,3,1,26,0,7.0,11
5,3,1,27,0,11.0,17
5,3,1,28,0,17.0,8
5,3,1,29,0,8.0,10
5,3,1,30,1,10.0,13
5,3,1,31,1,13.0,10
5,3,1,32,0,10.0,7
5,3,1,33,0,7.0,18
5,3,1,34,0,18.0,9
5,3,1,35,0,9.0,5
5,3,1,36,0,5.0,21
5,3,1,37,0,21.0,13
5,3,1,38,0,13.0,9
5,3,1,39,0,9.0,7
5,3,1,40,0,7.0,13
5,3,1,41,0,13.0,8
5,3,1,42,0,8.0,17
5,3,1,43,0,17.0,12
5,3,1,44,0,12.0,10
5,3,1,45,0,10.0,18
5,3,1,46,0,18.0,23
5,3,1,47,0,23.0,5
5,3,1,48,0,5.0,10
5,3,1,49,0,10.0,7
5,3,1,50,0,7.0,21
5,3,1,51,1,21.0,5
5,3,1,52,1,5.0,17
5,3,1,1,1,17.0,2
5,3,2,1,1,0.0,8
5,3,2,2,0,8.0,17
5,3,2,3,0,17.0,8
5,3,2,4,0,8.0,7
5,3,2,5,0,7.0,31
5,3,2,6,0,31.0,10
5,3,2,7,1,10.0,8
5,3,2,8,1,8.0,6
5,3,2,9,1,6.0,14
5,3,2,10,1,14.0,13
5,3,2,11,1,13.0,9
5,3,2,12,1,9.0,4
5,3,2,13,1,4.0,9
5,3,2,14,0,9.0,13
5,3,2,15,0,13.0,11
5,3,2,16,0,11.0,12
5,3,2,17,0,12.0,8
5,3,2,18,0,8.0,13
5,3,2,19,0,13.0,13
5,3,2,20,0,13.0,10
5,3,2,21,0,10.0,13
5,3,2,22,0,13.0,12
5,3,2,23,0,12.0,16
5,3,2,24,0,16.0,12
5,3,2,25,0,12.0,5
5,3,2,26,0,5.0,17
5,3,2,27,0,17.0,8
5,3,2,28,0,8.0,8
5,3,2,30,1,8.0,14
5,3,2,31,1,14.0,12
5,3,2,32,0,12.0,13
5,3,2,33,0,13.0,8
5,3,2,34,0,8.0,23
5,3,2,35,0,23.0,9
5,3,2,36,0,9.0,6
5,3,2,37,0,6.0,17
5,3,2,38,0,17.0,13
5,3,2,39,0,13.0,8
5,3,2,40,0,8.0,9
5,3,2,41,0,9.0,16
5,3,2,42,0,16.0,7
5,3,2,43,0,7.0,5
5,3,2,44,0,5.0,6
5,3,2,45,0,6.0,13
5,3,2,46,0,13.0,7
5,3,2,47,0,7.0,12
5,3,2,48,0,12.0,13
5,3,2,49,0,13.0,5
5,3,2,50,1,5.0,10
5,3,2,51,1,10.0,11
5,3,2,52,1,11.0,3
5,3,2,1,1,3.0,11
5,3,2,2,0,11.0,7
5,3,2,3,0,7.0,18
5,3,2,4,0,18.0,14
5,3,2,5,0,14.0,7
5,3,2,6,1,7.0,9
5,3,2,7,1,9.0,12
5,3,2,8,1,12.0,12
5,3,2,9,0,12.0,5
5,3,2,10,1,5.0,13
5,3,2,11,1,13.0,12
5,3,2,12,1,12.0,4
5,3,2,13,1,4.0,6
5,3,2,14,0,6.0,4
5,3,2,15,0,4.0,6
5,3,2,16,0,6.0,9
5,3,2,17,0,9.0,8
5,3,2,18,0,8.0,12
5,3,2,19,0,12.0,23
5,3,2,20,0,23.0,8
5,3,2,21,0,8.0,18
5,3,2,22,0,18.0,11
5,3,2,23,0,11.0,12
5,3,2,24,0,12.0,12
5,3,2,25,0,12.0,7
5,3,2,26,0,7.0,2
5,3,2,28,0,2.0,5
5,3,2,29,0,5.0,10
5,3,2,30,1,10.0,18
5,3,2,32,0,18.0,9
5,3,2,33,0,9.0,20
5,3,2,34,0,20.0,11
5,3,2,35,0,11.0,11
5,3,2,36,0,11.0,11
5,3,2,37,0,11.0,19
5,3,2,38,0,19.0,16
5,3,2,39,0,16.0,16
5,3,2,40,0,16.0,8
5,3,2,41,0,8.0,8
5,3,2,42,0,8.0,4
5,3,2,43,0,4.0,12
5,3,2,44,0,12.0,15
5,3,2,45,0,15.0,7
5,3,2,46,0,7.0,19
5,3,2,47,0,19.0,7
5,3,2,48,0,7.0,6
5,3,2,49,0,6.0,8
5,3,2,50,0,8.0,6
5,3,2,51,1,6.0,1
5,3,2,52,1,1.0,5
5,3,2,1,1,5.0,20
5,3,2,2,0,20.0,15
5,3,2,3,0,15.0,7
5,3,2,4,0,7.0,5
5,3,2,5,0,5.0,14
5,3,2,6,0,14.0,8
5,3,2,7,1,8.0,5
5,3,2,8,1,5.0,19
5,3,2,9,0,19.0,14
5,3,2,10,1,14.0,13
5,3,2,11,1,13.0,8
5,3,2,12,1,8.0,7
5,3,2,13,1,7.0,13
5,3,2,14,1,13.0,11
5,3,2,15,0,11.0,3
5,3,2,16,0,3.0,9
5,3,2,17,0,9.0,16
5,3,2,18,0,16.0,11
5,3,2,19,0,11.0,14
5,3,2,20,0,14.0,11
5,3,2,21,0,11.0,8
5,3,2,22,0,8.0,8
5,3,2,23,0,8.0,6
5,3,2,24,0,6.0,19
5,3,2,25,0,19.0,5
5,3,2,26,0,5.0,7
5,3,2,27,0,7.0,6
5,3,2,28,0,6.0,6
5,3,2,29,0,6.0,8
5,3,2,30,1,8.0,10
5,3,2,31,1,10.0,6
5,3,2,32,0,6.0,13
5,3,2,33,0,13.0,7
5,3,2,34,0,7.0,7
5,3,2,35,0,7.0,20
5,3,2,36,0,20.0,23
5,3,2,37,0,23.0,5
5,3,2,38,0,5.0,9
5,3,2,39,0,9.0,8
5,3,2,40,0,8.0,10
5,3,2,41,0,10.0,4
5,3,2,42,0,4.0,5
5,3,2,43,0,5.0,11
5,3,2,44,0,11.0,12
5,3,2,45,0,12.0,16
5,3,2,46,0,16.0,5
5,3,2,47,0,5.0,9
5,3,2,48,0,9.0,12
5,3,2,49,0,12.0,9
5,3,2,50,0,9.0,10
5,3,2,51,1,10.0,10
5,3,2,52,1,10.0,11
5,3,2,53,1,11.0,15
5,3,2,1,1,15.0,6
5,3,2,2,0,6.0,18
5,3,2,3,0,18.0,12
5,3,2,4,0,12.0,16
5,3,2,5,0,16.0,6
5,3,2,6,1,6.0,6
5,3,2,7,1,6.0,10
5,3,2,8,0,10.0,10
5,3,2,9,1,10.0,8
5,3,2,10,1,8.0,14
5,3,2,11,1,14.0,18
5,3,2,12,1,18.0,20
5,3,2,13,1,20.0,7
5,3,2,14,0,7.0,9
5,3,2,15,0,9.0,9
5,3,2,16,0,9.0,7
5,3,2,17,0,7.0,11
5,3,2,18,0,11.0,9
5,3,2,19,0,9.0,18
5,3,2,20,0,18.0,9
5,3,2,21,0,9.0,4
5,3,2,22,0,4.0,6
5,3,2,23,0,6.0,14
5,3,2,24,0,14.0,2
5,3,2,25,0,2.0,15
5,3,2,26,0,15.0,8
5,3,2,27,0,8.0,11
5,3,2,28,0,11.0,12
5,3,2,29,1,12.0,9
5,3,2,30,1,9.0,6
5,3,2,31,0,6.0,12
5,3,2,32,0,12.0,13
5,3,2,33,0,13.0,14
5,3,2,34,0,14.0,11
5,3,2,35,0,11.0,11
5,3,2,36,0,11.0,19
5,3,2,37,0,19.0,8
5,3,2,38,0,8.0,11
5,3,2,39,0,11.0,15
5,3,2,40,0,15.0,23
5,3,2,41,0,23.0,5
5,3,2,42,0,5.0,7
5,3,2,43,0,7.0,13
5,3,2,44,0,13.0,17
5,3,2,45,0,17.0,14
5,3,2,46,0,14.0,6
5,3,2,47,0,6.0,24
5,3,2,48,0,24.0,13
5,3,2,49,0,13.0,10
5,3,2,50,1,10.0,10
5,3,2,51,1,10.0,13
5,3,2,52,1,13.0,12
5,3,2,1,1,12.0,12
5,3,2,2,0,12.0,11
5,3,2,3,0,11.0,14
5,3,2,4,0,14.0,7
5,3,2,5,0,7.0,5
5,3,2,6,1,5.0,14
5,3,2,7,1,14.0,6
5,3,2,8,0,6.0,7
5,3,2,9,1,7.0,11
5,3,2,10,1,11.0,7
5,3,2,11,1,7.0,17
5,3,2,12,1,17.0,8
5,3,2,13,1,8.0,21
5,3,2,14,0,21.0,4
5,3,2,15,0,4.0,13
5,3,2,16,0,13.0,1
5,3,2,17,0,1.0,15
5,3,2,18,0,15.0,12
5,3,2,19,0,12.0,11
5,3,2,20,0,11.0,17
5,3,2,21,0,17.0,13
5,3,2,22,0,13.0,13
5,3,2,23,0,13.0,11
5,3,2,24,0,11.0,15
5,3,2,25,0,15.0,8
5,3,2,26,0,8.0,9
5,3,2,27,0,9.0,13
5,3,2,28,0,13.0,13
5,3,2,29,0,13.0,6
5,3,2,30,1,6.0,18
5,3,2,31,0,18.0,22
5,3,2,32,0,22.0,3
5,3,2,33,0,3.0,13
5,3,2,34,0,13.0,12
5,3,2,35,0,12.0,24
5,3,2,36,0,24.0,5
5,3,2,37,0,5.0,17
5,3,2,38,0,17.0,9
5,3,2,39,0,9.0,3
5,3,2,40,0,3.0,8
5,3,2,41,0,8.0,18
5,3,2,42,0,18.0,8
5,3,2,43,0,8.0,5
5,3,2,44,0,5.0,9
5,3,2,45,0,9.0,12
5,3,2,46,0,12.0,10
5,3,2,47,0,10.0,5
5,3,2,48,0,5.0,4
5,3,2,49,0,4.0,10
5,3,2,50,1,10.0,11
5,3,2,51,1,11.0,11
5,3,2,52,1,11.0,15
5,3,2,1,1,15.0,5
5,3,2,2,0,5.0,2
5,3,2,3,0,2.0,12
5,3,2,4,0,12.0,18
5,3,2,5,0,18.0,13
5,3,2,6,1,13.0,8
5,3,2,7,1,8.0,12
5,3,2,8,0,12.0,4
5,3,2,9,1,4.0,20
5,3,2,10,1,20.0,7
5,3,2,11,1,7.0,9
5,3,2,12,1,9.0,12
5,3,2,13,1,12.0,10
5,3,2,14,0,10.0,19
5,3,2,15,0,19.0,13
5,3,2,16,0,13.0,9
5,3,2,17,0,9.0,13
5,3,2,18,0,13.0,4
5,3,2,19,0,4.0,2
5,3,2,20,0,2.0,8
5,3,2,21,0,8.0,6
5,3,2,22,0,6.0,11
5,3,2,23,0,11.0,6
5,3,2,24,0,6.0,9
5,3,2,25,0,9.0,18
5,3,2,26,0,18.0,16
5,3,2,27,0,16.0,5
5,3,2,28,0,5.0,9
5,3,2,29,1,9.0,22
5,3,2,30,1,22.0,11
5,3,2,31,1,11.0,8
5,3,2,32,0,8.0,4
5,3,2,33,0,4.0,13
5,3,2,34,0,13.0,5
5,3,2,35,0,5.0,6
5,3,2,36,0,6.0,14
5,3,2,37,0,14.0,13
5,3,2,38,0,13.0,1
5,3,2,39,0,1.0,11
5,3,2,40,0,11.0,19
5,3,2,41,0,19.0,20
5,3,2,42,0,20.0,13
5,3,2,43,0,13.0,28
5,3,2,44,0,28.0,12
5,3,2,45,0,12.0,8
5,3,2,46,0,8.0,10
5,3,2,47,0,10.0,16
5,3,2,48,0,16.0,13
5,3,2,50,1,13.0,8
5,3,2,51,1,8.0,12
5,3,2,52,1,12.0,13
5,3,2,1,1,13.0,13
5,3,2,2,0,13.0,4
5,3,2,3,0,4.0,3
5,3,2,4,0,3.0,9
5,3,2,5,0,9.0,11
5,3,2,6,1,11.0,8
5,3,2,7,1,8.0,7
5,3,2,8,1,7.0,13
5,3,2,9,1,13.0,21
5,3,2,10,1,21.0,5
5,3,2,11,1,5.0,11
5,3,2,12,1,11.0,7
5,3,2,13,1,7.0,24
5,3,2,14,0,24.0,15
5,3,2,15,0,15.0,21
5,3,2,16,0,21.0,8
5,3,2,17,0,8.0,14
5,3,2,18,0,14.0,4
5,3,2,19,0,4.0,5
5,3,2,20,0,5.0,8
5,3,2,21,0,8.0,8
5,3,2,22,0,8.0,4
5,3,2,23,0,4.0,8
5,3,2,24,0,8.0,11
5,3,2,25,0,11.0,8
5,3,2,26,0,8.0,10
5,3,2,27,0,10.0,6
5,3,2,28,0,6.0,11
5,3,2,29,0,11.0,12
5,3,2,30,1,12.0,13
5,3,2,31,1,13.0,10
5,3,2,32,0,10.0,9
5,3,2,33,0,9.0,11
5,3,2,34,0,11.0,16
5,3,2,35,0,16.0,4
5,3,2,36,0,4.0,2
5,3,2,37,0,2.0,13
5,3,2,38,0,13.0,4
5,3,2,39,0,4.0,4
5,3,2,40,0,4.0,15
5,3,2,41,0,15.0,3
5,3,2,42,0,3.0,10
5,3,2,43,0,10.0,7
5,3,2,44,0,7.0,21
5,3,2,45,0,21.0,11
5,3,2,46,0,11.0,18
5,3,2,47,0,18.0,6
5,3,2,48,0,6.0,7
5,3,2,49,0,7.0,14
5,3,2,50,1,14.0,27
5,3,2,51,1,27.0,9
5,3,2,52,1,9.0,13
5,3,2,1,1,13.0,3
5,3,2,2,0,3.0,14
5,3,2,3,0,14.0,9
5,3,2,4,0,9.0,4
5,3,2,5,0,4.0,28
5,3,2,6,0,28.0,8
5,3,2,7,1,8.0,18
5,3,2,8,1,18.0,13
5,3,2,9,1,13.0,10
5,3,2,10,1,10.0,12
5,3,2,11,1,12.0,4
5,3,2,12,1,4.0,12
5,3,2,13,1,12.0,11
5,3,2,14,1,11.0,17
5,3,2,15,0,17.0,9
5,3,2,16,0,9.0,9
5,3,2,17,0,9.0,16
5,3,2,18,0,16.0,8
5,3,2,19,0,8.0,9
5,3,2,20,0,9.0,15
5,3,2,21,0,15.0,9
5,3,2,22,0,9.0,4
5,3,2,23,0,4.0,9
5,3,2,24,0,9.0,13
5,3,2,25,0,13.0,8
5,3,2,26,0,8.0,8
5,3,2,27,0,8.0,11
5,3,2,28,0,11.0,14
5,3,2,29,0,14.0,13
5,3,2,30,1,13.0,18
5,3,2,31,1,18.0,9
5,3,2,32,0,9.0,4
5,3,2,33,0,4.0,13
5,3,2,34,0,13.0,11
5,3,2,35,0,11.0,14
5,3,2,36,0,14.0,4
5,3,2,37,0,4.0,3
5,3,2,38,0,3.0,10
5,3,2,39,0,10.0,10
5,3,2,40,0,10.0,5
5,3,2,41,0,5.0,10
5,3,2,42,0,10.0,5
5,3,2,43,0,5.0,8
5,3,2,44,0,8.0,8
5,3,2,45,0,8.0,8
5,3,2,46,0,8.0,9
5,3,2,47,0,9.0,7
5,3,2,48,0,7.0,12
5,3,2,49,0,12.0,14
5,3,2,50,0,14.0,15
5,3,2,51,1,15.0,5
5,3,2,52,1,5.0,13
5,4,0,1,1,0.0,101
5,4,0,2,0,101.0,13
5,4,0,3,0,13.0,12
5,4,0,4,0,12.0,15
5,4,0,5,0,15.0,16
5,4,0,6,1,16.0,39
5,4,0,7,1,39.0,118
5,4,0,8,1,118.0,22
5,4,0,9,1,22.0,11
5,4,0,10,1,11.0,11
5,4,0,11,1,11.0,5
5,4,0,12,1,5.0,7
5,4,0,13,1,7.0,6
5,4,0,14,0,6.0,19
5,4,0,15,0,19.0,12
5,4,0,16,0,12.0,10
5,4,0,17,0,10.0,18
5,4,0,18,0,18.0,11
5,4,0,20,0,11.0,12
5,4,0,21,0,12.0,3
5,4,0,22,0,3.0,10
5,4,0,23,0,10.0,24
5,4,0,24,0,24.0,10
5,4,0,25,0,10.0,13
5,4,0,26,0,13.0,13
5,4,0,27,0,13.0,17
5,4,0,28,0,17.0,15
5,4,0,29,1,15.0,16
5,4,0,30,1,16.0,74
5,4,0,31,1,74.0,31
5,4,0,32,0,31.0,10
5,4,0,33,0,10.0,13
5,4,0,34,0,13.0,20
5,4,0,35,0,20.0,27
5,4,0,36,0,27.0,11
5,4,0,37,0,11.0,16
5,4,0,38,0,16.0,15
5,4,0,39,0,15.0,16
5,4,0,40,0,16.0,9
5,4,0,41,0,9.0,11
5,4,0,42,0,11.0,11
5,4,0,43,0,11.0,8
5,4,0,44,0,8.0,15
5,4,0,45,0,15.0,10
5,4,0,46,0,10.0,19
5,4,0,47,0,19.0,12
5,4,0,48,0,12.0,17
5,4,0,50,1,17.0,37
5,4,0,51,1,37.0,31
5,4,0,52,1,31.0,30
5,4,0,1,1,30.0,80
5,4,0,2,0,80.0,3
5,4,0,3,0,3.0,12
5,4,0,4,0,12.0,14
5,4,0,5,0,14.0,7
5,4,0,6,1,7.0,54
5,4,0,7,1,54.0,37
5,4,0,8,1,37.0,63
5,4,0,9,1,63.0,2
5,4,0,10,1,2.0,17
5,4,0,11,1,17.0,6
5,4,0,12,1,6.0,13
5,4,0,13,1,13.0,15
5,4,0,14,0,15.0,13
5,4,0,15,0,13.0,12
5,4,0,16,0,12.0,22
5,4,0,17,0,22.0,10
5,4,0,18,0,10.0,6
5,4,0,19,0,6.0,4
5,4,0,20,0,4.0,7
5,4,0,21,0,7.0,8
5,4,0,22,0,8.0,14
5,4,0,23,0,14.0,14
5,4,0,24,0,14.0,15
5,4,0,25,0,15.0,2
5,4,0,26,0,2.0,9
5,4,0,27,0,9.0,10
5,4,0,28,0,10.0,11
5,4,0,29,0,11.0,15
5,4,0,30,1,15.0,60
5,4,0,31,1,60.0,30
5,4,0,32,0,30.0,11
5,4,0,33,0,11.0,13
5,4,0,34,0,13.0,4
5,4,0,35,0,4.0,12
5,4,0,36,0,12.0,13
5,4,0,37,0,13.0,11
5,4,0,38,0,11.0,5
5,4,0,39,0,5.0,12
5,4,0,40,0,12.0,5
5,4,0,41,0,5.0,10
5,4,0,42,0,10.0,5
5,4,0,43,0,5.0,6
5,4,0,44,0,6.0,5
5,4,0,45,0,5.0,14
5,4,0,46,0,14.0,9
5,4,0,47,0,9.0,14
5,4,0,48,0,14.0,3
5,4,0,49,0,3.0,8
5,4,0,50,1,8.0,28
5,4,0,51,1,28.0,60
5,4,0,52,1,60.0,61
5,4,0,1,1,61.0,23
5,4,0,2,0,23.0,8
5,4,0,3,0,8.0,6
5,4,0,4,0,6.0,3
5,4,0,5,0,3.0,10
5,4,0,6,0,10.0,9
5,4,0,7,1,9.0,142
5,4,0,8,1,142.0,43
5,4,0,9,1,43.0,10
5,4,0,10,1,10.0,4
5,4,0,11,1,4.0,16
5,4,0,12,1,16.0,9
5,4,0,13,1,9.0,11
5,4,0,14,1,11.0,1
5,4,0,15,0,1.0,9
5,4,0,16,0,9.0,14
5,4,0,17,0,14.0,2
5,4,0,18,0,2.0,18
5,4,0,19,0,18.0,11
5,4,0,20,0,11.0,10
5,4,0,21,0,10.0,14
5,4,0,22,0,14.0,13
5,4,0,23,0,13.0,15
5,4,0,24,0,15.0,11
5,4,0,25,0,11.0,17
5,4,0,26,0,17.0,8
5,4,0,27,0,8.0,16
5,4,0,28,0,16.0,3
5,4,0,29,0,3.0,3
5,4,0,30,0,3.0,2
5,4,0,31,1,2.0,44
5,4,0,32,0,44.0,7
5,4,0,33,0,7.0,10
5,4,0,34,0,10.0,10
5,4,0,35,0,10.0,4
5,4,0,36,0,4.0,12
5,4,0,37,0,12.0,17
5,4,0,38,0,17.0,10
5,4,0,39,0,10.0,10
5,4,0,40,0,10.0,14
5,4,0,41,0,14.0,10
5,4,0,42,0,10.0,8
5,4,0,43,0,8.0,4
5,4,0,44,0,4.0,11
5,4,0,45,0,11.0,13
5,4,0,46,0,13.0,7
5,4,0,47,0,7.0,7
5,4,0,48,0,7.0,11
5,4,0,49,0,11.0,10
5,4,0,50,0,10.0,9
5,4,0,51,1,9.0,56
5,4,0,52,1,56.0,52
5,4,0,53,1,52.0,92
5,4,0,1,1,92.0,41
5,4,0,2,0,41.0,11
5,4,0,3,0,11.0,9
5,4,0,4,0,9.0,9
5,4,0,5,0,9.0,14
5,4,0,6,1,14.0,129
5,4,0,7,1,129.0,78
5,4,0,8,0,78.0,7
5,4,0,9,1,7.0,9
5,4,0,10,1,9.0,16
5,4,0,11,1,16.0,14
5,4,0,12,1,14.0,14
5,4,0,13,1,14.0,5
5,4,0,14,0,5.0,4
5,4,0,15,0,4.0,6
5,4,0,16,0,6.0,22
5,4,0,17,0,22.0,12
5,4,0,18,0,12.0,6
5,4,0,19,0,6.0,14
5,4,0,20,0,14.0,14
5,4,0,21,0,14.0,7
5,4,0,22,0,7.0,10
5,4,0,23,0,10.0,21
5,4,0,24,0,21.0,12
5,4,0,25,0,12.0,17
5,4,0,26,0,17.0,18
5,4,0,27,0,18.0,10
5,4,0,28,0,10.0,13
5,4,0,29,1,13.0,37
5,4,0,30,1,37.0,43
5,4,0,31,0,43.0,12
5,4,0,32,0,12.0,14
5,4,0,33,0,14.0,7
5,4,0,34,0,7.0,13
5,4,0,35,0,13.0,12
5,4,0,36,0,12.0,8
5,4,0,37,0,8.0,10
5,4,0,38,0,10.0,11
5,4,0,39,0,11.0,19
5,4,0,40,0,19.0,3
5,4,0,41,0,3.0,6
5,4,0,42,0,6.0,8
5,4,0,43,0,8.0,9
5,4,0,44,0,9.0,26
5,4,0,45,0,26.0,13
5,4,0,46,0,13.0,12
5,4,0,47,0,12.0,14
5,4,0,48,0,14.0,11
5,4,0,49,0,11.0,11
5,4,0,50,1,11.0,36
5,4,0,51,1,36.0,19
5,4,0,52,1,19.0,67
5,4,0,1,1,67.0,68
5,4,0,2,0,68.0,19
5,4,0,3,0,19.0,10
5,4,0,4,0,10.0,6
5,4,0,5,0,6.0,13
5,4,0,6,1,13.0,93
5,4,0,7,1,93.0,127
5,4,0,8,0,127.0,13
5,4,0,9,1,13.0,10
5,4,0,10,1,10.0,22
5,4,0,11,1,22.0,2
5,4,0,12,1,2.0,15
5,4,0,13,1,15.0,15
5,4,0,14,0,15.0,7
5,4,0,15,0,7.0,4
5,4,0,16,0,4.0,9
5,4,0,17,0,9.0,8
5,4,0,18,0,8.0,7
5,4,0,19,0,7.0,12
5,4,0,20,0,12.0,4
5,4,0,21,0,4.0,5
5,4,0,22,0,5.0,3
5,4,0,23,0,3.0,16
5,4,0,24,0,16.0,11
5,4,0,25,0,11.0,15
5,4,0,26,0,15.0,12
5,4,0,27,0,12.0,5
5,4,0,28,0,5.0,7
5,4,0,29,1,7.0,47
5,4,0,30,1,47.0,120
5,4,0,31,0,120.0,6
5,4,0,32,0,6.0,4
5,4,0,33,0,4.0,13
5,4,0,34,0,13.0,13
5,4,0,35,0,13.0,15
5,4,0,36,0,15.0,16
5,4,0,37,0,16.0,8
5,4,0,38,0,8.0,9
5,4,0,39,0,9.0,11
5,4,0,40,0,11.0,6
5,4,0,41,0,6.0,7
5,4,0,42,0,7.0,10
5,4,0,43,0,10.0,8
5,4,0,44,0,8.0,21
5,4,0,45,0,21.0,12
5,4,0,46,0,12.0,3
5,4,0,47,0,3.0,13
5,4,0,48,0,13.0,12
5,4,0,49,0,12.0,10
5,4,0,50,1,10.0,98
5,4,0,51,1,98.0,107
5,4,0,52,1,107.0,60
5,4,0,1,0,60.0,6
5,4,0,2,0,6.0,9
5,4,0,3,0,9.0,8
5,4,0,4,0,8.0,9
5,4,0,5,0,9.0,13
5,4,0,6,1,13.0,29
5,4,0,7,1,29.0,56
5,4,0,8,1,56.0,37
5,4,0,9,1,37.0,6
5,4,0,10,1,6.0,9
5,4,0,11,1,9.0,20
5,4,0,12,1,20.0,3
5,4,0,13,1,3.0,5
5,4,0,14,0,5.0,7
5,4,0,15,0,7.0,4
5,4,0,16,0,4.0,5
5,4,0,17,0,5.0,13
5,4,0,18,0,13.0,2
5,4,0,19,0,2.0,14
5,4,0,20,0,14.0,6
5,4,0,21,0,6.0,2
5,4,0,22,0,2.0,4
5,4,0,23,0,4.0,18
5,4,0,24,0,18.0,13
5,4,0,25,0,13.0,7
5,4,0,26,0,7.0,17
5,4,0,27,0,17.0,7
5,4,0,28,0,7.0,9
5,4,0,29,0,9.0,9
5,4,0,30,1,9.0,87
5,4,0,31,0,87.0,2
5,4,0,32,0,2.0,16
5,4,0,33,0,16.0,9
5,4,0,34,0,9.0,18
5,4,0,35,0,18.0,5
5,4,0,36,0,5.0,7
5,4,0,37,0,7.0,11
5,4,0,38,0,11.0,9
5,4,0,39,0,9.0,7
5,4,0,40,0,7.0,12
5,4,0,41,0,12.0,1
5,4,0,42,0,1.0,11
5,4,0,43,0,11.0,11
5,4,0,44,0,11.0,15
5,4,0,45,0,15.0,8
5,4,0,46,0,8.0,2
5,4,0,47,0,2.0,9
5,4,0,48,0,9.0,8
5,4,0,49,0,8.0,5
5,4,0,50,0,5.0,2
5,4,0,51,1,2.0,44
5,4,0,52,1,44.0,70
5,4,0,1,1,70.0,46
5,4,0,2,0,46.0,10
5,4,0,3,0,10.0,5
5,4,0,4,0,5.0,7
5,4,0,5,0,7.0,9
5,4,0,6,1,9.0,100
5,4,0,7,1,100.0,82
5,4,0,8,1,82.0,18
5,4,0,9,1,18.0,9
5,4,0,10,1,9.0,11
5,4,0,11,1,11.0,16
5,4,0,12,1,16.0,7
5,4,0,13,1,7.0,6
5,4,0,14,0,6.0,22
5,4,0,15,0,22.0,8
5,4,0,16,0,8.0,9
5,4,0,17,0,9.0,14
5,4,0,18,0,14.0,5
5,4,0,19,0,5.0,8
5,4,0,20,0,8.0,8
5,4,0,21,0,8.0,9
5,4,0,22,0,9.0,16
5,4,0,23,0,16.0,11
5,4,0,24,0,11.0,16
5,4,0,25,0,16.0,12
5,4,0,26,0,12.0,7
5,4,0,27,0,7.0,6
5,4,0,28,0,6.0,10
5,4,0,29,0,10.0,16
5,4,0,30,1,16.0,24
5,4,0,31,1,24.0,16
5,4,0,32,0,16.0,9
5,4,0,33,0,9.0,1
5,4,0,34,0,1.0,16
5,4,0,35,0,16.0,15
5,4,0,36,0,15.0,8
5,4,0,37,0,8.0,6
5,4,0,38,0,6.0,5
5,4,0,39,0,5.0,9
5,4,0,40,0,9.0,8
5,4,0,41,0,8.0,3
5,4,0,42,0,3.0,2
5,4,0,43,0,2.0,22
5,4,0,44,0,22.0,13
5,4,0,45,0,13.0,8
5,4,0,46,0,8.0,18
5,4,0,47,0,18.0,5
5,4,0,48,0,5.0,9
5,4,0,49,0,9.0,3
5,4,0,50,0,3.0,9
5,4,0,51,1,9.0,9
5,4,0,52,1,9.0,17
5,4,0,1,1,17.0,16
5,4,0,2,0,16.0,1
5,4,0,3,0,1.0,11
5,4,0,4,0,11.0,5
5,4,0,5,0,5.0,18
5,4,0,6,0,18.0,12
5,4,0,7,1,12.0,60
5,4,0,8,1,60.0,90
5,4,0,9,1,90.0,13
5,4,0,10,1,13.0,14
5,4,0,11,1,14.0,4
5,4,0,12,1,4.0,14
5,4,0,13,1,14.0,9
5,4,0,14,0,9.0,8
5,4,0,15,0,8.0,15
5,4,0,16,0,15.0,4
5,4,0,17,0,4.0,9
5,4,0,18,0,9.0,15
5,4,0,19,0,15.0,14
5,4,0,20,0,14.0,7
5,4,0,21,0,7.0,12
5,4,0,22,0,12.0,8
5,4,0,23,0,8.0,10
5,4,0,24,0,10.0,19
5,4,0,25,0,19.0,10
5,4,0,26,0,10.0,20
5,4,0,27,0,20.0,8
5,4,0,28,0,8.0,8
5,4,0,29,0,8.0,15
5,4,0,30,0,15.0,3
5,4,0,31,1,3.0,44
5,4,0,32,0,44.0,21
5,4,0,33,0,21.0,13
5,4,0,34,0,13.0,6
5,4,0,35,0,6.0,4
5,4,0,36,0,4.0,10
5,4,0,37,0,10.0,8
5,4,0,38,0,8.0,16
5,4,0,39,0,16.0,11
5,4,0,40,0,11.0,20
5,4,0,41,0,20.0,5
5,4,0,42,0,5.0,17
5,4,0,43,0,17.0,9
5,4,0,44,0,9.0,13
5,4,0,45,0,13.0,16
5,4,0,46,0,16.0,6
5,4,0,47,0,6.0,7
5,4,0,48,0,7.0,9
5,4,0,49,0,9.0,12
5,4,0,50,0,12.0,13
5,4,0,51,1,13.0,91
5,4,0,52,1,91.0,43
5,4,0,1,1,43.0,34
5,4,1,1,1,0.0,57
5,4,1,2,0,57.0,12
5,4,1,3,0,12.0,9
5,4,1,4,0,9.0,20
5,4,1,5,0,20.0,10
5,4,1,6,1,10.0,102
5,4,1,7,1,102.0,96
5,4,1,8,1,96.0,30
5,4,1,9,1,30.0,8
5,4,1,10,1,8.0,13
5,4,1,11,1,13.0,13
5,4,1,12,1,13.0,10
5,4,1,13,1,10.0,13
5,4,1,14,0,13.0,5
5,4,1,15,0,5.0,4
5,4,1,16,0,4.0,22
5,4,1,17,0,22.0,8
5,4,1,18,0,8.0,6
5,4,1,19,0,6.0,9
5,4,1,20,0,9.0,8
5,4,1,21,0,8.0,12
5,4,1,22,0,12.0,12
5,4,1,23,0,12.0,7
5,4,1,24,0,7.0,3
5,4,1,25,0,3.0,9
5,4,1,26,0,9.0,14
5,4,1,27,0,14.0,10
5,4,1,28,0,10.0,11
5,4,1,29,1,11.0,20
5,4,1,30,1,20.0,42
5,4,1,31,1,42.0,12
5,4,1,32,0,12.0,8
5,4,1,33,0,8.0,15
5,4,1,34,0,15.0,3
5,4,1,35,0,3.0,3
5,4,1,36,0,3.0,14
5,4,1,37,0,14.0,12
5,4,1,38,0,12.0,18
5,4,1,39,0,18.0,21
5,4,1,40,0,21.0,8
5,4,1,41,0,8.0,5
5,4,1,42,0,5.0,14
5,4,1,43,0,14.0,3
5,4,1,44,0,3.0,16
5,4,1,45,0,16.0,15
5,4,1,46,0,15.0,9
5,4,1,47,0,9.0,16
5,4,1,48,0,16.0,25
5,4,1,49,0,25.0,6
5,4,1,50,0,6.0,8
5,4,1,51,1,8.0,51
5,4,1,52,1,51.0,53
5,4,1,1,1,53.0,67
5,4,1,2,0,67.0,13
5,4,1,3,0,13.0,8
5,4,1,4,0,8.0,11
5,4,1,5,0,11.0,10
5,4,1,6,0,10.0,1
5,4,1,7,1,1.0,101
5,4,1,8,1,101.0,30
5,4,1,9,1,30.0,9
5,4,1,10,1,9.0,13
5,4,1,11,1,13.0,16
5,4,1,12,1,16.0,18
5,4,1,13,1,18.0,16
5,4,1,14,0,16.0,5
5,4,1,15,0,5.0,23
5,4,1,16,0,23.0,7
5,4,1,17,0,7.0,9
5,4,1,18,0,9.0,19
5,4,1,19,0,19.0,7
5,4,1,20,0,7.0,2
5,4,1,21,0,2.0,10
5,4,1,22,0,10.0,16
5,4,1,23,0,16.0,15
5,4,1,24,0,15.0,3
5,4,1,25,0,3.0,6
5,4,1,26,0,6.0,5
5,4,1,27,0,5.0,6
5,4,1,28,0,6.0,21
5,4,1,29,0,21.0,12
5,4,1,30,1,12.0,92
5,4,1,31,1,92.0,69
5,4,1,32,0,69.0,3
5,4,1,33,0,3.0,4
5,4,1,34,0,4.0,4
5,4,1,35,0,4.0,20
5,4,1,36,0,20.0,4
5,4,1,37,0,4.0,16
5,4,1,38,0,16.0,14
5,4,1,39,0,14.0,11
5,4,1,40,0,11.0,10
5,4,1,41,0,10.0,11
5,4,1,42,0,11.0,7
5,4,1,43,0,7.0,14
5,4,1,44,0,14.0,10
5,4,1,45,0,10.0,16
5,4,1,46,0,16.0,16
5,4,1,47,0,16.0,7
5,4,1,48,0,7.0,17
5,4,1,49,0,17.0,18
5,4,1,50,1,18.0,16
5,4,1,51,1,16.0,42
5,4,1,52,1,42.0,87
5,4,1,1,1,87.0,44
5,4,1,2,0,44.0,11
5,4,1,3,0,11.0,17
5,4,1,4,0,17.0,4
5,4,1,5,0,4.0,1
5,4,1,6,0,1.0,17
5,4,1,7,1,17.0,64
5,4,1,8,1,64.0,73
5,4,1,9,0,73.0,14
5,4,1,10,1,14.0,11
5,4,1,11,1,11.0,4
5,4,1,12,1,4.0,9
5,4,1,13,1,9.0,3
5,4,1,14,1,3.0,10
5,4,1,15,0,10.0,6
5,4,1,16,0,6.0,14
5,4,1,17,0,14.0,4
5,4,1,18,0,4.0,12
5,4,1,19,0,12.0,13
5,4,1,20,0,13.0,10
5,4,1,21,0,10.0,6
5,4,1,22,0,6.0,8
5,4,1,23,0,8.0,9
5,4,1,24,0,9.0,5
5,4,1,25,0,5.0,14
5,4,1,26,0,14.0,5
5,4,1,27,0,5.0,19
5,4,1,28,0,19.0,7
5,4,1,29,0,7.0,8
5,4,1,30,1,8.0,61
5,4,1,31,1,61.0,11
5,4,1,32,0,11.0,14
5,4,1,33,0,14.0,12
5,4,1,34,0,12.0,14
5,4,1,35,0,14.0,5
5,4,1,36,0,5.0,9
5,4,1,37,0,9.0,18
5,4,1,38,0,18.0,5
5,4,1,39,0,5.0,12
5,4,1,40,0,12.0,15
5,4,1,41,0,15.0,28
5,4,1,42,0,28.0,11
5,4,1,43,0,11.0,4
5,4,1,44,0,4.0,4
5,4,1,45,0,4.0,13
5,4,1,46,0,13.0,10
5,4,1,47,0,10.0,9
5,4,1,48,0,9.0,8
5,4,1,49,0,8.0,14
5,4,1,50,0,14.0,15
5,4,1,51,1,15.0,62
5,4,1,52,1,62.0,25
5,4,1,53,1,25.0,57
5,4,1,1,1,57.0,22
5,4,1,2,0,22.0,23
5,4,1,3,0,23.0,8
5,4,1,4,0,8.0,14
5,4,1,5,0,14.0,10
5,4,1,6,1,10.0,68
5,4,1,7,1,68.0,100
5,4,1,8,0,100.0,14
5,4,1,9,1,14.0,11
5,4,1,10,1,11.0,21
5,4,1,11,1,21.0,8
5,4,1,12,1,8.0,15
5,4,1,13,1,15.0,12
5,4,1,14,0,12.0,11
5,4,1,15,0,11.0,8
5,4,1,16,0,8.0,9
5,4,1,17,0,9.0,15
5,4,1,18,0,15.0,9
5,4,1,19,0,9.0,14
5,4,1,20,0,14.0,20
5,4,1,21,0,20.0,14
5,4,1,22,0,14.0,6
5,4,1,23,0,6.0,16
5,4,1,24,0,16.0,18
5,4,1,25,0,18.0,6
5,4,1,26,0,6.0,18
5,4,1,27,0,18.0,21
5,4,1,28,0,21.0,6
5,4,1,29,0,6.0,2
5,4,1,30,1,2.0,49
5,4,1,31,0,49.0,5
5,4,1,32,0,5.0,10
5,4,1,33,0,10.0,14
5,4,1,34,0,14.0,9
5,4,1,35,0,9.0,5
5,4,1,36,0,5.0,12
5,4,1,37,0,12.0,10
5,4,1,38,0,10.0,9
5,4,1,39,0,9.0,14
5,4,1,40,0,14.0,7
5,4,1,41,0,7.0,6
5,4,1,42,0,6.0,14
5,4,1,43,0,14.0,16
5,4,1,44,0,16.0,12
5,4,1,45,0,12.0,5
5,4,1,46,0,5.0,13
5,4,1,47,0,13.0,12
5,4,1,48,0,12.0,12
5,4,1,49,0,12.0,17
5,4,1,50,1,17.0,33
5,4,1,51,1,33.0,98
5,4,1,52,1,98.0,27
5,4,1,1,1,27.0,24
5,4,1,2,0,24.0,14
5,4,1,3,0,14.0,7
5,4,1,4,0,7.0,8
5,4,1,5,0,8.0,3
5,4,1,6,1,3.0,17
5,4,1,7,1,17.0,77
5,4,1,8,0,77.0,11
5,4,1,9,1,11.0,13
5,4,1,10,1,13.0,17
5,4,1,11,1,17.0,14
5,4,1,12,1,14.0,13
5,4,1,13,1,13.0,10
5,4,1,14,0,10.0,8
5,4,1,15,0,8.0,25
5,4,1,16,0,25.0,14
5,4,1,17,0,14.0,13
5,4,1,18,0,13.0,14
5,4,1,19,0,14.0,4
5,4,1,20,0,4.0,21
5,4,1,21,0,21.0,3
5,4,1,22,0,3.0,1
5,4,1,23,0,1.0,8
5,4,1,24,0,8.0,8
5,4,1,25,0,8.0,11
5,4,1,26,0,11.0,7
5,4,1,27,0,7.0,7
5,4,1,28,0,7.0,7
5,4,1,29,0,7.0,13
5,4,1,30,1,13.0,45
5,4,1,31,0,45.0,11
5,4,1,32,0,11.0,12
5,4,1,33,0,12.0,10
5,4,1,34,0,10.0,9
5,4,1,35,0,9.0,2
5,4,1,36,0,2.0,13
5,4,1,37,0,13.0,7
5,4,1,38,0,7.0,14
5,4,1,39,0,14.0,13
5,4,1,40,0,13.0,10
5,4,1,41,0,10.0,3
5,4,1,42,0,3.0,15
5,4,1,43,0,15.0,7
5,4,1,44,0,7.0,9
5,4,1,45,0,9.0,10
5,4,1,46,0,10.0,8
5,4,1,47,0,8.0,17
5,4,1,48,0,17.0,12
5,4,1,49,0,12.0,10
5,4,1,50,1,10.0,49
5,4,1,51,1,49.0,100
5,4,1,52,1,100.0,21
5,4,1,1,1,21.0,41
5,4,1,2,0,41.0,15
5,4,1,3,0,15.0,10
5,4,1,4,0,10.0,14
5,4,1,5,0,14.0,19
5,4,1,6,1,19.0,17
5,4,1,7,1,17.0,111
5,4,1,8,1,111.0,17
5,4,1,9,1,17.0,9
5,4,1,10,1,9.0,7
5,4,1,11,1,7.0,13
5,4,1,12,1,13.0,16
5,4,1,13,1,16.0,13
5,4,1,14,0,13.0,9
5,4,1,15,0,9.0,7
5,4,1,16,0,7.0,8
5,4,1,17,0,8.0,3
5,4,1,18,0,3.0,7
5,4,1,19,0,7.0,19
5,4,1,20,0,19.0,4
5,4,1,21,0,4.0,16
5,4,1,22,0,16.0,7
5,4,1,23,0,7.0,13
5,4,1,24,0,13.0,4
5,4,1,25,0,4.0,13
5,4,1,27,0,13.0,14
5,4,1,28,0,14.0,2
5,4,1,29,0,2.0,4
5,4,1,30,1,4.0,91
5,4,1,31,1,91.0,23
5,4,1,32,0,23.0,11
5,4,1,33,0,11.0,16
5,4,1,34,0,16.0,12
5,4,1,35,0,12.0,11
5,4,1,36,0,11.0,23
5,4,1,37,0,23.0,6
5,4,1,38,0,6.0,11
5,4,1,39,0,11.0,14
5,4,1,40,0,14.0,12
5,4,1,41,0,12.0,14
5,4,1,42,0,14.0,14
5,4,1,43,0,14.0,17
5,4,1,44,0,17.0,7
5,4,1,45,0,7.0,7
5,4,1,46,0,7.0,16
5,4,1,47,0,16.0,10
5,4,1,48,0,10.0,3
5,4,1,49,0,3.0,16
5,4,1,50,1,16.0,24
5,4,1,51,1,24.0,131
5,4,1,52,1,131.0,49
5,4,1,1,1,49.0,45
5,4,1,2,0,45.0,8
5,4,1,3,0,8.0,3
5,4,1,4,0,3.0,8
5,4,1,5,0,8.0,9
5,4,1,6,1,9.0,27
5,4,1,7,1,27.0,91
5,4,1,8,0,91.0,3
5,4,1,9,1,3.0,16
5,4,1,10,1,16.0,10
5,4,1,11,1,10.0,3
5,4,1,12,1,3.0,9
5,4,1,13,1,9.0,15
5,4,1,14,0,15.0,5
5,4,1,15,0,5.0,11
5,4,1,16,0,11.0,13
5,4,1,17,0,13.0,8
5,4,1,18,0,8.0,15
5,4,1,19,0,15.0,14
5,4,1,20,0,14.0,8
5,4,1,21,0,8.0,14
5,4,1,22,0,14.0,7
5,4,1,23,0,7.0,10
5,4,1,24,0,10.0,16
5,4,1,25,0,16.0,6
5,4,1,26,0,6.0,9
5,4,1,27,0,9.0,10
5,4,1,28,0,10.0,16
5,4,1,29,0,16.0,7
5,4,1,30,1,7.0,85
5,4,1,31,1,85.0,12
5,4,1,32,0,12.0,14
5,4,1,33,0,14.0,13
5,4,1,34,0,13.0,17
5,4,1,35,0,17.0,13
5,4,1,36,0,13.0,9
5,4,1,37,0,9.0,13
5,4,1,38,0,13.0,11
5,4,1,39,0,11.0,10
5,4,1,40,0,10.0,8
5,4,1,41,0,8.0,8
5,4,1,42,0,8.0,20
5,4,1,43,0,20.0,7
5,4,1,44,0,7.0,10
5,4,1,45,0,10.0,13
5,4,1,46,0,13.0,4
5,4,1,47,0,4.0,8
5,4,1,48,0,8.0,10
5,4,1,49,0,10.0,5
5,4,1,50,0,5.0,9
5,4,1,51,1,9.0,65
5,4,1,52,1,65.0,70
5,4,1,1,1,70.0,135
5,4,1,2,0,135.0,22
5,4,1,3,0,22.0,9
5,4,1,4,0,9.0,14
5,4,1,5,0,14.0,20
5,4,1,6,0,20.0,13
5,4,1,7,1,13.0,121
5,4,1,8,1,121.0,33
5,4,1,9,1,33.0,10
5,4,1,10,1,10.0,20
5,4,1,11,1,20.0,17
5,4,1,12,1,17.0,12
5,4,1,13,1,12.0,19
5,4,1,14,1,19.0,10
5,4,1,15,0,10.0,12
5,4,1,16,0,12.0,3
5,4,1,17,0,3.0,11
5,4,1,18,0,11.0,5
5,4,1,19,0,5.0,7
5,4,1,20,0,7.0,12
5,4,1,21,0,12.0,7
5,4,1,22,0,7.0,9
5,4,1,23,0,9.0,7
5,4,1,24,0,7.0,4
5,4,1,25,0,4.0,7
5,4,1,26,0,7.0,13
5,4,1,27,0,13.0,7
5,4,1,28,0,7.0,22
5,4,1,29,0,22.0,5
5,4,1,30,1,5.0,69
5,4,1,31,1,69.0,29
5,4,1,32,0,29.0,14
5,4,1,33,0,14.0,15
5,4,1,34,0,15.0,9
5,4,1,35,0,9.0,17
5,4,1,36,0,17.0,7
5,4,1,37,0,7.0,18
5,4,1,38,0,18.0,1
5,4,1,39,0,1.0,10
5,4,1,40,0,10.0,10
5,4,1,41,0,10.0,22
5,4,1,42,0,22.0,20
5,4,1,43,0,20.0,6
5,4,1,44,0,6.0,4
5,4,1,45,0,4.0,8
5,4,1,46,0,8.0,20
5,4,1,47,0,20.0,13
5,4,1,48,0,13.0,3
5,4,1,49,0,3.0,12
5,4,1,50,0,12.0,10
5,4,1,51,1,10.0,109
5,4,1,52,1,109.0,83
5,4,1,1,1,83.0,13
5,4,2,1,1,0.0,32
5,4,2,2,0,32.0,8
5,4,2,3,0,8.0,27
5,4,2,4,0,27.0,7
5,4,2,5,0,7.0,13
5,4,2,6,0,13.0,3
5,4,2,7,1,3.0,120
5,4,2,8,1,120.0,45
5,4,2,9,1,45.0,13
5,4,2,10,1,13.0,5
5,4,2,11,1,5.0,10
5,4,2,12,1,10.0,9
5,4,2,13,1,9.0,2
5,4,2,14,0,2.0,7
5,4,2,15,0,7.0,14
5,4,2,16,0,14.0,13
5,4,2,17,0,13.0,16
5,4,2,18,0,16.0,9
5,4,2,19,0,9.0,5
5,4,2,20,0,5.0,9
5,4,2,21,0,9.0,12
5,4,2,22,0,12.0,3
5,4,2,23,0,3.0,24
5,4,2,24,0,24.0,8
5,4,2,25,0,8.0,5
5,4,2,26,0,5.0,5
5,4,2,27,0,5.0,5
5,4,2,28,0,5.0,7
5,4,2,29,1,7.0,23
5,4,2,30,1,23.0,41
5,4,2,31,0,41.0,4
5,4,2,32,0,4.0,15
5,4,2,33,0,15.0,13
5,4,2,34,0,13.0,10
5,4,2,35,0,10.0,6
5,4,2,36,0,6.0,12
5,4,2,37,0,12.0,14
5,4,2,38,0,14.0,5
5,4,2,39,0,5.0,8
5,4,2,40,0,8.0,9
5,4,2,41,0,9.0,13
5,4,2,42,0,13.0,4
5,4,2,43,0,4.0,21
5,4,2,44,0,21.0,7
5,4,2,45,0,7.0,7
5,4,2,46,0,7.0,9
5,4,2,47,0,9.0,12
5,4,2,48,0,12.0,8
5,4,2,49,0,8.0,11
5,4,2,50,1,11.0,26
5,4,2,51,1,26.0,82
5,4,2,52,1,82.0,47
5,4,2,1,1,47.0,62
5,4,2,2,0,62.0,4
5,4,2,3,0,4.0,18
5,4,2,4,0,18.0,16
5,4,2,5,0,16.0,18
5,4,2,6,0,18.0,4
5,4,2,7,1,4.0,61
5,4,2,8,1,61.0,114
5,4,2,9,1,114.0,11
5,4,2,10,1,11.0,7
5,4,2,11,1,7.0,16
5,4,2,12,1,16.0,9
5,4,2,13,1,9.0,11
5,4,2,14,0,11.0,13
5,4,2,15,0,13.0,13
5,4,2,16,0,13.0,12
5,4,2,17,0,12.0,5
5,4,2,18,0,5.0,12
5,4,2,19,0,12.0,10
5,4,2,20,0,10.0,12
5,4,2,21,0,12.0,17
5,4,2,23,0,17.0,10
5,4,2,24,0,10.0,3
5,4,2,25,0,3.0,12
5,4,2,26,0,12.0,16
5,4,2,27,0,16.0,14
5,4,2,28,0,14.0,16
5,4,2,29,0,16.0,15
5,4,2,30,1,15.0,89
5,4,2,31,1,89.0,25
5,4,2,32,0,25.0,16
5,4,2,33,0,16.0,9
5,4,2,34,0,9.0,9
5,4,2,35,0,9.0,19
5,4,2,36,0,19.0,5
5,4,2,37,0,5.0,14
5,4,2,38,0,14.0,7
5,4,2,39,0,7.0,12
5,4,2,40,0,12.0,6
5,4,2,41,0,6.0,28
5,4,2,42,0,28.0,16
5,4,2,43,0,16.0,8
5,4,2,44,0,8.0,10
5,4,2,45,0,10.0,16
5,4,2,46,0,16.0,6
5,4,2,47,0,6.0,8
5,4,2,48,0,8.0,18
5,4,2,49,0,18.0,9
5,4,2,50,0,9.0,10
5,4,2,51,1,10.0,46
5,4,2,52,1,46.0,46
5,4,2,1,1,46.0,48
5,4,2,2,0,48.0,20
5,4,2,3,0,20.0,9
5,4,2,4,0,9.0,14
5,4,2,5,0,14.0,16
5,4,2,6,0,16.0,9
5,4,2,7,1,9.0,34
5,4,2,8,1,34.0,22
5,4,2,9,1,22.0,13
5,4,2,10,1,13.0,9
5,4,2,11,1,9.0,19
5,4,2,12,1,19.0,6
5,4,2,13,1,6.0,9
5,4,2,14,0,9.0,4
5,4,2,15,0,4.0,20
5,4,2,16,0,20.0,14
5,4,2,17,0,14.0,10
5,4,2,18,0,10.0,2
5,4,2,19,0,2.0,4
5,4,2,20,0,4.0,12
5,4,2,21,0,12.0,4
5,4,2,22,0,4.0,5
5,4,2,23,0,5.0,10
5,4,2,24,0,10.0,18
5,4,2,25,0,18.0,10
5,4,2,26,0,10.0,17
5,4,2,27,0,17.0,11
5,4,2,28,0,11.0,8
5,4,2,29,0,8.0,9
5,4,2,30,1,9.0,56
5,4,2,31,1,56.0,49
5,4,2,32,0,49.0,14
5,4,2,33,0,14.0,3
5,4,2,34,0,3.0,4
5,4,2,35,0,4.0,8
5,4,2,36,0,8.0,2
5,4,2,37,0,2.0,10
5,4,2,38,0,10.0,12
5,4,2,39,0,12.0,15
5,4,2,40,0,15.0,14
5,4,2,41,0,14.0,14
5,4,2,42,0,14.0,23
5,4,2,43,0,23.0,6
5,4,2,44,0,6.0,3
5,4,2,45,0,3.0,9
5,4,2,46,0,9.0,20
5,4,2,47,0,20.0,11
5,4,2,48,0,11.0,2
5,4,2,49,0,2.0,18
5,4,2,50,0,18.0,12
5,4,2,51,1,12.0,68
5,4,2,53,1,68.0,70
5,4,2,1,1,70.0,36
5,4,2,2,0,36.0,14
5,4,2,3,0,14.0,13
5,4,2,4,0,13.0,14
5,4,2,5,0,14.0,4
5,4,2,6,1,4.0,60
5,4,2,7,1,60.0,95
5,4,2,8,0,95.0,11
5,4,2,10,1,11.0,8
5,4,2,11,1,8.0,10
5,4,2,12,1,10.0,6
5,4,2,13,1,6.0,9
5,4,2,14,0,9.0,19
5,4,2,15,0,19.0,9
5,4,2,16,0,9.0,17
5,4,2,17,0,17.0,7
5,4,2,18,0,7.0,13
5,4,2,19,0,13.0,8
5,4,2,20,0,8.0,12
5,4,2,21,0,12.0,9
5,4,2,22,0,9.0,8
5,4,2,23,0,8.0,11
5,4,2,24,0,11.0,6
5,4,2,25,0,6.0,10
5,4,2,26,0,10.0,12
5,4,2,27,0,12.0,6
5,4,2,28,0,6.0,3
5,4,2,29,1,3.0,15
5,4,2,30,1,15.0,54
5,4,2,31,0,54.0,5
5,4,2,32,0,5.0,7
5,4,2,33,0,7.0,11
5,4,2,34,0,11.0,18
5,4,2,35,0,18.0,9
5,4,2,36,0,9.0,9
5,4,2,37,0,9.0,12
5,4,2,38,0,12.0,9
5,4,2,39,0,9.0,4
5,4,2,40,0,4.0,12
5,4,2,41,0,12.0,13
5,4,2,42,0,13.0,11
5,4,2,43,0,11.0,11
5,4,2,44,0,11.0,14
5,4,2,45,0,14.0,8
5,4,2,46,0,8.0,12
5,4,2,47,0,12.0,16
5,4,2,48,0,16.0,4
5,4,2,49,0,4.0,4
5,4,2,50,1,4.0,88
5,4,2,51,1,88.0,90
5,4,2,52,1,90.0,39
5,4,2,1,1,39.0,16
5,4,2,2,0,16.0,18
5,4,2,3,0,18.0,8
5,4,2,4,0,8.0,13
5,4,2,5,0,13.0,2
5,4,2,6,1,2.0,94
5,4,2,8,0,94.0,24
5,4,2,9,1,24.0,5
5,4,2,10,1,5.0,14
5,4,2,11,1,14.0,18
5,4,2,12,1,18.0,13
5,4,2,13,1,13.0,15
5,4,2,14,0,15.0,11
5,4,2,15,0,11.0,9
5,4,2,16,0,9.0,7
5,4,2,17,0,7.0,16
5,4,2,18,0,16.0,1
5,4,2,19,0,1.0,6
5,4,2,20,0,6.0,13
5,4,2,21,0,13.0,5
5,4,2,22,0,5.0,14
5,4,2,23,0,14.0,13
5,4,2,24,0,13.0,4
5,4,2,25,0,4.0,3
5,4,2,26,0,3.0,12
5,4,2,27,0,12.0,11
5,4,2,28,0,11.0,21
5,4,2,29,1,21.0,10
5,4,2,30,1,10.0,8
5,4,2,31,0,8.0,7
5,4,2,32,0,7.0,10
5,4,2,33,0,10.0,10
5,4,2,34,0,10.0,8
5,4,2,35,0,8.0,6
5,4,2,36,0,6.0,6
5,4,2,37,0,6.0,7
5,4,2,38,0,7.0,10
5,4,2,39,0,10.0,7
5,4,2,40,0,7.0,7
5,4,2,41,0,7.0,17
5,4,2,42,0,17.0,6
5,4,2,43,0,6.0,11
5,4,2,44,0,11.0,12
5,4,2,45,0,12.0,9
5,4,2,46,0,9.0,5
5,4,2,47,0,5.0,14
5,4,2,48,0,14.0,10
5,4,2,49,0,10.0,10
5,4,2,50,0,10.0,5
5,4,2,51,1,5.0,73
5,4,2,52,1,73.0,87
5,4,2,1,1,87.0,46
5,4,2,2,0,46.0,8
5,4,2,3,0,8.0,6
5,4,2,4,0,6.0,5
5,4,2,5,0,5.0,8
5,4,2,6,1,8.0,38
5,4,2,7,1,38.0,60
5,4,2,8,0,60.0,8
5,4,2,9,0,8.0,3
5,4,2,10,1,3.0,3
5,4,2,11,1,3.0,20
5,4,2,12,1,20.0,15
5,4,2,13,1,15.0,13
5,4,2,14,0,13.0,7
5,4,2,15,0,7.0,13
5,4,2,16,0,13.0,10
5,4,2,17,0,10.0,9
5,4,2,18,0,9.0,13
5,4,2,19,0,13.0,11
5,4,2,20,0,11.0,10
5,4,2,21,0,10.0,12
5,4,2,22,0,12.0,20
5,4,2,23,0,20.0,8
5,4,2,24,0,8.0,8
5,4,2,25,0,8.0,16
5,4,2,26,0,16.0,8
5,4,2,27,0,8.0,7
5,4,2,28,0,7.0,17
5,4,2,29,1,17.0,28
5,4,2,30,1,28.0,91
5,4,2,31,1,91.0,23
5,4,2,32,0,23.0,8
5,4,2,33,0,8.0,11
5,4,2,34,0,11.0,7
5,4,2,35,0,7.0,26
5,4,2,36,0,26.0,7
5,4,2,37,0,7.0,4
5,4,2,38,0,4.0,13
5,4,2,39,0,13.0,8
5,4,2,40,0,8.0,27
5,4,2,41,0,27.0,17
5,4,2,42,0,17.0,9
5,4,2,43,0,9.0,9
5,4,2,44,0,9.0,32
5,4,2,45,0,32.0,10
5,4,2,46,0,10.0,10
5,4,2,47,0,10.0,11
5,4,2,48,0,11.0,5
5,4,2,49,0,5.0,4
5,4,2,50,1,4.0,32
5,4,2,51,1,32.0,71
5,4,2,52,1,71.0,71
5,4,2,1,1,71.0,58
5,4,2,2,0,58.0,9
5,4,2,3,0,9.0,8
5,4,2,4,0,8.0,5
5,4,2,5,0,5.0,9
5,4,2,6,0,9.0,8
5,4,2,7,1,8.0,49
5,4,2,8,1,49.0,63
5,4,2,9,1,63.0,6
5,4,2,10,1,6.0,10
5,4,2,11,1,10.0,11
5,4,2,12,1,11.0,21
5,4,2,13,1,21.0,9
5,4,2,14,0,9.0,12
5,4,2,15,0,12.0,23
5,4,2,16,0,23.0,11
5,4,2,17,0,11.0,11
5,4,2,18,0,11.0,11
5,4,2,19,0,11.0,17
5,4,2,20,0,17.0,21
5,4,2,21,0,21.0,11
5,4,2,22,0,11.0,4
5,4,2,23,0,4.0,4
5,4,2,24,0,4.0,13
5,4,2,25,0,13.0,14
5,4,2,26,0,14.0,9
5,4,2,27,0,9.0,8
5,4,2,28,0,8.0,15
5,4,2,29,0,15.0,19
5,4,2,30,1,19.0,74
5,4,2,31,1,74.0,24
5,4,2,32,0,24.0,5
5,4,2,33,0,5.0,10
5,4,2,34,0,10.0,7
5,4,2,35,0,7.0,12
5,4,2,36,0,12.0,13
5,4,2,37,0,13.0,10
5,4,2,38,0,10.0,5
5,4,2,39,0,5.0,15
5,4,2,40,0,15.0,15
5,4,2,41,0,15.0,14
5,4,2,42,0,14.0,11
5,4,2,43,0,11.0,16
5,4,2,44,0,16.0,14
5,4,2,45,0,14.0,6
5,4,2,46,0,6.0,7
5,4,2,47,0,7.0,3
5,4,2,48,0,3.0,11
5,4,2,49,0,11.0,14
5,4,2,50,1,14.0,26
5,4,2,51,1,26.0,48
5,4,2,52,1,48.0,47
5,4,2,1,1,47.0,43
5,4,2,2,0,43.0,13
5,4,2,3,0,13.0,14
5,4,2,4,0,14.0,13
5,4,2,5,0,13.0,8
5,4,2,6,0,8.0,9
5,4,2,7,1,9.0,85
5,4,2,8,1,85.0,65
5,4,2,9,0,65.0,6
5,4,2,10,1,6.0,18
5,4,2,11,1,18.0,10
5,4,2,12,1,10.0,15
5,4,2,13,1,15.0,13
5,4,2,14,1,13.0,18
5,4,2,15,0,18.0,11
5,4,2,16,0,11.0,8
5,4,2,17,0,8.0,7
5,4,2,18,0,7.0,14
5,4,2,20,0,14.0,19
5,4,2,21,0,19.0,11
5,4,2,22,0,11.0,13
5,4,2,23,0,13.0,7
5,4,2,24,0,7.0,2
5,4,2,25,0,2.0,1
5,4,2,26,0,1.0,13
5,4,2,27,0,13.0,16
5,4,2,28,0,16.0,10
5,4,2,29,0,10.0,12
5,4,2,30,1,12.0,83
5,4,2,31,1,83.0,41
5,4,2,32,0,41.0,6
5,4,2,33,0,6.0,7
5,4,2,34,0,7.0,10
5,4,2,35,0,10.0,9
5,4,2,36,0,9.0,12
5,4,2,37,0,12.0,8
5,4,2,38,0,8.0,2
5,4,2,39,0,2.0,10
5,4,2,40,0,10.0,12
5,4,2,41,0,12.0,7
5,4,2,42,0,7.0,5
5,4,2,43,0,5.0,10
5,4,2,44,0,10.0,12
5,4,2,45,0,12.0,7
5,4,2,46,0,7.0,16
5,4,2,47,0,16.0,7
5,4,2,48,0,7.0,18
5,4,2,49,0,18.0,6
5,4,2,50,0,6.0,6
5,4,2,51,1,6.0,24
5,4,2,52,1,24.0,64
5,4,2,1,1,64.0,12
5,5,0,1,1,0.0,50
5,5,0,2,0,50.0,13
5,5,0,3,0,13.0,15
5,5,0,4,0,15.0,11
5,5,0,5,0,11.0,13
5,5,0,6,1,13.0,15
5,5,0,7,1,15.0,3
5,5,0,8,0,3.0,17
5,5,0,9,0,17.0,8
5,5,0,10,1,8.0,3
5,5,0,11,1,3.0,16
5,5,0,12,1,16.0,7
5,5,0,13,1,7.0,7
5,5,0,14,0,7.0,6
5,5,0,15,0,6.0,11
5,5,0,16,0,11.0,10
5,5,0,17,0,10.0,11
5,5,0,18,0,11.0,3
5,5,0,19,0,3.0,17
5,5,0,20,0,17.0,14
5,5,0,21,0,14.0,12
5,5,0,22,0,12.0,14
5,5,0,23,0,14.0,14
5,5,0,24,0,14.0,7
5,5,0,25,0,7.0,7
5,5,0,26,0,7.0,11
5,5,0,27,0,11.0,12
5,5,0,28,0,12.0,12
5,5,0,29,0,12.0,15
5,5,0,30,1,15.0,11
5,5,0,31,1,11.0,17
5,5,0,32,0,17.0,6
5,5,0,33,0,6.0,16
5,5,0,34,0,16.0,6
5,5,0,35,0,6.0,14
5,5,0,36,0,14.0,16
5,5,0,37,0,16.0,15
5,5,0,38,0,15.0,16
5,5,0,39,0,16.0,16
5,5,0,40,0,16.0,11
5,5,0,41,0,11.0,7
5,5,0,42,0,7.0,11
5,5,0,43,0,11.0,18
5,5,0,44,0,18.0,6
5,5,0,45,0,6.0,5
5,5,0,46,0,5.0,17
5,5,0,47,0,17.0,16
5,5,0,48,0,16.0,9
5,5,0,49,0,9.0,8
5,5,0,50,0,8.0,12
5,5,0,51,1,12.0,29
5,5,0,52,1,29.0,39
5,5,0,1,1,39.0,55
5,5,0,2,0,55.0,10
5,5,0,3,0,10.0,20
5,5,0,4,0,20.0,15
5,5,0,5,0,15.0,18
5,5,0,6,0,18.0,7
5,5,0,7,1,7.0,16
5,5,0,8,1,16.0,13
5,5,0,9,1,13.0,5
5,5,0,10,1,5.0,14
5,5,0,11,1,14.0,9
5,5,0,12,1,9.0,10
5,5,0,13,1,10.0,14
5,5,0,14,0,14.0,9
5,5,0,15,0,9.0,13
5,5,0,16,0,13.0,7
5,5,0,17,0,7.0,9
5,5,0,18,0,9.0,2
5,5,0,19,0,2.0,7
5,5,0,20,0,7.0,10
5,5,0,21,0,10.0,1
5,5,0,22,0,1.0,13
5,5,0,23,0,13.0,18
5,5,0,24,0,18.0,6
5,5,0,25,0,6.0,15
5,5,0,26,0,15.0,2
5,5,0,27,0,2.0,5
5,5,0,28,0,5.0,7
5,5,0,29,0,7.0,9
5,5,0,30,1,9.0,12
5,5,0,31,1,12.0,11
5,5,0,32,0,11.0,14
5,5,0,33,0,14.0,10
5,5,0,34,0,10.0,8
5,5,0,35,0,8.0,13
5,5,0,36,0,13.0,18
5,5,0,37,0,18.0,10
5,5,0,38,0,10.0,9
5,5,0,39,0,9.0,15
5,5,0,40,0,15.0,16
5,5,0,41,0,16.0,7
5,5,0,42,0,7.0,10
5,5,0,43,0,10.0,4
5,5,0,44,0,4.0,7
5,5,0,45,0,7.0,5
5,5,0,46,0,5.0,3
5,5,0,47,0,3.0,5
5,5,0,48,0,5.0,13
5,5,0,49,0,13.0,5
5,5,0,50,0,5.0,10
5,5,0,51,1,10.0,61
5,5,0,52,1,61.0,43
5,5,0,1,1,43.0,130
5,5,0,2,0,130.0,12
5,5,0,3,0,12.0,15
5,5,0,4,0,15.0,5
5,5,0,5,0,5.0,11
5,5,0,6,0,11.0,7
5,5,0,7,1,7.0,10
5,5,0,8,1,10.0,11
5,5,0,9,0,11.0,11
5,5,0,10,1,11.0,17
5,5,0,11,1,17.0,9
5,5,0,12,1,9.0,17
5,5,0,13,1,17.0,8
5,5,0,14,0,8.0,17
5,5,0,15,0,17.0,9
5,5,0,16,0,9.0,12
5,5,0,17,0,12.0,7
5,5,0,18,0,7.0,18
5,5,0,19,0,18.0,8
5,5,0,20,0,8.0,8
5,5,0,21,0,8.0,2
5,5,0,22,0,2.0,14
5,5,0,23,0,14.0,13
5,5,0,24,0,13.0,6
5,5,0,25,0,6.0,7
5,5,0,26,0,7.0,12
5,5,0,27,0,12.0,8
5,5,0,28,0,8.0,2
5,5,0,29,0,2.0,16
5,5,0,30,1,16.0,11
5,5,0,31,1,11.0,11
5,5,0,32,0,11.0,18
5,5,0,33,0,18.0,5
5,5,0,34,0,5.0,8
5,5,0,35,0,8.0,12
5,5,0,36,0,12.0,8
5,5,0,37,0,8.0,5
5,5,0,38,0,5.0,21
5,5,0,39,0,21.0,9
5,5,0,40,0,9.0,7
5,5,0,41,0,7.0,9
5,5,0,42,0,9.0,19
5,5,0,43,0,19.0,10
5,5,0,44,0,10.0,6
5,5,0,45,0,6.0,8
5,5,0,46,0,8.0,19
5,5,0,47,0,19.0,11
5,5,0,48,0,11.0,3
5,5,0,49,0,3.0,4
5,5,0,50,0,4.0,12
5,5,0,51,1,12.0,72
5,5,0,52,1,72.0,20
5,5,0,53,1,20.0,23
5,5,0,1,1,23.0,14
5,5,0,2,0,14.0,11
5,5,0,3,0,11.0,14
5,5,0,4,0,14.0,5
5,5,0,5,0,5.0,16
5,5,0,6,1,16.0,6
5,5,0,7,1,6.0,9
5,5,0,8,0,9.0,15
5,5,0,9,1,15.0,13
5,5,0,10,1,13.0,8
5,5,0,11,1,8.0,4
5,5,0,12,1,4.0,20
5,5,0,13,1,20.0,7
5,5,0,14,0,7.0,17
5,5,0,15,0,17.0,18
5,5,0,16,0,18.0,14
5,5,0,17,0,14.0,11
5,5,0,18,0,11.0,16
5,5,0,19,0,16.0,12
5,5,0,20,0,12.0,16
5,5,0,21,0,16.0,10
5,5,0,22,0,10.0,6
5,5,0,23,0,6.0,8
5,5,0,24,0,8.0,8
5,5,0,25,0,8.0,4
5,5,0,26,0,4.0,6
5,5,0,27,0,6.0,10
5,5,0,28,0,10.0,5
5,5,0,29,1,5.0,9
5,5,0,30,1,9.0,6
5,5,0,31,0,6.0,9
5,5,0,32,0,9.0,7
5,5,0,33,0,7.0,14
5,5,0,34,0,14.0,18
5,5,0,35,0,18.0,11
5,5,0,36,0,11.0,13
5,5,0,37,0,13.0,10
5,5,0,38,0,10.0,12
5,5,0,39,0,12.0,6
5,5,0,40,0,6.0,13
5,5,0,41,0,13.0,7
5,5,0,42,0,7.0,8
5,5,0,43,0,8.0,12
5,5,0,44,0,12.0,4
5,5,0,45,0,4.0,11
5,5,0,46,0,11.0,6
5,5,0,47,0,6.0,9
5,5,0,48,0,9.0,6
5,5,0,49,0,6.0,22
5,5,0,50,1,22.0,35
5,5,0,51,1,35.0,79
5,5,0,52,1,79.0,56
5,5,0,1,1,56.0,15
5,5,0,2,0,15.0,12
5,5,0,3,0,12.0,2
5,5,0,4,0,2.0,14
5,5,0,5,0,14.0,8
5,5,0,6,1,8.0,15
5,5,0,7,1,15.0,12
5,5,0,8,0,12.0,10
5,5,0,9,1,10.0,7
5,5,0,10,1,7.0,5
5,5,0,11,1,5.0,10
5,5,0,12,1,10.0,17
5,5,0,13,1,17.0,4
5,5,0,14,0,4.0,10
5,5,0,15,0,10.0,5
5,5,0,16,0,5.0,15
5,5,0,17,0,15.0,14
5,5,0,18,0,14.0,3
5,5,0,19,0,3.0,6
5,5,0,20,0,6.0,15
5,5,0,21,0,15.0,17
5,5,0,22,0,17.0,12
5,5,0,23,0,12.0,21
5,5,0,24,0,21.0,14
5,5,0,25,0,14.0,13
5,5,0,26,0,13.0,3
5,5,0,27,0,3.0,15
5,5,0,28,0,15.0,16
5,5,0,29,1,16.0,13
5,5,0,30,1,13.0,11
5,5,0,31,0,11.0,6
5,5,0,32,0,6.0,13
5,5,0,33,0,13.0,7
5,5,0,34,0,7.0,6
5,5,0,35,0,6.0,8
5,5,0,36,0,8.0,8
5,5,0,37,0,8.0,12
5,5,0,38,0,12.0,5
5,5,0,39,0,5.0,7
5,5,0,40,0,7.0,8
5,5,0,41,0,8.0,19
5,5,0,42,0,19.0,9
5,5,0,43,0,9.0,6
5,5,0,44,0,6.0,6
5,5,0,45,0,6.0,5
5,5,0,46,0,5.0,17
5,5,0,47,0,17.0,11
5,5,0,48,0,11.0,8
5,5,0,49,0,8.0,18
5,5,0,50,1,18.0,43
5,5,0,51,1,43.0,69
5,5,0,52,1,69.0,34
5,5,0,1,1,34.0,33
5,5,0,2,0,33.0,11
5,5,0,3,0,11.0,14
5,5,0,4,0,14.0,5
5,5,0,5,0,5.0,16
5,5,0,6,1,16.0,15
5,5,0,7,1,15.0,12
5,5,0,8,0,12.0,11
5,5,0,9,1,11.0,13
5,5,0,10,1,13.0,18
5,5,0,11,1,18.0,7
5,5,0,12,1,7.0,7
5,5,0,13,1,7.0,11
5,5,0,14,0,11.0,17
5,5,0,15,0,17.0,14
5,5,0,16,0,14.0,10
5,5,0,17,0,10.0,6
5,5,0,18,0,6.0,18
5,5,0,19,0,18.0,3
5,5,0,20,0,3.0,4
5,5,0,21,0,4.0,11
5,5,0,22,0,11.0,10
5,5,0,23,0,10.0,6
5,5,0,24,0,6.0,6
5,5,0,25,0,6.0,8
5,5,0,26,0,8.0,15
5,5,0,27,0,15.0,7
5,5,0,28,0,7.0,5
5,5,0,29,1,5.0,4
5,5,0,30,1,4.0,15
5,5,0,31,1,15.0,17
5,5,0,32,0,17.0,6
5,5,0,33,0,6.0,16
5,5,0,34,0,16.0,5
5,5,0,35,0,5.0,11
5,5,0,36,0,11.0,14
5,5,0,37,0,14.0,2
5,5,0,38,0,2.0,6
5,5,0,39,0,6.0,4
5,5,0,40,0,4.0,12
5,5,0,41,0,12.0,12
5,5,0,42,0,12.0,18
5,5,0,43,0,18.0,10
5,5,0,44,0,10.0,8
5,5,0,45,0,8.0,9
5,5,0,46,0,9.0,3
5,5,0,47,0,3.0,8
5,5,0,48,0,8.0,15
5,5,0,49,0,15.0,2
5,5,0,50,1,2.0,31
5,5,0,51,1,31.0,103
5,5,0,52,1,103.0,19
5,5,0,1,1,19.0,53
5,5,0,2,0,53.0,11
5,5,0,3,0,11.0,8
5,5,0,4,0,8.0,12
5,5,0,5,0,12.0,23
5,5,0,6,1,23.0,10
5,5,0,7,1,10.0,7
5,5,0,8,1,7.0,11
5,5,0,9,1,11.0,4
5,5,0,10,1,4.0,14
5,5,0,11,1,14.0,7
5,5,0,12,1,7.0,7
5,5,0,13,1,7.0,19
5,5,0,14,0,19.0,9
5,5,0,15,0,9.0,14
5,5,0,16,0,14.0,4
5,5,0,17,0,4.0,10
5,5,0,18,0,10.0,14
5,5,0,19,0,14.0,17
5,5,0,20,0,17.0,2
5,5,0,21,0,2.0,5
5,5,0,22,0,5.0,9
5,5,0,23,0,9.0,7
5,5,0,24,0,7.0,11
5,5,0,25,0,11.0,11
5,5,0,26,0,11.0,7
5,5,0,27,0,7.0,6
5,5,0,28,0,6.0,15
5,5,0,29,0,15.0,7
5,5,0,30,1,7.0,15
5,5,0,31,1,15.0,9
5,5,0,32,0,9.0,13
5,5,0,33,0,13.0,13
5,5,0,34,0,13.0,9
5,5,0,35,0,9.0,13
5,5,0,36,0,13.0,24
5,5,0,37,0,24.0,4
5,5,0,38,0,4.0,8
5,5,0,39,0,8.0,16
5,5,0,40,0,16.0,15
5,5,0,41,0,15.0,10
5,5,0,42,0,10.0,19
5,5,0,43,0,19.0,7
5,5,0,44,0,7.0,8
5,5,0,45,0,8.0,11
5,5,0,46,0,11.0,11
5,5,0,47,0,11.0,6
5,5,0,48,0,6.0,7
5,5,0,49,0,7.0,6
5,5,0,50,1,6.0,25
5,5,0,51,1,25.0,102
5,5,0,52,1,102.0,28
5,5,0,1,1,28.0,49
5,5,0,2,0,49.0,19
5,5,0,3,0,19.0,21
5,5,0,4,0,21.0,12
5,5,0,5,0,12.0,11
5,5,0,6,0,11.0,9
5,5,0,7,1,9.0,17
5,5,0,8,1,17.0,7
5,5,0,9,1,7.0,13
5,5,0,10,1,13.0,19
5,5,0,11,1,19.0,3
5,5,0,12,1,3.0,5
5,5,0,13,1,5.0,28
5,5,0,14,1,28.0,10
5,5,0,15,0,10.0,8
5,5,0,16,0,8.0,9
5,5,0,17,0,9.0,9
5,5,0,18,0,9.0,6
5,5,0,19,0,6.0,6
5,5,0,20,0,6.0,20
5,5,0,21,0,20.0,14
5,5,0,22,0,14.0,9
5,5,0,23,0,9.0,7
5,5,0,24,0,7.0,10
5,5,0,25,0,10.0,8
5,5,0,26,0,8.0,12
5,5,0,27,0,12.0,12
5,5,0,28,0,12.0,27
5,5,0,29,0,27.0,24
5,5,0,30,1,24.0,11
5,5,0,31,1,11.0,8
5,5,0,32,0,8.0,9
5,5,0,33,0,9.0,19
5,5,0,34,0,19.0,13
5,5,0,35,0,13.0,9
5,5,0,36,0,9.0,10
5,5,0,37,0,10.0,18
5,5,0,38,0,18.0,15
5,5,0,39,0,15.0,14
5,5,0,40,0,14.0,14
5,5,0,41,0,14.0,6
5,5,0,42,0,6.0,5
5,5,0,43,0,5.0,11
5,5,0,44,0,11.0,2
5,5,0,45,0,2.0,9
5,5,0,46,0,9.0,4
5,5,0,47,0,4.0,15
5,5,0,48,0,15.0,7
5,5,0,49,0,7.0,9
5,5,0,50,0,9.0,15
5,5,0,51,1,15.0,67
5,5,0,52,1,67.0,100
5,5,0,1,1,100.0,26
5,5,1,1,1,0.0,69
5,5,1,2,0,69.0,14
5,5,1,3,0,14.0,12
5,5,1,4,0,12.0,7
5,5,1,5,0,7.0,5
5,5,1,6,1,5.0,22
5,5,1,7,1,22.0,5
5,5,1,8,1,5.0,16
5,5,1,9,1,16.0,2
5,5,1,10,1,2.0,4
5,5,1,11,1,4.0,21
5,5,1,12,1,21.0,17
5,5,1,13,1,17.0,13
5,5,1,14,0,13.0,11
5,5,1,15,0,11.0,12
5,5,1,16,0,12.0,17
5,5,1,17,0,17.0,14
5,5,1,18,0,14.0,6
5,5,1,19,0,6.0,1
5,5,1,20,0,1.0,15
5,5,1,21,0,15.0,17
5,5,1,22,0,17.0,6
5,5,1,23,0,6.0,10
5,5,1,24,0,10.0,4
5,5,1,25,0,4.0,12
5,5,1,26,0,12.0,11
5,5,1,27,0,11.0,7
5,5,1,28,0,7.0,5
5,5,1,29,1,5.0,20
5,5,1,30,1,20.0,17
5,5,1,31,1,17.0,10
5,5,1,32,0,10.0,10
5,5,1,33,0,10.0,6
5,5,1,34,0,6.0,4
5,5,1,35,0,4.0,17
5,5,1,36,0,17.0,5
5,5,1,37,0,5.0,2
5,5,1,38,0,2.0,7
5,5,1,39,0,7.0,7
5,5,1,40,0,7.0,4
5,5,1,41,0,4.0,14
5,5,1,42,0,14.0,6
5,5,1,44,0,6.0,6
5,5,1,45,0,6.0,8
5,5,1,46,0,8.0,13
5,5,1,47,0,13.0,1
5,5,1,48,0,1.0,22
5,5,1,49,0,22.0,10
5,5,1,50,0,10.0,5
5,5,1,51,1,5.0,107
5,5,1,52,1,107.0,87
5,5,1,1,1,87.0,71
5,5,1,2,0,71.0,12
5,5,1,3,0,12.0,20
5,5,1,4,0,20.0,13
5,5,1,5,0,13.0,10
5,5,1,6,0,10.0,9
5,5,1,7,1,9.0,3
5,5,1,8,1,3.0,17
5,5,1,9,1,17.0,10
5,5,1,10,1,10.0,7
5,5,1,11,1,7.0,11
5,5,1,12,1,11.0,8
5,5,1,13,1,8.0,3
5,5,1,14,0,3.0,6
5,5,1,15,0,6.0,17
5,5,1,16,0,17.0,4
5,5,1,17,0,4.0,2
5,5,1,18,0,2.0,8
5,5,1,19,0,8.0,15
5,5,1,20,0,15.0,5
5,5,1,21,0,5.0,9
5,5,1,22,0,9.0,13
5,5,1,23,0,13.0,7
5,5,1,24,0,7.0,10
5,5,1,25,0,10.0,3
5,5,1,26,0,3.0,8
5,5,1,27,0,8.0,5
5,5,1,28,0,5.0,8
5,5,1,29,0,8.0,8
5,5,1,30,1,8.0,2
5,5,1,31,1,2.0,5
5,5,1,32,0,5.0,14
5,5,1,33,0,14.0,8
5,5,1,34,0,8.0,8
5,5,1,35,0,8.0,4
5,5,1,36,0,4.0,6
5,5,1,37,0,6.0,15
5,5,1,38,0,15.0,5
5,5,1,39,0,5.0,8
5,5,1,40,0,8.0,13
5,5,1,41,0,13.0,10
5,5,1,42,0,10.0,12
5,5,1,43,0,12.0,11
5,5,1,44,0,11.0,9
5,5,1,45,0,9.0,13
5,5,1,46,0,13.0,9
5,5,1,47,0,9.0,12
5,5,1,48,0,12.0,11
5,5,1,49,0,11.0,10
5,5,1,50,0,10.0,6
5,5,1,51,1,6.0,49
5,5,1,52,1,49.0,50
5,5,1,1,1,50.0,85
5,5,1,2,0,85.0,2
5,5,1,3,0,2.0,12
5,5,1,4,0,12.0,5
5,5,1,5,0,5.0,15
5,5,1,6,0,15.0,15
5,5,1,7,1,15.0,17
5,5,1,8,1,17.0,6
5,5,1,9,1,6.0,8
5,5,1,10,1,8.0,6
5,5,1,11,1,6.0,8
5,5,1,12,1,8.0,8
5,5,1,13,1,8.0,8
5,5,1,14,0,8.0,3
5,5,1,15,0,3.0,8
5,5,1,16,0,8.0,7
5,5,1,17,0,7.0,11
5,5,1,18,0,11.0,19
5,5,1,19,0,19.0,9
5,5,1,20,0,9.0,8
5,5,1,21,0,8.0,8
5,5,1,22,0,8.0,7
5,5,1,23,0,7.0,14
5,5,1,24,0,14.0,15
5,5,1,25,0,15.0,13
5,5,1,26,0,13.0,9
5,5,1,27,0,9.0,13
5,5,1,28,0,13.0,6
5,5,1,29,0,6.0,8
5,5,1,30,1,8.0,7
5,5,1,31,1,7.0,21
5,5,1,32,0,21.0,13
5,5,1,33,0,13.0,7
5,5,1,34,0,7.0,12
5,5,1,35,0,12.0,14
5,5,1,36,0,14.0,7
5,5,1,37,0,7.0,8
5,5,1,38,0,8.0,12
5,5,1,39,0,12.0,9
5,5,1,40,0,9.0,15
5,5,1,41,0,15.0,14
5,5,1,42,0,14.0,15
5,5,1,43,0,15.0,7
5,5,1,44,0,7.0,5
5,5,1,45,0,5.0,8
5,5,1,46,0,8.0,13
5,5,1,47,0,13.0,6
5,5,1,48,0,6.0,11
5,5,1,49,0,11.0,22
5,5,1,50,0,22.0,11
5,5,1,51,1,11.0,19
5,5,1,52,1,19.0,66
5,5,1,53,1,66.0,63
5,5,1,1,0,63.0,4
5,5,1,2,0,4.0,7
5,5,1,3,0,7.0,14
5,5,1,4,0,14.0,13
5,5,1,5,0,13.0,5
5,5,1,6,1,5.0,12
5,5,1,7,1,12.0,4
5,5,1,8,0,4.0,10
5,5,1,9,1,10.0,17
5,5,1,10,1,17.0,8
5,5,1,11,1,8.0,16
5,5,1,12,1,16.0,8
5,5,1,13,1,8.0,4
5,5,1,14,0,4.0,7
5,5,1,15,0,7.0,12
5,5,1,16,0,12.0,10
5,5,1,17,0,10.0,8
5,5,1,18,0,8.0,19
5,5,1,19,0,19.0,8
5,5,1,20,0,8.0,22
5,5,1,21,0,22.0,10
5,5,1,22,0,10.0,12
5,5,1,23,0,12.0,13
5,5,1,24,0,13.0,9
5,5,1,25,0,9.0,2
5,5,1,26,0,2.0,3
5,5,1,27,0,3.0,6
5,5,1,28,0,6.0,11
5,5,1,29,1,11.0,14
5,5,1,30,1,14.0,7
5,5,1,31,0,7.0,11
5,5,1,32,0,11.0,19
5,5,1,33,0,19.0,7
5,5,1,34,0,7.0,5
5,5,1,35,0,5.0,13
5,5,1,36,0,13.0,17
5,5,1,37,0,17.0,17
5,5,1,38,0,17.0,4
5,5,1,39,0,4.0,4
5,5,1,40,0,4.0,13
5,5,1,41,0,13.0,8
5,5,1,42,0,8.0,14
5,5,1,43,0,14.0,10
5,5,1,44,0,10.0,20
5,5,1,45,0,20.0,10
5,5,1,46,0,10.0,14
5,5,1,47,0,14.0,18
5,5,1,48,0,18.0,9
5,5,1,49,0,9.0,12
5,5,1,50,1,12.0,38
5,5,1,51,1,38.0,103
5,5,1,52,1,103.0,131
5,5,1,1,1,131.0,31
5,5,1,2,0,31.0,13
5,5,1,3,0,13.0,15
5,5,1,4,0,15.0,3
5,5,1,5,0,3.0,9
5,5,1,6,1,9.0,19
5,5,1,7,1,19.0,13
5,5,1,8,0,13.0,18
5,5,1,9,1,18.0,10
5,5,1,10,1,10.0,11
5,5,1,11,1,11.0,15
5,5,1,12,1,15.0,6
5,5,1,13,1,6.0,11
5,5,1,14,0,11.0,9
5,5,1,15,0,9.0,11
5,5,1,16,0,11.0,6
5,5,1,17,0,6.0,7
5,5,1,18,0,7.0,19
5,5,1,19,0,19.0,8
5,5,1,20,0,8.0,13
5,5,1,21,0,13.0,13
5,5,1,22,0,13.0,15
5,5,1,23,0,15.0,9
5,5,1,24,0,9.0,8
5,5,1,25,0,8.0,7
5,5,1,26,0,7.0,6
5,5,1,27,0,6.0,15
5,5,1,28,0,15.0,15
5,5,1,29,1,15.0,4
5,5,1,30,1,4.0,13
5,5,1,31,0,13.0,8
5,5,1,32,0,8.0,8
5,5,1,33,0,8.0,5
5,5,1,34,0,5.0,8
5,5,1,35,0,8.0,16
5,5,1,36,0,16.0,6
5,5,1,37,0,6.0,11
5,5,1,38,0,11.0,7
5,5,1,39,0,7.0,12
5,5,1,40,0,12.0,6
5,5,1,41,0,6.0,13
5,5,1,42,0,13.0,17
5,5,1,43,0,17.0,11
5,5,1,44,0,11.0,27
5,5,1,45,0,27.0,16
5,5,1,46,0,16.0,5
5,5,1,47,0,5.0,5
5,5,1,48,0,5.0,8
5,5,1,49,0,8.0,10
5,5,1,50,0,10.0,3
5,5,1,51,1,3.0,63
5,5,1,52,1,63.0,17
5,5,1,1,1,17.0,36
5,5,1,2,0,36.0,24
5,5,1,3,0,24.0,8
5,5,1,4,0,8.0,9
5,5,1,5,0,9.0,17
5,5,1,6,0,17.0,8
5,5,1,7,1,8.0,13
5,5,1,8,0,13.0,13
5,5,1,9,1,13.0,12
5,5,1,10,1,12.0,15
5,5,1,11,1,15.0,19
5,5,1,12,1,19.0,6
5,5,1,13,1,6.0,5
5,5,1,14,0,5.0,15
5,5,1,15,0,15.0,12
5,5,1,16,0,12.0,15
5,5,1,17,0,15.0,18
5,5,1,18,0,18.0,14
5,5,1,19,0,14.0,14
5,5,1,20,0,14.0,9
5,5,1,21,0,9.0,13
5,5,1,22,0,13.0,16
5,5,1,23,0,16.0,30
5,5,1,24,0,30.0,1
5,5,1,25,0,1.0,19
5,5,1,26,0,19.0,8
5,5,1,27,0,8.0,1
5,5,1,28,0,1.0,16
5,5,1,29,1,16.0,11
5,5,1,30,1,11.0,15
5,5,1,31,0,15.0,6
5,5,1,32,0,6.0,11
5,5,1,34,0,11.0,13
5,5,1,35,0,13.0,1
5,5,1,36,0,1.0,15
5,5,1,37,0,15.0,17
5,5,1,38,0,17.0,15
5,5,1,39,0,15.0,8
5,5,1,40,0,8.0,7
5,5,1,41,0,7.0,9
5,5,1,42,0,9.0,8
5,5,1,43,0,8.0,11
5,5,1,44,0,11.0,16
5,5,1,45,0,16.0,12
5,5,1,46,0,12.0,6
5,5,1,47,0,6.0,16
5,5,1,48,0,16.0,12
5,5,1,49,0,12.0,16
5,5,1,50,1,16.0,27
5,5,1,51,1,27.0,55
5,5,1,52,1,55.0,31
5,5,1,1,1,31.0,42
5,5,1,2,0,42.0,4
5,5,1,3,0,4.0,12
5,5,1,4,0,12.0,13
5,5,1,5,0,13.0,16
5,5,1,6,1,16.0,18
5,5,1,7,1,18.0,15
5,5,1,8,1,15.0,11
5,5,1,9,1,11.0,13
5,5,1,10,1,13.0,11
5,5,1,11,1,11.0,8
5,5,1,12,1,8.0,8
5,5,1,13,1,8.0,30
5,5,1,14,0,30.0,7
5,5,1,15,0,7.0,20
5,5,1,16,0,20.0,12
5,5,1,17,0,12.0,16
5,5,1,18,0,16.0,11
5,5,1,19,0,11.0,17
5,5,1,20,0,17.0,15
5,5,1,21,0,15.0,15
5,5,1,22,0,15.0,5
5,5,1,23,0,5.0,18
5,5,1,24,0,18.0,20
5,5,1,25,0,20.0,11
5,5,1,26,0,11.0,11
5,5,1,27,0,11.0,11
5,5,1,28,0,11.0,10
5,5,1,29,0,10.0,5
5,5,1,30,1,5.0,11
5,5,1,31,1,11.0,9
5,5,1,32,0,9.0,28
5,5,1,33,0,28.0,14
5,5,1,34,0,14.0,5
5,5,1,35,0,5.0,5
5,5,1,36,0,5.0,15
5,5,1,37,0,15.0,16
5,5,1,38,0,16.0,9
5,5,1,39,0,9.0,9
5,5,1,40,0,9.0,6
5,5,1,41,0,6.0,1
5,5,1,42,0,1.0,12
5,5,1,43,0,12.0,20
5,5,1,44,0,20.0,5
5,5,1,45,0,5.0,12
5,5,1,46,0,12.0,9
5,5,1,47,0,9.0,16
5,5,1,48,0,16.0,16
5,5,1,49,0,16.0,8
5,5,1,50,1,8.0,17
5,5,1,51,1,17.0,50
5,5,1,52,1,50.0,39
5,5,1,1,1,39.0,39
5,5,1,2,0,39.0,15
5,5,1,3,0,15.0,17
5,5,1,4,0,17.0,22
5,5,1,5,0,22.0,7
5,5,1,6,0,7.0,8
5,5,1,7,1,8.0,7
5,5,1,8,1,7.0,6
5,5,1,9,1,6.0,14
5,5,1,10,1,14.0,17
5,5,1,11,1,17.0,8
5,5,1,12,1,8.0,16
5,5,1,13,1,16.0,22
5,5,1,14,0,22.0,9
5,5,1,15,0,9.0,10
5,5,1,16,0,10.0,6
5,5,1,17,0,6.0,12
5,5,1,18,0,12.0,15
5,5,1,19,0,15.0,2
5,5,1,20,0,2.0,7
5,5,1,21,0,7.0,17
5,5,1,22,0,17.0,11
5,5,1,23,0,11.0,9
5,5,1,24,0,9.0,14
5,5,1,25,0,14.0,24
5,5,1,26,0,24.0,11
5,5,1,27,0,11.0,11
5,5,1,28,0,11.0,7
5,5,1,29,0,7.0,4
5,5,1,30,1,4.0,8
5,5,1,31,1,8.0,10
5,5,1,32,0,10.0,3
5,5,1,33,0,3.0,4
5,5,1,34,0,4.0,12
5,5,1,35,0,12.0,5
5,5,1,36,0,5.0,15
5,5,1,37,0,15.0,12
5,5,1,38,0,12.0,7
5,5,1,39,0,7.0,20
5,5,1,40,0,20.0,14
5,5,1,41,0,14.0,5
5,5,1,42,0,5.0,19
5,5,1,43,0,19.0,5
5,5,1,44,0,5.0,10
5,5,1,45,0,10.0,3
5,5,1,46,0,3.0,15
5,5,1,47,0,15.0,7
5,5,1,48,0,7.0,8
5,5,1,49,0,8.0,17
5,5,1,50,0,17.0,8
5,5,1,51,1,8.0,76
5,5,1,52,1,76.0,32
5,5,1,1,1,32.0,16
5,5,2,1,1,0.0,48
5,5,2,2,0,48.0,9
5,5,2,3,0,9.0,5
5,5,2,4,0,5.0,7
5,5,2,5,0,7.0,10
5,5,2,6,0,10.0,14
5,5,2,7,1,14.0,8
5,5,2,8,1,8.0,24
5,5,2,9,1,24.0,16
5,5,2,10,1,16.0,19
5,5,2,11,1,19.0,14
5,5,2,12,1,14.0,12
5,5,2,13,1,12.0,13
5,5,2,14,0,13.0,10
5,5,2,15,0,10.0,2
5,5,2,16,0,2.0,8
5,5,2,17,0,8.0,10
5,5,2,18,0,10.0,16
5,5,2,19,0,16.0,5
5,5,2,20,0,5.0,6
5,5,2,21,0,6.0,10
5,5,2,22,0,10.0,20
5,5,2,23,0,20.0,16
5,5,2,24,0,16.0,11
5,5,2,25,0,11.0,12
5,5,2,26,0,12.0,19
5,5,2,27,0,19.0,12
5,5,2,28,0,12.0,12
5,5,2,29,0,12.0,9
5,5,2,30,1,9.0,4
5,5,2,31,0,4.0,7
5,5,2,32,0,7.0,10
5,5,2,33,0,10.0,3
5,5,2,34,0,3.0,4
5,5,2,35,0,4.0,7
5,5,2,36,0,7.0,13
5,5,2,37,0,13.0,11
5,5,2,38,0,11.0,6
5,5,2,39,0,6.0,10
5,5,2,40,0,10.0,8
5,5,2,41,0,8.0,22
5,5,2,42,0,22.0,14
5,5,2,43,0,14.0,10
5,5,2,44,0,10.0,7
5,5,2,45,0,7.0,6
5,5,2,46,0,6.0,8
5,5,2,47,0,8.0,7
5,5,2,48,0,7.0,22
5,5,2,49,0,22.0,15
5,5,2,50,1,15.0,27
5,5,2,51,1,27.0,57
5,5,2,52,1,57.0,21
5,5,2,1,1,21.0,33
5,5,2,2,0,33.0,9
5,5,2,3,0,9.0,14
5,5,2,4,0,14.0,17
5,5,2,5,0,17.0,12
5,5,2,6,1,12.0,22
5,5,2,7,1,22.0,19
5,5,2,8,1,19.0,15
5,5,2,9,1,15.0,17
5,5,2,10,1,17.0,6
5,5,2,11,1,6.0,22
5,5,2,12,1,22.0,8
5,5,2,13,1,8.0,8
5,5,2,14,0,8.0,10
5,5,2,15,0,10.0,9
5,5,2,16,0,9.0,9
5,5,2,17,0,9.0,10
5,5,2,18,0,10.0,14
5,5,2,19,0,14.0,9
5,5,2,20,0,9.0,4
5,5,2,21,0,4.0,12
5,5,2,22,0,12.0,19
5,5,2,23,0,19.0,13
5,5,2,24,0,13.0,21
5,5,2,25,0,21.0,10
5,5,2,26,0,10.0,10
5,5,2,27,0,10.0,11
5,5,2,28,0,11.0,20
5,5,2,29,0,20.0,4
5,5,2,30,1,4.0,10
5,5,2,31,1,10.0,5
5,5,2,32,0,5.0,7
5,5,2,33,0,7.0,11
5,5,2,34,0,11.0,9
5,5,2,35,0,9.0,9
5,5,2,36,0,9.0,19
5,5,2,37,0,19.0,11
5,5,2,38,0,11.0,16
5,5,2,39,0,16.0,9
5,5,2,41,0,9.0,16
5,5,2,42,0,16.0,10
5,5,2,43,0,10.0,8
5,5,2,44,0,8.0,15
5,5,2,45,0,15.0,13
5,5,2,46,0,13.0,11
5,5,2,47,0,11.0,3
5,5,2,48,0,3.0,16
5,5,2,49,0,16.0,9
5,5,2,50,1,9.0,14
5,5,2,51,1,14.0,38
5,5,2,52,1,38.0,60
5,5,2,1,1,60.0,161
5,5,2,2,0,161.0,18
5,5,2,3,0,18.0,9
5,5,2,4,0,9.0,11
5,5,2,5,0,11.0,2
5,5,2,6,0,2.0,8
5,5,2,7,1,8.0,3
5,5,2,8,1,3.0,9
5,5,2,9,1,9.0,14
5,5,2,10,1,14.0,6
5,5,2,11,1,6.0,12
5,5,2,12,1,12.0,10
5,5,2,13,1,10.0,3
5,5,2,14,1,3.0,13
5,5,2,15,0,13.0,9
5,5,2,16,0,9.0,7
5,5,2,17,0,7.0,7
5,5,2,18,0,7.0,6
5,5,2,19,0,6.0,5
5,5,2,20,0,5.0,7
5,5,2,21,0,7.0,9
5,5,2,22,0,9.0,12
5,5,2,23,0,12.0,23
5,5,2,24,0,23.0,18
5,5,2,25,0,18.0,14
5,5,2,26,0,14.0,9
5,5,2,27,0,9.0,5
5,5,2,28,0,5.0,13
5,5,2,29,0,13.0,15
5,5,2,30,1,15.0,13
5,5,2,31,1,13.0,7
5,5,2,32,0,7.0,4
5,5,2,33,0,4.0,7
5,5,2,34,0,7.0,14
5,5,2,35,0,14.0,10
5,5,2,36,0,10.0,10
5,5,2,37,0,10.0,15
5,5,2,38,0,15.0,13
5,5,2,39,0,13.0,13
5,5,2,40,0,13.0,6
5,5,2,41,0,6.0,8
5,5,2,42,0,8.0,5
5,5,2,43,0,5.0,19
5,5,2,44,0,19.0,11
5,5,2,45,0,11.0,10
5,5,2,46,0,10.0,9
5,5,2,47,0,9.0,11
5,5,2,48,0,11.0,7
5,5,2,49,0,7.0,8
5,5,2,50,0,8.0,12
5,5,2,51,1,12.0,46
5,5,2,52,1,46.0,31
5,5,2,53,1,31.0,54
5,5,2,1,1,54.0,35
5,5,2,2,0,35.0,16
5,5,2,3,0,16.0,19
5,5,2,4,0,19.0,12
5,5,2,5,0,12.0,12
5,5,2,6,1,12.0,12
5,5,2,7,1,12.0,9
5,5,2,8,0,9.0,14
5,5,2,9,1,14.0,10
5,5,2,10,1,10.0,12
5,5,2,11,1,12.0,11
5,5,2,12,1,11.0,22
5,5,2,13,1,22.0,19
5,5,2,15,0,19.0,9
5,5,2,16,0,9.0,11
5,5,2,17,0,11.0,8
5,5,2,18,0,8.0,7
5,5,2,19,0,7.0,10
5,5,2,20,0,10.0,12
5,5,2,21,0,12.0,4
5,5,2,22,0,4.0,10
5,5,2,23,0,10.0,12
5,5,2,24,0,12.0,12
5,5,2,25,0,12.0,12
5,5,2,26,0,12.0,7
5,5,2,27,0,7.0,6
5,5,2,28,0,6.0,17
5,5,2,29,1,17.0,11
5,5,2,30,1,11.0,13
5,5,2,31,0,13.0,13
5,5,2,32,0,13.0,7
5,5,2,33,0,7.0,5
5,5,2,34,0,5.0,11
5,5,2,35,0,11.0,17
5,5,2,36,0,17.0,7
5,5,2,37,0,7.0,13
5,5,2,38,0,13.0,10
5,5,2,39,0,10.0,17
5,5,2,40,0,17.0,17
5,5,2,41,0,17.0,11
5,5,2,42,0,11.0,14
5,5,2,43,0,14.0,17
5,5,2,44,0,17.0,1
5,5,2,45,0,1.0,9
5,5,2,46,0,9.0,12
5,5,2,47,0,12.0,14
5,5,2,48,0,14.0,8
5,5,2,49,0,8.0,13
5,5,2,50,1,13.0,36
5,5,2,51,1,36.0,80
5,5,2,52,1,80.0,12
5,5,2,1,1,12.0,8
5,5,2,2,0,8.0,15
5,5,2,3,0,15.0,8
5,5,2,4,0,8.0,14
5,5,2,5,0,14.0,9
5,5,2,6,1,9.0,2
5,5,2,7,1,2.0,8
5,5,2,8,0,8.0,7
5,5,2,9,1,7.0,9
5,5,2,10,1,9.0,8
5,5,2,11,1,8.0,6
5,5,2,12,1,6.0,11
5,5,2,13,1,11.0,7
5,5,2,14,0,7.0,15
5,5,2,15,0,15.0,7
5,5,2,16,0,7.0,9
5,5,2,17,0,9.0,9
5,5,2,18,0,9.0,17
5,5,2,19,0,17.0,7
5,5,2,20,0,7.0,9
5,5,2,21,0,9.0,12
5,5,2,22,0,12.0,10
5,5,2,23,0,10.0,14
5,5,2,24,0,14.0,7
5,5,2,25,0,7.0,9
5,5,2,26,0,9.0,7
5,5,2,27,0,7.0,7
5,5,2,28,0,7.0,8
5,5,2,29,1,8.0,11
5,5,2,30,1,11.0,6
5,5,2,31,0,6.0,6
5,5,2,32,0,6.0,8
5,5,2,33,0,8.0,15
5,5,2,34,0,15.0,18
5,5,2,35,0,18.0,7
5,5,2,36,0,7.0,13
5,5,2,37,0,13.0,17
5,5,2,38,0,17.0,18
5,5,2,39,0,18.0,13
5,5,2,40,0,13.0,23
5,5,2,41,0,23.0,24
5,5,2,42,0,24.0,8
5,5,2,43,0,8.0,12
5,5,2,44,0,12.0,7
5,5,2,45,0,7.0,6
5,5,2,46,0,6.0,7
5,5,2,47,0,7.0,16
5,5,2,48,0,16.0,16
5,5,2,49,0,16.0,7
5,5,2,50,1,7.0,24
5,5,2,51,1,24.0,60
5,5,2,52,1,60.0,91
5,5,2,1,1,91.0,119
5,5,2,2,0,119.0,22
5,5,2,3,0,22.0,6
5,5,2,4,0,6.0,3
5,5,2,5,0,3.0,10
5,5,2,6,1,10.0,12
5,5,2,7,1,12.0,10
5,5,2,8,1,10.0,8
5,5,2,9,1,8.0,7
5,5,2,10,1,7.0,7
5,5,2,11,1,7.0,7
5,5,2,12,1,7.0,7
5,5,2,13,1,7.0,14
5,5,2,14,0,14.0,9
5,5,2,15,0,9.0,9
5,5,2,16,0,9.0,14
5,5,2,17,0,14.0,11
5,5,2,18,0,11.0,14
5,5,2,19,0,14.0,8
5,5,2,20,0,8.0,20
5,5,2,21,0,20.0,9
5,5,2,22,0,9.0,6
5,5,2,23,0,6.0,9
5,5,2,24,0,9.0,11
5,5,2,25,0,11.0,22
5,5,2,26,0,22.0,14
5,5,2,27,0,14.0,11
5,5,2,28,0,11.0,12
5,5,2,29,1,12.0,17
5,5,2,30,1,17.0,11
5,5,2,31,1,11.0,11
5,5,2,32,0,11.0,13
5,5,2,33,0,13.0,11
5,5,2,34,0,11.0,5
5,5,2,35,0,5.0,17
5,5,2,36,0,17.0,7
5,5,2,37,0,7.0,17
5,5,2,38,0,17.0,5
5,5,2,39,0,5.0,12
5,5,2,40,0,12.0,12
5,5,2,41,0,12.0,7
5,5,2,42,0,7.0,6
5,5,2,44,0,6.0,10
5,5,2,45,0,10.0,3
5,5,2,46,0,3.0,8
5,5,2,47,0,8.0,14
5,5,2,49,0,14.0,22
5,5,2,50,1,22.0,12
5,5,2,51,1,12.0,71
5,5,2,52,1,71.0,57
5,5,2,1,1,57.0,17
5,5,2,2,0,17.0,3
5,5,2,3,0,3.0,14
5,5,2,4,0,14.0,5
5,5,2,5,0,5.0,5
5,5,2,6,0,5.0,5
5,5,2,7,1,5.0,8
5,5,2,8,1,8.0,15
5,5,2,9,1,15.0,12
5,5,2,10,1,12.0,12
5,5,2,11,1,12.0,7
5,5,2,12,1,7.0,6
5,5,2,13,1,6.0,14
5,5,2,14,0,14.0,21
5,5,2,15,0,21.0,2
5,5,2,16,0,2.0,9
5,5,2,17,0,9.0,15
5,5,2,18,0,15.0,8
5,5,2,19,0,8.0,11
5,5,2,20,0,11.0,5
5,5,2,21,0,5.0,6
5,5,2,22,0,6.0,3
5,5,2,23,0,3.0,7
5,5,2,24,0,7.0,15
5,5,2,25,0,15.0,11
5,5,2,26,0,11.0,19
5,5,2,27,0,19.0,11
5,5,2,28,0,11.0,19
5,5,2,29,0,19.0,12
5,5,2,30,1,12.0,3
5,5,2,31,1,3.0,22
5,5,2,32,0,22.0,7
5,5,2,33,0,7.0,6
5,5,2,34,0,6.0,5
5,5,2,35,0,5.0,4
5,5,2,36,0,4.0,7
5,5,2,37,0,7.0,10
5,5,2,38,0,10.0,7
5,5,2,39,0,7.0,12
5,5,2,40,0,12.0,14
5,5,2,41,0,14.0,6
5,5,2,42,0,6.0,9
5,5,2,43,0,9.0,4
5,5,2,44,0,4.0,15
5,5,2,45,0,15.0,12
5,5,2,46,0,12.0,11
5,5,2,47,0,11.0,1
5,5,2,48,0,1.0,8
5,5,2,49,0,8.0,3
5,5,2,50,1,3.0,14
5,5,2,51,1,14.0,50
5,5,2,52,1,50.0,36
5,5,2,1,1,36.0,54
5,5,2,2,0,54.0,9
5,5,2,3,0,9.0,17
5,5,2,4,0,17.0,5
5,5,2,5,0,5.0,13
5,5,2,6,0,13.0,8
5,5,2,7,1,8.0,9
5,5,2,8,1,9.0,18
5,5,2,9,1,18.0,13
5,5,2,10,1,13.0,8
5,5,2,11,1,8.0,13
5,5,2,12,1,13.0,11
5,5,2,13,1,11.0,6
5,5,2,14,0,6.0,18
5,5,2,15,0,18.0,6
5,5,2,16,0,6.0,12
5,5,2,17,0,12.0,15
5,5,2,18,0,15.0,8
5,5,2,19,0,8.0,14
5,5,2,20,0,14.0,10
5,5,2,21,0,10.0,1
5,5,2,22,0,1.0,5
5,5,2,23,0,5.0,17
5,5,2,24,0,17.0,1
5,5,2,25,0,1.0,14
5,5,2,26,0,14.0,12
5,5,2,27,0,12.0,9
5,5,2,28,0,9.0,9
5,5,2,29,0,9.0,14
5,5,2,30,1,14.0,10
5,5,2,31,1,10.0,7
5,5,2,32,0,7.0,9
5,5,2,33,0,9.0,12
5,5,2,34,0,12.0,6
5,5,2,35,0,6.0,8
5,5,2,36,0,8.0,8
5,5,2,37,0,8.0,6
5,5,2,38,0,6.0,11
5,5,2,39,0,11.0,8
5,5,2,40,0,8.0,10
5,5,2,41,0,10.0,24
5,5,2,42,0,24.0,21
5,5,2,43,0,21.0,11
5,5,2,44,0,11.0,16
5,5,2,45,0,16.0,11
5,5,2,46,0,11.0,18
5,5,2,47,0,18.0,4
5,5,2,48,0,4.0,14
5,5,2,49,0,14.0,14
5,5,2,50,0,14.0,9
5,5,2,51,1,9.0,85
5,5,2,52,1,85.0,79
5,5,2,1,1,79.0,25
